id,titre,source,date_publication,lien,resume,langue,date_ajout
236,Trump said Putin is willing to meet for peace talks - UA.NEWS,Google News — peace talks,2026-09-22T18:34:38+00:00,https://news.google.com/rss/articles/CBMinAFBVV95cUxPNVUtWEJMbVVyTlY5eExpbkp6OEZRblg4MGowcS1rc0UzRS12dHAxNkpjUFhoZEhRdl9wUmpnYXNGVHJHNThWVVhtRkJndXh3UktvVDFlSU9hYVhPSmQyRldtSTNrZFRfQXYtZ0Zya1VkZDFEeDFNa2xrMG5nY3NTV0VrWUNfZk0xQ01jTF80V0YwMG15UlE2S1FMT2s?oc=5,Trump said Putin is willing to meet for peace talks UA.NEWS,en,2026-09-22T19:03:53+00:00
232,"Trump talks peace, threatens annihilation of Iran in UNGA speech - Politico",Google News — peace talks,2026-09-22T18:06:00+00:00,https://news.google.com/rss/articles/CBMijgFBVV95cUxQanBYUW5GMEhURmVGN2Q0a2I5bHJteEx6WDY1cV9mSEMzMXlaX1hid2h4bXlsOWJwTGl2N1FaeXpFdmk2NUtrMVdYY1NvWC1oWDdIOWd6amxxOFhadjA2M0lYX1h1THNDTmRKSXFSdDI4djNGbTk3aXJrekp6dS1TVzBHZGFDREhyZ19udmFn?oc=5,"Trump talks peace, threatens annihilation of Iran in UNGA speech Politico",en,2026-09-22T19:03:53+00:00
258,"Video: Kyiv residents want peace, unsure Zelenskiy-Trump talks can deliver - livetube.tv",Google News — peace talks,2026-09-22T17:12:22+00:00,https://news.google.com/rss/articles/CBMiowFBVV95cUxQVnY2MmdvTTNnVnY1UVpmeVYxRk9fZ2RJWURnRndhWi1lNXdZSEpwQk5abk9mVEhpVHFLeUZtUTRCOWk5bUxtTFdnMDY1RVNGZnVKY0xsekhtTzZ6ZEVOdzRPOGJHdVdSbXRrck9KTXpYXzZXME1IWjFUTmtPOTI2akNMcEZBOTdWNDRpX3dRU2ZzVU4tNkdDNlVaQUtyWjEtd0ZB?oc=5,"Video: Kyiv residents want peace, unsure Zelenskiy-Trump talks can deliver livetube.tv",en,2026-09-22T19:03:53+00:00
276,"President Erdoğan voices hope for lasting peace between Azerbaijan, Armenia - trend.az",Google News — peace talks,2026-09-22T17:00:51+00:00,https://news.google.com/rss/articles/CBMiY0FVX3lxTE16NTQ5dVNxNE95cnV0Mkw0U2M4MUpsQjh2ZUdVaTRnR3pOTWJSblZ2YWR5M3F6RURIT0c5SVRjc3BqV3ZsZDVEVjVoX0tFdmZiZVo5Y0FkZUJINGlmMXpCa05JQQ?oc=5,"President Erdoğan voices hope for lasting peace between Azerbaijan, Armenia trend.az",en,2026-09-22T19:03:53+00:00
242,"Kyiv residents want peace, unsure Zelenskiy-Trump talks can deliver - Reuters",Google News — peace talks,2026-09-22T16:11:22+00:00,https://news.google.com/rss/articles/CBMiZ0FVX3lxTE84aXRzSENiT09XRVAwSU5SV2VpSUlMNnlmdVJncGtoemdaY3M0bFhvVXZqdkpvNEpfMGQ3UXFvQjNIcFRIOGlyR01PWWg4dDFJOHVSeXMwQ29IRXdlSTVtd3RaOGRXeUU?oc=5,"Kyiv residents want peace, unsure Zelenskiy-Trump talks can deliver Reuters",en,2026-09-22T19:03:53+00:00
235,Zelenskyy Seeks Global Support Amid Revived Peace Talks - 조선일보,Google News — peace talks,2026-09-22T15:52:59+00:00,https://news.google.com/rss/articles/CBMihAFBVV95cUxNeXhraU1zTjBWNUtrRDlmMmRpTHJZZ21mTjloQThoTklZNEh4R0F6LXpKV0JUNldBQTUwQXJITFpiX3QwZjlhc0FCZlJ2ZUwxNGFaRGJ2X3gwQ0hibm1qOFdFWDdBRURlQW9LM1hHQTREaW83WXBNNE1ta19GdXhUNXV4WFU?oc=5,Zelenskyy Seeks Global Support Amid Revived Peace Talks 조선일보,en,2026-09-22T19:03:53+00:00
265,Russian stocks rally as Trump-Zelensky meet-up revives peace hopes - Kursiv Media,Google News — peace talks,2026-09-22T15:51:50+00:00,https://news.google.com/rss/articles/CBMigwFBVV95cUxNaV93UmhWTlRNQlhZNWxLUjQtdEp0SUxpWDk1MkFYRFZmek5DZkZSNkRFcm5NUWZjVzViZjFpQ21yemlQTkhKWDJoaTBEQzktSFRkVGgwcmJ6YnVqZHZZOWZkNVZlNkZTbTZwYi02alJkS0dLNndOalVxNkJxWHNnZm44QQ?oc=5,Russian stocks rally as Trump-Zelensky meet-up revives peace hopes Kursiv Media,en,2026-09-22T19:03:53+00:00
251,Iran offers to reopen Strait of Hormuz if US ends blockade: ‘Golden opportunity’ - New York Post,Google News — peace talks,2026-09-22T15:16:00+00:00,https://news.google.com/rss/articles/CBMitwFBVV95cUxPbEU0LUw0UmdsbUt2SEZxby1LTUxPRGlrV0hqY1QtWFdaVVRpSUU4TmVLUU04bXJYWXpTZTJOSU41b1NNa0pjZ2puRkItS01mc1pWc1ZQa09henJlektibk1EdDNObUVmMjVQYmZWNkhGbTRRaFQyUHVwUm1rQVlwM0hSTnlwNTFKNEZhUGNLSEZUTmlWSDVZUFRZdnQtMXVsQU4teml6X0J1dDVtT2Q4emdVWXVkWTA?oc=5,Iran offers to reopen Strait of Hormuz if US ends blockade: ‘Golden opportunity’ New York Post,en,2026-09-22T19:03:53+00:00
233,"EXCLUSIVE: Standoff with Trump administration sidelines UN refugee agency deputy, sources say - Reuters",Google News — peace talks,2026-09-22T15:09:44+00:00,https://news.google.com/rss/articles/CBMiuwFBVV95cUxOM2FPQlZGM2E2UksyUktZUUJFclFmWFBRdE9lMnhxZ041WUNUcDhSRXp0bXo4OEhVYjloY3lOdWFURVoza3RwUnNGOUo1dlBPVjhEQVZ4dzc2dFJfUV9CeWx3SkU2ZWY5MUJBc29xVXdOaFZOMWhMNXJJMlFRSV90MUxEUlF5ZjV1dnJ0YTZMS2wzTW14N0Y4enVKNC1hNVNKcEw5Y2lCcDFhTTZrbl9hYVhfbUVEMTZxRldR?oc=5,"EXCLUSIVE: Standoff with Trump administration sidelines UN refugee agency deputy, sources say Reuters",en,2026-09-22T19:03:53+00:00
420,Une frappe russe fait quatre morts en Ukraine : Zelensky tente de relancer les négociations - France 24,Google Actualités — négociations de paix,2026-09-22T15:07:09+00:00,https://news.google.com/rss/articles/CBMi2gFBVV95cUxQR2NNbHQxbkJ5RERSTnJ6SXllSzFoYjJ4cHIzWHVMb2cwdVZRUWdmbTByLWRBQWZRTFcyR3k4eWVpdDhuZGNhQnl5UGp4Z2NGZkVNYmlDVEZ5MVcxLVJBUFk3bnRVeXk0andMekhRdTBpdUhlMmswSnZ5WVlTaDBiQzZtdzhUUDRZLUF1VEpTT1dmR3VYb05jS3RTRXkyUEl0UG1sMzhzcmlneUdEWEtPN3VPLUZCLWVJN1RCdENCc3BlanBueW5rYjNubGRXSmF4cmxVMEJpTWtVZw?oc=5,Une frappe russe fait quatre morts en Ukraine : Zelensky tente de relancer les négociations France 24,fr,2026-09-22T19:03:53+00:00
43,"Father & Son team SKWKY, the first AI mediator for multiple users, closes its Pre-Seed Funding...Yeehaw! - EIN Presswire",Google News — conflict mediation,2026-09-22T13:48:00+00:00,https://news.google.com/rss/articles/CBMi3AFBVV95cUxQT2NsazJuV0hnZHRLRDBoMGgyck5UMExFazF2VDhvMktlZS1qSmY1NV93WlhhaHAzUkRaWV9GWDJWT29paXBZOVowTThjYXg5TFpVbExSSlcyekc2NWE3WE95MVhFUkdIcDAxNU1Gd2dTbXktbzctbDhQUWtpNUQ4MGJaYUpaNlZyWWxfUUc3dWpXTUFGOEdjZ2FWR3Y2N3VCN3hZT0g5UzNxMkxLRW04MHM4ak5PcldvWGloMm1VZlNuVy1BNFlDdzh1ZkxMWmdldlBBRnRZNGFkQXpI?oc=5,"Father & Son team SKWKY, the first AI mediator for multiple users, closes its Pre-Seed Funding...Yeehaw! EIN Presswire",en,2026-09-22T19:03:53+00:00
259,Zelenskyy-Trump meeting in New York: Expert outlines key expectations - RBC-Ukraine,Google News — peace talks,2026-09-22T13:40:23+00:00,https://news.google.com/rss/articles/CBMimAFBVV95cUxNTjRTY0NEdUJQX2ZXbmNmN0pXMGFjMVpkY09nV2d4QU9ObzlBaUlBSWVhaXBSZTNJeGJod2JfNmpMcm0yQXZXREI2bnZlUXBjUzRGSmdSeXlRWkt0bmMyMFJxby1SUGFYanpqR3FpXzlBVTRXMjBhNUtCZTBzU3BKcDNOWTgzZ2p1UEw3ckdYYl9wNERjdVUxTw?oc=5,Zelenskyy-Trump meeting in New York: Expert outlines key expectations RBC-Ukraine,en,2026-09-22T19:03:53+00:00
241,Human Rights Advocate Says Deported Ukrainian Children Must Join Future Peace Talks - mezha.net,Google News — peace talks,2026-09-22T12:51:13+00:00,https://news.google.com/rss/articles/CBMiakFVX3lxTFBRV2t1UW1oaENTc2dYVDF3dlgyYzE5dmR3NTJtSjdDSXFDRjVCZ1lqaUxfMHJvQ1h6OUMyNi1sb1RSamF6SmJ0Wkl2VHk0NzlXZWxId0pzalFybzE5WWVuU1pfOG5aQXBCRGc?oc=5,Human Rights Advocate Says Deported Ukrainian Children Must Join Future Peace Talks mezha.net,en,2026-09-22T19:03:53+00:00
1,Displacement on the rise in Yemen as fighting continues,UN News,2026-09-22T12:00:00+00:00,https://news.un.org/feed/view/en/story/2026/09/1168390,"As hostilities worsen in Yemen, more people have been fleeing their homes, further intensifying the humanitarian crisis within the region, the UN Refugee Agency (UNHCR) warned on Tuesday.",en,2026-09-22T19:03:53+00:00
223,"Iran, US diplomatic signals raise hopes for renewed peace talks - dailysabah.com",Google News — peace talks,2026-09-22T11:38:00+00:00,https://news.google.com/rss/articles/CBMipwFBVV95cUxNWkd1QThTN2RjUkNZdGFlR1B4X0U1MGdzNUUzRTRTbEl2ZWxoUGpjWWVIUHY0MUZRazRIVVE1Z3hDb19YRzhNUUlJbHpDR3ZYWWVOTEhBZzg1eU5MRmhpcnlvUWw1SnBxWmVVNHMxMXk1NS1RYUk0Q1FmX2MyWEhFQkRlaUNHd0EzRy1nZWxGeTktQThRSTUwRnFRaTRDU3VxcElUYzdMaw?oc=5,"Iran, US diplomatic signals raise hopes for renewed peace talks dailysabah.com",en,2026-09-22T19:03:53+00:00
269,Russia rejects temporary ceasefire with Ukraine - RBC-Ukraine,Google News — peace talks,2026-09-22T11:11:27+00:00,https://news.google.com/rss/articles/CBMimwFBVV95cUxPMGltVVM2ZDd5OFdaeVZmTUo2UzdjZHNzZ2VsNjdybXMwazRXbVJtRlRPRjVlOW5pZ3dmbHQ0Q29Salg1VFQ1WGhNUzNRdjB3WjN6UTBnbHpaQ25YTTJUdE5zbm9qYk1xdGpVNDdsUXRLWHk0ZmpBcmxUN1gxWjJWajhqRWJfb3U3MHBNY05hd1p3dUx2LWo0TjNnUQ?oc=5,Russia rejects temporary ceasefire with Ukraine RBC-Ukraine,en,2026-09-22T19:03:53+00:00
239,Crude Futures Fall on New Iran Proposal for Peace Talks - EnergyNow,Google News — peace talks,2026-09-22T11:02:59+00:00,https://news.google.com/rss/articles/CBMijgFBVV95cUxONms0bFZranNTLVd2MEowNHpmZU9vZjZqb3MwVVhobENkbHpjWVZBNnZITm1EZXI0NGFGcU56cTN4azlWelJ0SFBpQTJORHFKTGsxa2pKSDBjbjVUZlJyS1JyUDlYT01lcFhNWWV6UzNFdzhCbThMNGRGZnZ0S1B0eUpadGhlOTRGcDdwSFln?oc=5,Crude Futures Fall on New Iran Proposal for Peace Talks EnergyNow,en,2026-09-22T19:03:53+00:00
322,Conflit chez Skeyes à Charleroi : Jean-Luc Crucke propose finalement une médiation externe pour sortir de l’impasse - Sudinfo,Google Actualités — médiation de conflit,2026-09-22T11:02:49+00:00,https://news.google.com/rss/articles/CBMiygFBVV95cUxQb2t0RnJpSzFtMlhMMWlBbXpWWWZBbkdLaDdlTzRTVGlwSHp4dWxaMnctX29pOVdJRnZRN3dtWE1Pc1FtdW5Zb3diVXNzTlVlVzQ5TWQ5TWxTb3UyXzNYNURTLUxsMkdGWVNDMTBRMVM2TFlzYmJCZXgzQmpxTjVxanhOYXdyV29BcmoyLW9IcUNOenZtMGVZZ1llM1Qwdl9yUGVtUXpsdFhWeUZwVGhENHJvWTUxVTdTTEVhdnMyV2p3dElQOTNpMlR3?oc=5,Conflit chez Skeyes à Charleroi : Jean-Luc Crucke propose finalement une médiation externe pour sortir de l’impasse Sudinfo,fr,2026-09-22T19:03:53+00:00
271,"Fidan: Türkiye, US support Armenia-Azerbaijan peace process - Armenpress",Google News — peace talks,2026-09-22T08:13:00+00:00,https://news.google.com/rss/articles/CBMiUkFVX3lxTE9NOFRFYjN6dXhrUXNqV1VuU2txaWNTb240WHB3YzhaOWQ1UjNEaHJPZjNnUmpQSU9oNGhHc3lIOV96MzlaeE1NcXJMQVByZnZPcHfSAVdBVV95cUxPQVM5T1BLR1g2RGtQanRXOXpxQkVuYU9faTVYOGJ0LWFvcnBEMEFOYUtDM09xdU5McFA1WlZaaUNCZHJKX3QwSkdfck9GVVJubXNiS0htMkk?oc=5,"Fidan: Türkiye, US support Armenia-Azerbaijan peace process Armenpress",en,2026-09-22T19:03:53+00:00
49,Qatar reaffirms commitment to preventive diplomacy and conflict resolution: Al Khulaifi - Qatar Tribune,Google News — conflict mediation,2026-09-22T08:11:51+00:00,https://news.google.com/rss/articles/CBMi2wFBVV95cUxNYk9nd25VeG9XNDNYYU1lN2RvU0paVmlFQll0VWUwTndHX1JGSV9kOFpjaEZiZ2dSSEFkOXF2ZlVaMjFkaE44ZExCSzhnbE1SMVQ1OUpteUY2VU5HaDRWU2wtM3o0UUZ6WVV4QmpWb0Z1VkNlVXJHV2JpQXF0UHZCUVdsMzhvSHJBU3pRaFJYSmlIeGFSRDJhcjFZalo1eVlEQmJ2anNnVHhkeFZ0bDI5MG1wV1ZzbmZtSHZkMjlqc2JuR3lZVGhpS0M3Ry1DeDNzMTRvXzZNOGJRWjA?oc=5,Qatar reaffirms commitment to preventive diplomacy and conflict resolution: Al Khulaifi Qatar Tribune,en,2026-09-22T19:03:53+00:00
316,"Joyce Banda tells world leaders: stop talking, start acting on women in Congo peace talks - Nyasa Times",Google News — peace talks,2026-09-22T07:34:16+00:00,https://news.google.com/rss/articles/CBMitgFBVV95cUxQUkNBLWxHd0RsUHN3Z2hGWjkyOTRhbW16TldOU29faDAwZW51Y3NhTDYtVjZqRlJCcmxxZXJNZ1d3SUVhTVRTbi10bkZ3aEs5dXczNEQ5ZVhEQWZYWkJSbzBMS01kQl90NENjUVNCaG5mdndja1NSNEtSWUlZZzdFMUlsTDVPZnNfMlNvTnJ0Ym1sSDlzRTNhdkdaSVUwT0FCb3Z6ZkNWNXEwbG5JOGQ1QUg3M2EtQQ?oc=5,"Joyce Banda tells world leaders: stop talking, start acting on women in Congo peace talks Nyasa Times",en,2026-09-22T19:03:53+00:00
238,"Pakistan, Iran Discuss Regional Peace as US Talks Remain Stalled - Bloomberg.com",Google News — peace talks,2026-09-22T06:43:00+00:00,https://news.google.com/rss/articles/CBMitAFBVV95cUxQai1qWHVLeGZGRUc5TlUyTnhQbU5waDlKTkxjVDAzdExPN2p3X2RKa05aVHgyOXhsSHVSeVQ2aWRQWTdleDBMMFNzYU1mamI3TGd1YVktemZzRmNKeUNpT1M1NXY3aW5nRFhrY2RCVFo3TkFPRWdRbGZZSjN5c25GeVc2Q2RLU2JTcnhsaDVnMEp1c3lwTTVLTmMtb1h4MHpqcU54VVRBTVdLaEVmOVYyS3pyUVg?oc=5,"Pakistan, Iran Discuss Regional Peace as US Talks Remain Stalled Bloomberg.com",en,2026-09-22T19:03:53+00:00
140,"Türkiye’s mediation role grows in Africa peace efforts, experts say - turkiyetoday.com",Google News — peace mediation,2026-09-22T04:00:24+00:00,https://news.google.com/rss/articles/CBMirAFBVV95cUxQTVNxbDJoTlBFZVBDOVprbFV3aDRsdFRZZTVmRzBuSHhldFJPMGhtVzhpdjB2Umx1MHo2Wk9JOTJmbzl6bjNNV3hMaG00dzduT3lIbFdmc21STm1vODdrTXJCd2ZnSDdPNGxSa0s5MkxEUDRaQW45YVNMV1RzcTltU1VvcU5jc2NZbVdmLW9jZktTQVJiSWtwQTFKNTdlczJfQXVvenlUSl9IX3Vp?oc=5,"Türkiye’s mediation role grows in Africa peace efforts, experts say turkiyetoday.com",en,2026-09-22T19:03:53+00:00
246,"Houthis must stop escalation and commit to peace, France’s UN envoy tells Arab News - アラブニュース",Google News — peace talks,2026-09-22T01:18:01+00:00,https://news.google.com/rss/articles/CBMixwFBVV95cUxOakh3dU95LXNFVFY0bHlOLWNNUVFnLXlPQ1M3Umo2RFRuX211dnBWSkh2em5VdklqQ2xFbnl0XzA0UHhlN09fZnE0SlRlUjFMc0lPMHpCNkI3X3BxNVRDV0RXWmNDRnN1Nm1oSy10a2swS2h5RnlieTdZQTlhOE9veHN1UXd1am9JQi1sWC1taUlheUxscHlUWE93ZzBfLS11QWIwLWJPVlg3S0w4OVp3RVdzR1JWVGxyb0c3c1NiSDhDY2psUElZ?oc=5,"Houthis must stop escalation and commit to peace, France’s UN envoy tells Arab News アラブニュース",en,2026-09-22T19:03:53+00:00
256,Collective efforts urged on advancing world peace - China Daily Global Edition,Google News — peace talks,2026-09-22T01:16:35+00:00,https://news.google.com/rss/articles/CBMiggFBVV95cUxNQmJnN3g0ZzRQamRkcGVBdnFLajZJWE1SZW9zVGVySnF1dzhnQ1RtQWhreHAtLW1NWi1mWUkydGU1ZkpyN2swbUVPQjRRS0tiVWlzOTVPZDFxYWpEYlpYcnhfM3puamVyWTZaVmRYSURxT3FSRWNjTWo2M19oOGFrQ2JR?oc=5,Collective efforts urged on advancing world peace China Daily Global Edition,en,2026-09-22T19:03:53+00:00
272,Oil hits 12-day low on peace talks hopes - The Express Tribune,Google News — peace talks,2026-09-21T23:23:21+00:00,https://news.google.com/rss/articles/CBMigwFBVV95cUxOMTRTOWJtQVNWbEo0Qko0b3V5cFBiWnluMWlKRF94QTlWZDg4c3BwYVNYQVc5WmVHVXhkSEVkM3FkbjktcFJlV0hYMXR3WUY0S0FyOXFuelcyVUhFTDJhenpoVFpVM19tLW5sX3NZaGVxNTA0c2lLXzItNmthSnFDSEVUMNIBiwFBVV95cUxOaGpzRjdhVUJUZE9IbmRjWjU1dldaX05RY2V1MmZLdG1UdHhhQUZTbDB1X2c1eE96ck54aFVNRjZkRkxDOHNxNW1DdnV3VFozV0JZbDk4MlZXODUwTkJPRmdyb3N1SFh3QUhuMjluVVN0U01NcGtDVW1iQWNpa3JpcjFQSTMzcU9NZUU4?oc=5,Oil hits 12-day low on peace talks hopes The Express Tribune,en,2026-09-22T19:03:53+00:00
234,Can This Week's U.N. Gathering Cool Rising Tensions Between the U.S. and Iran? - Time Magazine,Google News — peace talks,2026-09-21T23:01:58+00:00,https://news.google.com/rss/articles/CBMiiwFBVV95cUxQM0plUUlBWkVFWjdaYm5sLWhHVVJxaEVXc2RjWjVrRmpUeU85eHphZ2xzMjlXVFg1U2xnV3RzNFdyYkx4bmFkYzF2X1FZc29MbzUydEF3WERvRDVvVnV6c0dXZDNWRHVqcnI1Y2ZOZEhLalRsR2ZkNzhzQnA0dDBCU09rX0ZlbHNyLUYw?oc=5,Can This Week's U.N. Gathering Cool Rising Tensions Between the U.S. and Iran? Time Magazine,en,2026-09-22T19:03:53+00:00
45,Helping DC Families and Schools Navigate Conflict Through Collaboration - WJLA,Google News — conflict mediation,2026-09-21T20:00:17+00:00,https://news.google.com/rss/articles/CBMipgNBVV95cUxQTFlvVk1oUVFoLWNsX3JFNmN4Mk44amNabHUxeVk5ZXNvM3Z1LS1sMzA0UnRPaEhDTlUyZ25pYjk5cFh4U2xQT3VhWW5rWlc2SVgwVEZKZ1hlUXFNUC1lSV8wNmtWMTBiLW1SUUZtOERCZWd5RFRJZEluQ0hsS0FmNVBlLUhfUUpnNF91ME9RQ2p2SFpVQW5sSENZazh0VVo2OXRacVZzandFR2plcENMWU5oRGNQOVEtbTFiNGRSSmdSUWdNZjZyM0tNYW5Sb0NnZ1dOa0pONFFvQ3F2UDd3Q01XSUZIbnNWMVpiU0hMSWt5Z0ZyX1F2TDhjMm5QOXVlY29EYVhTQ2FFOUFaSmNLTFBtbDBjeS1KSXJLeV8wamJRY3hIVmNPa1EyWm1DcHNyLWZUZUREeGpHMVdDbHN0cDVDRG04RXRRM0JXdHVTQnNxd1pOdWtHNTRGVGFlTlBhZEY3LVpxZkh6V0h5R3NJM3BWaTdHWEFJWmpzWDZ2NUpzQk1mLWVzcXRWSTlqcWN1RFppYWxWNGVfdDFpZzgxR0VwTWdnZw?oc=5,Helping DC Families and Schools Navigate Conflict Through Collaboration WJLA,en,2026-09-22T19:03:53+00:00
249,Oil dips below $100 a barrel on hopes of US peace talks with Iran - The Times,Google News — peace talks,2026-09-21T18:30:18+00:00,https://news.google.com/rss/articles/CBMisgFBVV95cUxNM2lDc0FPZGFIdHBRNlBlbUFpdHY4QXhSS1VJSzllVUQ1WEpDX1ZzQ1JLOFZPY2lRamVUaDR2YXBRUlRuQXlYZjdfa3NMSkYwTzNzOEVvSmcxQ0djcjlyc3hveVE4ZDBHREFQZVFQT1pwWjJZLXMzWFliZFZsLXRkMmFxUFpHc0ItVmt0QmgzUjI0OTlCMGhHdU13WUZ5WFFYUkhsdEszMlVsSHV3ZVJDem9R?oc=5,Oil dips below $100 a barrel on hopes of US peace talks with Iran The Times,en,2026-09-22T19:03:53+00:00
222,Oil prices decline as Iran sets conditions for peace talks with US - foxbusiness.com,Google News — peace talks,2026-09-21T17:43:22+00:00,https://news.google.com/rss/articles/CBMiW0FVX3lxTE5jN01PZnZ2SzM1QktJcmU5SUZzTWFRd1plRWxSRUVGTEU4RzdqQ3UyRTE3alVrUXFsRllGSEU2SFFuaGZkVE54aWFXT0ktaTc1RWJBTWVqTzFiSTQ?oc=5,Oil prices decline as Iran sets conditions for peace talks with US foxbusiness.com,en,2026-09-22T19:03:53+00:00
263,Zelenskyy to meet Trump in New York as US pushes Russia-Ukraine peace talks - Firstpost,Google News — peace talks,2026-09-21T16:09:45+00:00,https://news.google.com/rss/articles/CBMivgFBVV95cUxQN2w5YlhYYXI4UW5rSnQ0TGE5YTZUNndHRHBrWTcxZWpLajNmU0ItVFZDRjBMWEdpVHo1NVE4SE82V2VLRDJ1NHFuQXpzVHNrNWs4cU00U084Y0kyUUY2UTVTWnNNOFhMMHg3WnZpckRVY3dKcFhVQlNMalI5ajh4elhyQ0UwLWoxYmthLWVpSlFUWjVEblBPdU16Vi1pQWcwcEJQU2VFZS05dUptLUdGakFaSkcwX3RhcW5obVlR0gHDAUFVX3lxTFB3cGMtQzJlcTlRWVp6ZVFVVVVnQkQ2ajVsaUI5QXByTVdyRU4zTlRzcFlCTXBUcXFxcFJYbEEzdGE0WExfU0xXS1VwXzdJTWpLRm0zeHlWdGRyS01vQklkbmd0NWQ2a1l2Ym5ZLUZoV0ZmVFFZa0E2ZFcyd2VIaGR5WGhwNDdXOWwzTFA0cHZEdlJKWWdJTU00TDRSQXJDeFVWc1oxYk1VLUtYcnpvWUJiTDJ6NGdsTUVlWUIzQ0psNHNtdw?oc=5,Zelenskyy to meet Trump in New York as US pushes Russia-Ukraine peace talks Firstpost,en,2026-09-22T19:03:53+00:00
158,State launches national mediation hub to promote peace in learning institutions - the-star.co.ke,Google News — peace mediation,2026-09-21T14:22:51+00:00,https://news.google.com/rss/articles/CBMingFBVV95cUxPczFjVVZlQllLSm52MjZJejEzenFvSUZCTmtWQVBnSnRGekw5NC1BQWU3NE1Qb2FUNENqdkdaOFl4N0tHR215XzhwNjY5bVA5NzM5ZnNZcjRtZVpYQjE0eTRkX2h1SVIwMGFWOFRsV0V3MzhLNDJpaGFxakxzVklUNlNrT3RtVEU3d0hzRFAwVzd6OEVQZWxCS0dOM2tndw?oc=5,State launches national mediation hub to promote peace in learning institutions the-star.co.ke,en,2026-09-22T19:03:53+00:00
48,Sudan Mediation: New York push to align international positions - Sudan Tribune,Google News — conflict mediation,2026-09-21T14:08:30+00:00,https://news.google.com/rss/articles/CBMiUEFVX3lxTE45N3M2TzJkUFRJRDJJXzdUdTBFaW9jb1RCT2w5Y01lMnprSXhHYkN6M0Roa0dXTzJuWlFMWFlTa3FaQ2VvOGo1N1lWT0Jpd25z?oc=5,Sudan Mediation: New York push to align international positions Sudan Tribune,en,2026-09-22T19:03:53+00:00
31,Updates from the UN General Assembly 2026,Crisis Group,2026-09-21T13:56:47+00:00,https://www.crisisgroup.org/sco/global/updates-un-general-assembly-2026,"Updates from the UN General Assembly 2026 eschelhaas Mon, 09/21/2026 - 15:56 Latest Updates Africa Asia-Pacific Europe Latin America & Caribbean Middle East & North Africa United States Global Issues & Institutions My Reading List Flags at United Nations Headquarters. New York, USA. Diegograndi Special Coverage / Global 21 September 2026 7 minutes Updates from the UN General Assembly 2026 Marking the opening of the 81st UN General Assembly, Crisis Group experts discuss challenges facing the UN’s efforts to promote international peace and security. This page includes updates from the High-Level Week in New York and recent Crisis Group coverage of the UN. Share BlueSky Email Facebook Linkedin Twitter Whatsapp Save Print Related Tags Multilateral Diplomacy World leaders are gathering in New York during the week of 21 September for the UN General Assembly’s annual high-level session. They will find an organisation trapped in an open-ended institutional crisis. UN diplomacy to halt wars and ease civilian suffering is largely paralysed, while a second year of cost cutting has weakened the organisation’s capacity to respond. The UN is in need of revival. Even with these limitations, the UN remains the only universal forum for international cooperation on war and peace, even as the world order it anchors is under mounting strain. Many member states hope that the next Secretary-General, set to be selected by the end of 2026, can help the organisation forge a new direction that enhances diplomacy and deepens respect for international law. A new Secretary-General, regardless of the skills and experiences that she or he may bring to the role, cannot solve the world’s crises overnight. But she or he can and should work with member states to address immediate challenges. High on the list should be bolstering the UN’s peacemaking and conflict management capacities, mobilising political and financial support, and making a renewed case for international cooperation. This special coverage page will feature all of Crisis Group’s work related to the UN General Assembly’s High-Level Week in 2026, as well as its broader work on the UN from the past year. Our Experts on UNGA 21 Sep 2026 Guterres has certainly been very conservative and cautious on the UN’s role in peace and security. CNN Daniel Forti Head of UN Affairs 20 Sep 2026 The UN may not be in emergency care like it was last year, but it seems to be trapped in a trauma centre for the foreseeable future. Reuters Richard Gowan Program Director, Global Issues and Institutions 18 Sep 2026 China has long seen [UNGA] high-level week as U.S. turf. AFP Daniel Forti Head of UN Affairs 17 Sep 2026 This may be the worst time in the life of the UN, but it’s not the time to write an obituary. It’s diminished, but it’s not dead. The New Yorker Comfort Ero President & CEO 16 Sep 2026 As yet, there are no signs that Iran and the US will use the General Assembly as an opportunity for diplomacy to dial down their conflict. TRT World Richard Gowan Program Director, Global Issues and Institutions 15 Sep 2026 U.N. processes move considerably less rapidly than AI does … It isn’t clear that the next secretary-general will keep up this focus. AP Richard Gowan Program Director, Global Issues and Institutions For the latest updates from the UNGA High-level Week, follow our UN team on X: Richard Gowan , Daniel Forti and Mariea Sekijima . UNGA INSIGHTS In the run up to and during UNGA High-Level Week, Crisis Group will publish regular previews providing insight into upcoming events of interest at the UN, including brief comments from Crisis Group analysts. UN General Assembly Insights: Monday 21 September UN General Assembly Insights: Tuesday 22 September UN General Assembly Insights: Wednesday 23 September (to follow) UN General Assembly Insights: Thursday 24 September (to follow) UN General Assembly Insights: Friday 25 September (to follow) Our Recent Publications About the UN SPECIAL BRIEFING | Ten Challenges for the UN in 2026-2027 As the 2026 General Assembly begins, the UN remains hobbled by cost cutting and big-power wrangling. The new Secretary-General to be chosen soon cannot cure all that ails the organisation, but much can be done to put its still considerable capacity to work. Published 14 September 2026. Available here . External Publications by our Experts on the UN Shrink the UN By Richard Gowan, originally published in Foreign Affairs on 21 September 2026. The UN General Assembly at 80: 8 Decades of History Richard Gowan features in a video from the UN, published on 18 September 2026. As Leaders Gather at the U.N. General Assembly, Competition May Outdo Cooperation By Richard Gowan, Daniel Forti and Mariea Sekijima, originally published in Just Security on 17 September 2026. António Guterres Leaves the U.N. as the Last Globalist Standing By Richard Gowan, originally published in World Politics Review on 9 September 2026. Peacemaking Is Power Politics Again By Comfort Ero and Richard Gowan, originally published in Foreign Policy on 25 August 2026. Make the U.N. Great Again: The Uphill Struggle Facing the Next Secretary General By Richard Gowan and Daniel Forti, originally published in TIME on 22 August 2026. The UN Has 193 Members. Five May Choose Its Next Leader By Richard Gowan, originally published in Envoy in August 2026. Reading the Signals of China’s U.N. Security Council Role in the Afghanistan Mission Renewal By Daniel Forti and Richard Gowan, originally published in Just Security on 31 July 2026. Back to Basics at the U.N. By Daniel Forti, originally published in Foreign Policy on 20 April 2026. An Unserious Justification for an Unnecessary War: Assessing the U.S. “Article 51” Letter to U.N. on Iran War By Brian Finucane, originally published in Just Security on 18 March 2026. Trump May Not Need a ‘Board of Peace.’ He Has the U.N. Under His Thumb By Richard Gowan, originally published in World Politics Review on 17 March 2026. The WPS Agenda Needs Strong Wills to Counter Rough Headwinds By Cristal Downing, originally published in PassBlue on 5 October 2025. At 80, the UN struggles on By Richard Gowan, originally published in Le Monde diplomatique on 1 October 2025. PODCAST | Les pays africains face à la crise de l’ONU Dans cet épisode d’ Afrique 360° , Enrica Picco et Rinaldo Depagne reçoivent Karim Soumana, directeur du Projet Ordre Global et Maintien de la Paix de Crisis Group et ancien ambassadeur du Niger aux Nations unies, pour examiner la crise du multilatéralisme du point de vue de l’Afrique et les perspectives d’un renforcement des voix africaines au sein des institutions multilatérales, dont la première d’entre elles, l’ONU. Published 21 September 2026. Available here . PODCAST | The UN’s High Level Week, Secretary-General Selection and “Middle Power” Problem This week on Hold Your Fire! , Richard Atwood is joined by Crisis Group experts Richard Gowan and Daniel Forti to discuss next week’s UN General Assembly high-level week and whether a new Secretary-General can revive the organisation’s peacemaking as global turmoil spreads. Published 18 September 2026. Available here . VIDEO | Comfort Ero on the UNGA High-level Week “Years of work in conflict prevention have taught me one thing: peace takes deliberate effort, not chance.” Comfort Ero, Crisis Group President and CEO, explains why the UN remains essential for diplomacy across the world. Published on 18 September 2026. Available here . VIDEO | Daniel Forti on the UNGA High-level Week “The UN is trapped in an open-ended institutional crisis.” Daniel Forti, Crisis Group Head of UN Affairs, unpacks the challenges ahead as leaders gather at the UN General Assembly. Published 15 September 2026. Available here . SPEECH | Remarks to UNSC Arria Formula Meeting on Peace and Natural Resources On 13 July, Crisis Group President and CEO Comfort Ero spoke at a UN Security Council Arria Formula meeting on peace and natural resources. Published on 13 July 2026. Available here . SPEECH | The Future of UN Conflict Prevention: Mediation, Diplomacy and the Responsibility to Protect On 9 July, Richard Gowan gave the annual Evans-Sahnoun lecture on the Responsibility to Protect, organised by the Global Center for the Responsibility to Protect and the Permanent Mission of Ireland to the UN in New York. Published 9 July 2026. Available here . SPECIAL BRIEFING | Causes of Peace in an Era of Hard Power With the post-World War II international order fading away and hostilities on the rise, the prospects for conflict prevention look dim. But the picture is not wholly dark. It is possible to identify tools that, if used properly, can reduce bloodshed. Published 8 July 2026. Available here . SPEECH | Briefing to the Security Council on the Implementation of Council Resolutions On 23 June, Richard Gowan, Crisis Group’s Director for Global Issues and Institutions, addressed an Arria Formula Meeting of the Security Council convened by China and Pakistan entitled “Bridging the Implementation Gap: Security Council Resolutions and the Maintenance of International Peace and Security”. Published on 23 June 2026. Available here . SPEECH | Briefing to UN Security Council on the Situation in the West Bank Max Rodenbeck, Crisis Group’s Project Director for Israel-Palestine, spoke to the UN Security Council about what is happening in the West Bank – including Israel’s accelerating de facto annexation, rising Israeli settler violence and mounting economic pressure – and why the world must pay attention. Published on 8 May 2026. Available here . COMMENTARY | Prioritising Peace: What the UN Should Ask of Its Next Secretary-General The race to become the next UN Secretary-General is under way. Whoever gets the post will need to rebuild the organisation’s geopolitical standing on matters of war and peace. Published on 16 April 2026. Available here . Q&A | New U.S. Aid Conditions Threaten UN Work on Women, Peace and Security The Trump administration is imposing conditions on U.S. international aid that could have profound effects on programs serving women and girls in conflict. In this Q&A, Crisis Group expert Cristal Downing describes the potential fallout at the UN and ways to mitigate it. Published 11 March 2026. Available here . ANALYST'S NOTEBOOK | UN Security Council Members Limit Criticism of U.S. over Iran Crisis Group expert Richard Gowan summarises the main takeaways from the Security Council emergency session on U.S. and Israeli strikes on Iran. Published on 2 March 2026. Available here . SPEECH | Lecture at the Australian National University on the Future of Multilateral Cooperation This text is an edited version of a lecture that Crisis Group President & CEO Comfort Ero gave to the Coral Bell School of Asia Pacific Affairs at the Australian National University on 24 February 2026. Published on 24 February 2026. Available here . COMMENTARY | When the Board of Peace Meets in Washington, Gaza’s Future Will Be on the Line With a two-year UN Security Council mandate, U.S. President Donald Trump’s Board of Peace is tasked with making peace in Gaza stick, even as he seeks to expand its writ elsewhere. The body’s prospects are unclear, however, and the challenges facing it are steep. Published on 12 February 2026. Available here . ANALYST'S NOTEBOOK | Trump Proposes a Bypass to the UN Security Council Crisis Group expert Daniel Forti discusses the implications of U.S. President Donald Trump’s proposed expansion of the “Board of Peace” for the UN. Published on 19 January 2026. Available here . PODCAST | UN stamps Trump plan, Gaza in Limbo, Saudi Crown Prince in Washington This week on Hold Your Fire! , Richard speaks with Crisis Group experts Daniel Forti, Amjad Iraqi, Mairav Zonszein, Max Rodenbeck, Yasmine Farouk and Michael Hanna about President Trump’s Gaza plan, its endorsement by the UN Security Council, the situation in Gaza itself and Saudi Crown Prince Mohammed bin Salman’s visit to Washington. Published on 21 November 2025. Available here . Q&A | What to Look for as the Gaza Peace Plan Comes to the UN Security Council The United States has proposed a UN Security Council resolution to back President Donald Trump’s plan for Gaza. In this Q&A, Crisis Group experts Daniel Forti, Richard Gowan and Max Rodenbeck analyse its contents. Published on 14 November 2025. Available here . ANALYST'S NOTEBOOK | UN Lifts Sanctions on Syria’s President as White House Visit Beckons Crisis Group expert Maya Ungar analyses the U.S.-led diplomatic push ahead of a planned meeting between Ahmed al-Sharaa and Donald Trump. Published on 7 November 2025. Available here . COMMENTARY | How the Spotlight on Peace and Security Issues Shifted at the 2025 UN General Assembly The speeches at the UN General Assembly this year focused their foreign policy attention on Gaza, Ukraine, Sudan and UN reform. Crisis Group experts analyse the issues world leaders picked out and what their remarks say about shifting diplomatic attention to major crises. Published on 15 October 2025. Available here . ANALYST'S NOTEBOOK | New Force to Battle Haiti’s Gangs Gets Security Council Blessing Crisis Group expert Daniel Forti assesses the UN vote to create a Gang Suppression Force and the challenges ahead as it seeks to restore security in Haiti. Published on 1 October 2025. Available here . Related Tags More for you Special Briefing / Global Ten Challenges for the UN in 2026-2027 Special Briefing / Global Causes of Peace in an Era of Hard Power",en,2026-09-22T19:03:53+00:00
284,Qatar seeks to revive stalled US-Iran peace talks - The Business Standard,Google News — peace talks,2026-09-21T13:40:37+00:00,https://news.google.com/rss/articles/CBMijAFBVV95cUxNNjJTRkh6VGJXTFFicjh5MkRKZjRXbUVndU1NV2EyWXQtVE5ZZGhUNkZnN3lkejRUUDJyaTdaOFRLYXhDVmZBU1JtME8xS1lPZHQ0dE1RSTJ0UjRGX3pqZzlHTElhZjg2Tkx5LTdhWlg1ZE1hZmdUdlVLblZDcy1ROTB0dGM0MG9tRVJtNg?oc=5,Qatar seeks to revive stalled US-Iran peace talks The Business Standard,en,2026-09-22T19:03:53+00:00
226,"New U.S. Sanctions Will Harm Ukraine Peace Talks and Bilateral Ties, Kremlin Says - The Moscow Times",Google News — peace talks,2026-09-21T13:03:00+00:00,https://news.google.com/rss/articles/CBMixgFBVV95cUxNT1RLei11X3ZPUFZHRFlLZmpqbGRRNnExcHVQblNaVWROb2FOU3lnUUtudUdJOFRyamd5RWo2TkNnMEpRay1qTEkyQnpTbk5kWmx4YXo5cVozVVVBUGdpUGd1eFpkRkxRRXROXzZFTXFGNVhZTFZ6ZW5XTXVXZnhBMlMzNUJyS1Q3SFAxUWtmanpLcDVraHRQajNMMkVtVGJENXR4MHJWUmZ5NmxadHM1WVpkdTdWRlU3Tzh2YlZsMTdkc2xhbXc?oc=5,"New U.S. Sanctions Will Harm Ukraine Peace Talks and Bilateral Ties, Kremlin Says The Moscow Times",en,2026-09-22T19:03:53+00:00
5,Ebola vaccine trial begins in DR Congo,UN News,2026-09-21T12:00:00+00:00,https://news.un.org/feed/view/en/story/2026/09/1168381,"An Ebola vaccine trial is underway in the Democratic Republic of the Congo (DRC), involving frontline health workers and others involved in the response.",en,2026-09-22T19:03:53+00:00
4,‘We are not powerless’: UN chief urges world leaders to invest in peace,UN News,2026-09-21T12:00:00+00:00,https://news.un.org/feed/view/en/story/2026/09/1168383,"In a world facing rising conflicts, violence and divisions that are causing great suffering for millions of people, the UN chief on Monday called on world leaders and citizens to invest more in peace.",en,2026-09-22T19:03:53+00:00
3,‘Nowhere is safe’: UN experts detail Ukraine war’s toll and Russia’s reach beyond its borders,UN News,2026-09-21T12:00:00+00:00,https://news.un.org/feed/view/en/story/2026/09/1168386,"UN Human Rights Council-appointed experts on Monday laid out a grim picture of the human cost of Russia’s invasion of Ukraine, with a spotlight on civilians facing a third wartime winter as well as the intimidation of Russians who have fled abroad.",en,2026-09-22T19:03:53+00:00
2,"UN condemns attempted Houthi strike on Riyadh as Yemen displacement surges past 130,000",UN News,2026-09-21T12:00:00+00:00,https://news.un.org/feed/view/en/story/2026/09/1168387,"The UN has condemned continued cross‑border attacks by Houthi forces against Saudi Arabia, including an attempted strike on the capital Riyadh, as fighting inside Yemen drives one of the country’s fastest displacement surges in years.",en,2026-09-22T19:03:53+00:00
290,"No progress in peace talks, - Peskov - Цензор.НЕТ",Google News — peace talks,2026-09-21T10:55:00+00:00,https://news.google.com/rss/articles/CBMitwFBVV95cUxNaEVMMVoxOTROYXItbjlzX0J0dUQ5clQxUFFJWEk2OHNiSTJfRkVCcnBIRGJtcmxudEVVX2NyMzYweWFuaHYwbld1Ym1VOXZPVXU2UjBzT2VKM3VyTThUbEZDS0tIVFdGTWF5TmpWMHVzRng5NUpKbDA5YmFVOEVvZmVTWGlIRGJLY1JqZlNhTGNIVng5VmVEM1UwcFRuMl9XOGZMR1Zubzl3RUpfUHgwYzVFSTU3NHM?oc=5,"No progress in peace talks, - Peskov Цензор.НЕТ",en,2026-09-22T19:03:53+00:00
264,Kremlin says no progress in Russia-Ukraine peace talks - Latest news from Azerbaijan,Google News — peace talks,2026-09-21T10:20:16+00:00,https://news.google.com/rss/articles/CBMigAFBVV95cUxOaFlqTVNqRXFndmJmYVR2M3VPeTBaU3drMDNraVg0MjFNSTJRd0NWc1BHdjY5SjhoUjRDQzZ3VnRIeDhuUU15a056cGsxODlMT1NhZ3hJbU1ZNmMwMENTRzNkMUhDdjcweE14Z2kzdWlQMGNlUGNSby1OS2FtekJvNw?oc=5,Kremlin says no progress in Russia-Ukraine peace talks Latest news from Azerbaijan,en,2026-09-22T19:03:53+00:00
141,Pakistan cites mediation between Iran and US in peace message - Iran International,Google News — peace mediation,2026-09-21T10:06:00+00:00,https://news.google.com/rss/articles/CBMiUkFVX3lxTE1rVHljaGZTRmRzbTVEX2RuQ2FiQi1kTkdodG9VQ1liZzlRaGttbUEtVHpWeWFpd3N4bDBlM1pNRWxjZVFpajV1dGlyaVowNzh5UGc?oc=5,Pakistan cites mediation between Iran and US in peace message Iran International,en,2026-09-22T19:03:53+00:00
304,Russia hopes to restart talks with Ukraine and US but says there is no progress - RBC-Ukraine,Google News — peace talks,2026-09-21T09:45:00+00:00,https://news.google.com/rss/articles/CBMilAFBVV95cUxOanlzWmpENDh4YlhQT2RqOFIycWNhVmxhR1BtM3FnU1RPSDJsc3pkUVdqLWtURW9qRE11VkZHakJZd04tYTNCTG1yQTFjYXlab094V3BMdm10Z2VtOEw0eHpMVU14cXZQTWZUanlGLXJNcXN6ejRoWWgwTUFDT2dqZXJlYzlnLVJuM1lQMXVDNWJxYnVF?oc=5,Russia hopes to restart talks with Ukraine and US but says there is no progress RBC-Ukraine,en,2026-09-22T19:03:53+00:00
312,Kremlin says no progress in Ukraine peace talks - Apa.az,Google News — peace talks,2026-09-21T09:41:00+00:00,https://news.google.com/rss/articles/CBMijwFBVV95cUxNMEgtUWlMal91T2FyMlZmMDRpOVZKc1h0eUFvVk13dEw5OXZDZjB6N2JLQjAxR3ZXOWNSYVRYMmlzclljUWIxc1Vxck9KTzZOSjV4aEJLQXJOeTBzR2NEMkM1X0ZSRnRWZG9NRlNCUEhsZXFlTjd4V1EwdUtCS3l6aDBnellQMFZlaHM1LXdKWQ?oc=5,Kremlin says no progress in Ukraine peace talks Apa.az,en,2026-09-22T19:03:53+00:00
227,Moscow Hopes Trilateral Ukraine Talks Will Resume - Kyiv Post,Google News — peace talks,2026-09-21T09:02:31+00:00,https://news.google.com/rss/articles/CBMiS0FVX3lxTE9BMlQ2RWEwbGNxcDE0UVYxT2tQN3JoSXVObUZFUnhILVlpOHl6MW11ZmNCWkhzOHlzaUlLZ0VTbUZqeDhiSkpxYWREZw?oc=5,Moscow Hopes Trilateral Ukraine Talks Will Resume Kyiv Post,en,2026-09-22T19:03:53+00:00
309,Pakistani minister heads to Iran for Houthi attack talks - Yeni Safak English,Google News — peace talks,2026-09-21T08:32:22+00:00,https://news.google.com/rss/articles/CBMimwFBVV95cUxPMExDU3F3SFFBSUszc185WkZocGtvSXdKWHQ3X25MOU5GOGNPUFkycmFBalRTOE0zMmJfcE5jaXU0LU4tb0VWcU1McTBjb0xZWEJtT3FxVHZsVEk4SGxPYV9XQmRXc3h1aGs3bEJGWmlKeDU3aW9ibTJZOE52LWpGN25tTzFKeFhiZERWZlh2MzJpc3pNS1pSckdYSQ?oc=5,Pakistani minister heads to Iran for Houthi attack talks Yeni Safak English,en,2026-09-22T19:03:53+00:00
286,Türkiye expects Ukraine peace talks to resume by end of 2026 - Caliber.Az,Google News — peace talks,2026-09-21T07:21:38+00:00,https://news.google.com/rss/articles/CBMikAFBVV95cUxQd0xRRFA3dnVnYnA5elNuQS1uTWhVeDBKNDRob1RvUjNjczhZOXVnS19LTWswU0QyRFZUR3BSdl93RG5nODJQcEM2NDU5MGtvUjdXWk16N19BVVZtQ0pRYlJrMDl3cW9LNU9ULTlKNVRVeWtnRXpmQTkzcjd5OFlqdmhkNEF5eWNDODRnM0Zwa1c?oc=5,Türkiye expects Ukraine peace talks to resume by end of 2026 Caliber.Az,en,2026-09-22T19:03:53+00:00
266,"Zelensky, Trump Agree to Meet in New York as Ukraine-US Peace Efforts Gain ‘Momentum’ - Kyiv Post",Google News — peace talks,2026-09-21T07:20:31+00:00,https://news.google.com/rss/articles/CBMiS0FVX3lxTE94ZlZuVmY0RncyelNhOFZ4aldJNXowcmpfX1ZyM1g5Mld5ay02T21KM1gtZlZrVTVjVUx6aUdZRjFhbVcydkNzNTdTbw?oc=5,"Zelensky, Trump Agree to Meet in New York as Ukraine-US Peace Efforts Gain ‘Momentum’ Kyiv Post",en,2026-09-22T19:03:53+00:00
144,Peace Requires Investment in the People Who Sustain It - Bantu Gazette,Google News — peace mediation,2026-09-21T04:58:15+00:00,https://news.google.com/rss/articles/CBMihwFBVV95cUxPczRUcFVrU3hRWGhSWS1obUxUSTR5ZVFka1JFb3UtTV92NjFRYWFLMWpUQUk2R2RmMGptWmNJOWF3cV9Wek5ScW1jYVdGbWxORF96YzBoazhOaUJNQzRhVzdNZUFMemNMYVhQQnkyaDFIbW1ndU5QRWcxcWRNd1UwdXRZUmltOTA?oc=5,Peace Requires Investment in the People Who Sustain It Bantu Gazette,en,2026-09-22T19:03:53+00:00
225,What are Trump’s options after Iran laid down 7 conditions for peace talks? - Firstpost,Google News — peace talks,2026-09-21T03:42:41+00:00,https://news.google.com/rss/articles/CBMiwgFBVV95cUxONkFMR1lMNERKQ2xEcS1EVFFaOXRoTmNiT1hiLUdFeDduTEZFXzF0N0ZybUc1eUFrZWRXVmdyb1F5R2RTNmJMdkExQ0ZGc2Q2T1F6ZW1CdXJxd3JQV0VPQ284WHU1T3djVzZrSW91aHBmeGJvb0tiT3BNQlFIaDNSa1phZmUwTURabE0wMk5QcjR5cXdyWWVkZGJiTDBMWVE4SmRIemVaYWZEVnBwSGZ5OXhaSVBCQ3lKa0oycnhGYndpd9IBxwFBVV95cUxOUUVjWG5TVDdSVjY2RW5hM2E5Rk1rekxUcGt6QVZ4SkVXTzgzUjljbUFpdXM4NzI1WWxSSGM4VldnakpQS2pBNzVaeDV2Y1FnQS1sUjlXUHVvTnJRbThnRjRPb1FpeGNBTHdxZHpUUHdzVWpLUW8wNDRtdHl0WnFiUkpYWEctWWZfYVRoX002bjh6SHV0dG81Z2VzaHZQdHlmZHN0akNWYVhiZzR2RkhSZ2c3cGMxMEcxR2JYaUNVeG1qZ3BiczUw?oc=5,What are Trump’s options after Iran laid down 7 conditions for peace talks? Firstpost,en,2026-09-22T19:03:53+00:00
260,Zelenskiy and Trump to Meet in New York for Ukraine Peace Talks - Global Banking & Finance Review,Google News — peace talks,2026-09-20T19:23:38+00:00,https://news.google.com/rss/articles/CBMikgFBVV95cUxNRU5PRHNxdUtIUlUxSTNScVh0S2Y4YzJ0a19RcnBUYml3LU5lR01EVy1Gand2bjVKS19zZGlGWDBlWlJuQ24za1RjUHlEWlMycU1RbDRMQ1F5aGRERmk4Sm5BSi0tWDFLdkM1MjdtUnlCYWxRTHp2Rzl4dmllU3FrQnFFbllzYWRkVHBKVGtzLWhVUQ?oc=5,Zelenskiy and Trump to Meet in New York for Ukraine Peace Talks Global Banking & Finance Review,en,2026-09-22T19:03:53+00:00
261,Zelenskyy and Trump Agree to Meet in New York After Peace Talks | Ukraine news - #Mezha - mezha.net,Google News — peace talks,2026-09-20T18:20:04+00:00,https://news.google.com/rss/articles/CBMib0FVX3lxTE9rQkgtSmgtckhIbTlPdUd0RkxDMnQzUUdvbnRKa3RBMzBmUUtXNWFFY2lHOXRsTGZDa0Jfb0s0MjBucFVERUlkOFY5NERrNEhOVi1FaGhsdWhrVlROeEhEVklYcUtTb0pNa1lKaU5nRQ?oc=5,Zelenskyy and Trump Agree to Meet in New York After Peace Talks | Ukraine news - #Mezha mezha.net,en,2026-09-22T19:03:53+00:00
252,What are Iran’s 7 conditions for the US to resume peace talks? - The Federal,Google News — peace talks,2026-09-20T15:36:09+00:00,https://news.google.com/rss/articles/CBMinAFBVV95cUxPblAtZldZSnlYMnlaY3pYOVN0MUt3X1FkODIwVDVRTjlQOTA3V2t3enlkZXc2X2p0OVhHRnU2dDJFV2pDb0FyQWZMci1tbEJsSkJUS3FYOEJzSnVxazhraTRxaWpkOVpjYkRBNUt5ZjE2UFBuTEhoMXhhTDZ3TDdUNTRlY3VjWEJVYmNDZzNINjlFZWtyRlRoaXpTUWE?oc=5,What are Iran’s 7 conditions for the US to resume peace talks? The Federal,en,2026-09-22T19:03:53+00:00
143,"UN participation reaffirms commitment to peace, dialogue and mediation: Saudi FM - Al Arabiya English",Google News — peace mediation,2026-09-20T12:31:00+00:00,https://news.google.com/rss/articles/CBMi0wFBVV95cUxQeXJPT2tCYjUtQlk4ZktjN0g3YWNtY05OVTNTRll0MGF6blhJcnE4ZWZNSWM1NWJ3Mi1RRDJNeV9xV0ZuMWN2ZXl3VnBGejFiUm1xYnpHMUJMZXBlRzU1dEFuRGR5WEh5MkZTajgxVTR5RVd2RXN5Y0hNR24tUmFkTi1rNnpSdjNTcVZHU2szMDFFNFEwT1pqY3Zyamx0cGkybXVyOE1WRC0xVmJPQWRIdjlFaVVKQ3hDVFR0Q01PT0NzdEVESXZjTXBMZHh6d3NkRFMw0gHYAUFVX3lxTE1veGNMbUc4TmFfVUVQY0hVNnFRXzdQVnpWQkRtdHlrbTZfS2ZfeG13aGlYcG5lM0VoU2hONXhtRC1hNEdrdlQzaV9hMmV0RWNUNmVpdlRjVUhNUXRHTWpQeGowb0dCZXFwd1VremkxaTlIZHc3elZSenBDaktqLS1nR0VaV0dJSDViWnZNVXZ3Y0hPbWpaclJQUmcxV0I0S2dvdXB2UzlTTFdhUWtTQmVXV1hHSE9LZ054UXZnaUdiaUpneWk1SUhXS0laMHZaWk1zR1RZVW1wMA?oc=5,"UN participation reaffirms commitment to peace, dialogue and mediation: Saudi FM Al Arabiya English",en,2026-09-22T19:03:53+00:00
279,Kyiv and Moscow growing frustrated with Trump envoy Witkoff as peace talks stall - Kyiv Independent - Hromadske,Google News — peace talks,2026-09-20T08:04:00+00:00,https://news.google.com/rss/articles/CBMizAFBVV95cUxOa1lZNnoyTGtCOVgwSlNJTzNYWTFTV0hnQnZKcGNHbTl0VkF1MHdocnhvU2t3Z0RORXU1VFhGREhKN2NrWTMza1pqS2VrRUZWX2tDUzRWVy1uZy11Tm45WDU1TmhMNWRrclFjRE9sZTNlRy03elNva0NfQUNEaEtfSVVNMlVBMDY1TnFHV2xTUVJGRUlqdFdVRUR2RTdoR2tJNl8yN20zZ1ZZZV9qbENlX0F4OV9DcW4xazNFZUotUlJKUXotZGFaaXNtU0rSAdIBQVVfeXFMTU5JS2hSQ0ZWc0xTbmFaMlliQVN0T2VFUHdrVm1JdFpBeE5SOFRDajN3Rm5LTXRWVU1wWFRLWW9SMDBSMjJ3Qkp4c2dqSWxVd1lSMHYzZDhJWGdoSzhmWTRXT0xfcnM4X01PcmppR0M3UHJZVkhxcU9UNzBhTTF5Q09rWTc2ZC13bXRRMlp6R1JhUmF4NG1ZMlk3S1pja0RPLTRlYUxndXNHWkNtY3laVk9GQWhrdDVaeFh0TWFmVmhtTE80V3FSZjk5VEJ3OXlLWVZB?oc=5,Kyiv and Moscow growing frustrated with Trump envoy Witkoff as peace talks stall - Kyiv Independent Hromadske,en,2026-09-22T19:03:53+00:00
170,Qatar highlights mediation as key pillar of its foreign policy - The Peninsula Qatar,Google News — peace mediation,2026-09-20T06:32:59+00:00,https://news.google.com/rss/articles/CBMisAFBVV95cUxQWHJmQUdqWk9Gal9HdHZqZTI1ejlQSjJQUDlsWm1SQW8xT3I0TjJpTTZZLXVheXlIYzgyM0xLWkM1bFpJN0VTaFJPbkg0ZEpmd1ZDcXVxdFZvSnBoc1hGdlNfMlljcENnbmtHVENldWdJam8yRTJJSHJvYW5ZYVVwbnlsWllWa0dTYThQOU9SbEQ4eVJSbGtabm1kdkhBdG5mU2tsQXpubFlIVUptQkR1VQ?oc=5,Qatar highlights mediation as key pillar of its foreign policy The Peninsula Qatar,en,2026-09-22T19:03:53+00:00
267,"Iran Sets Seven Conditions For Peace Talks With US Via Qatar, Threatens All-Out War - NDTV Profit",Google News — peace talks,2026-09-20T02:30:07+00:00,https://news.google.com/rss/articles/CBMiwgFBVV95cUxQcFZja25KM1lXbHNQSU1jbkdvaFRRV1RSR1VqS01Ka2k5RzBWamo2dEF0Zlh6TjBra3p0d3NRWGVZeFBuNzFhSVYyYlBGMXlheUstaTZQSGhneDZFR2Z2TFdPY3REM014ejNzWTBsZGo3NHpCQkxOdlVOM2ExaEF0aFUtSmZGUGpzdmhqRVJENmk5b2xYR3V6OWJtTXEtM2FsM1JJODBUc20yMF9ockFyeFNCZ3pzRFlJekxGbmwtZ2tvUdIBygFBVV95cUxNODJKdVozdE9vaW1WS3lxcEtaN1FySk9peWlYb0RNbktiTWp5MkFlS1g5ZUt6SnQ2ZTZ1Q1NpcDBTYmVXbE00eXFKNGdUZjdTRmNMM2Y4bm9wRks5djNmZnV3OVpHLWM2c05CVkF4d1BPczRiY0kxRkNKWi00UVRELTBMUUxNeFB6cFZibEVKd21Hbkh3VFFsQk8xR0d3SjBIQ0VZRUNqb3JyWjAyallfOEwxMTkzWndHYi13alRLeDdTYi16RF9saktB?oc=5,"Iran Sets Seven Conditions For Peace Talks With US Via Qatar, Threatens All-Out War NDTV Profit",en,2026-09-22T19:03:53+00:00
426,L'Iran transmet aux États-Unis ses conditions de négociation de paix. - Vietnam.vn,Google Actualités — négociations de paix,2026-09-20T01:43:29+00:00,https://news.google.com/rss/articles/CBMiekFVX3lxTE9zWHpwUzlzR2tFZ2g4cjRwd3RTZ1BMTVhJNGYyNXc4SU94RXRpcTlOOWNnMExRb1NOeWFOMzMzTUN4UVFQbm9BbEJVN3RmVkRpSDR4U2tTSk16Q3lxTzVHWFR0RUpFVDlCQUVPRTdaUVhaOWVYYzAxOHh3?oc=5,L'Iran transmet aux États-Unis ses conditions de négociation de paix. Vietnam.vn,fr,2026-09-22T19:03:53+00:00
228,Russia Signals Possible October Peace Talks With Ukraine and US - caspiannews.com,Google News — peace talks,2026-09-19T10:25:24+00:00,https://news.google.com/rss/articles/CBMisgFBVV95cUxNekpaclBMOFVVVlRDSUhtWkpyUTJKRE16a25LVkdOSkQ2VGtvVUVMUXFZODFZRkR5Ym5Ja2g3RDBEZVZTTHNWQmtia1FFX2I4TDIydjFMZmRHZVpOSkh1WGVnMFJrTDE0RUFfN1g4ZDhFVzlxeTlzUVlSRlJpb2RwNkJKd3NGZGI4emx1TnNlN3VYdDA0a1NNSTVkSFlmcDJEcU4xTFNqLWxHRnFvQ1N6WWNR?oc=5,Russia Signals Possible October Peace Talks With Ukraine and US caspiannews.com,en,2026-09-22T19:03:53+00:00
243,Putin Accuses Ukraine of Sabotaging Peace Negotiations - Kyiv Post,Google News — peace talks,2026-09-19T06:01:10+00:00,https://news.google.com/rss/articles/CBMiS0FVX3lxTE8yYmNHRFhfeEh3bjg1UDF4YkJ3LTVPR0RKZWNBdkN3d21qN2pfQ2ZlMG5hUUxGMGxjcEdNRTdad2cydG5uXzUxa2lHUQ?oc=5,Putin Accuses Ukraine of Sabotaging Peace Negotiations Kyiv Post,en,2026-09-22T19:03:53+00:00
262,Putin accuses Kyiv of refusing to negotiate: They are doing everything to prevent peace - Українська правда,Google News — peace talks,2026-09-18T21:57:00+00:00,https://news.google.com/rss/articles/CBMiZEFVX3lxTFBwREtMTkcyU3BNVFlyMjREQWVfSHFDS0QzYUowM00zMzZnUk5ZTTlMdnlrSmRReE15X0NZTFhfWHJUTXdGQ0FRcmJUXzhMaXFaeS14Y2N6SFNRUGhMQzFuR3hoNnfSAXBBVV95cUxQV1JoZHphZFFuZlpJcTdpbE5HZC1BUDI4aWZJb096X210YkViT05Yd0ZJa2w0bnAxWl9VVnFfNDUwUi0zWTRGYzZLUWFOdXIwNDZ1WG03VHJHLW50QVluODU2Znp0a3p6SEt3WlNxVzdw?oc=5,Putin accuses Kyiv of refusing to negotiate: They are doing everything to prevent peace Українська правда,en,2026-09-22T19:03:53+00:00
191,"Qatar a 'trusted mediator, active partner in multilateral action system' | Gulf Times - Gulf Times",Google News — peace mediation,2026-09-18T21:00:00+00:00,https://news.google.com/rss/articles/CBMiuAFBVV95cUxNOWd0UG1kZ0MzOWNWWUp0dFZYT0F5QWdFcl9Qa253cHJIRzRxUDRlNG40WVFzcElld0RtcDhvUU9wWDlxOEFGbFFQbWF2YmJJX05KUm1NSVFGT0dQdTNmTGxoRzdmNFEySzdqcVZBbWtXdXpuMk9RU3VXcFlHUmU1VlFvQThzRkw2QjdCQ0JxZ0hCdEdtRWY0TTA0M0ExTGY5d2YyX2ZSLWloTEFwQ1lDblBNOE81TkFN0gG-AUFVX3lxTFBGTTl1S2liN3FveXNVRWsxUkpNM1UyUVZINFo5dy1wUXV1U0tvTWhHaFB0MXAwWnFfOFIyUTBvM2tzSmhoSTU5MVNIMXB6MXhCeFJDOTFIcXBCTjE2dGZpUVhQT3ZMSjhpQUZTd2NXUF9QN3kwVWxBSWVTUTRGcWRoTm03UU5JWG03Wlktc2d0Sks0RVc4Wmw5TndKSlJBamo4WFpRd05JSV9RS3c4ZGJvZTFhc0w4Zlg3R0JpdVE?oc=5,"Qatar a 'trusted mediator, active partner in multilateral action system' | Gulf Times Gulf Times",en,2026-09-22T19:03:53+00:00
32,Somalia Awaits a New Security Order as Mission Drawdown Looms,Crisis Group,2026-09-18T19:00:36+00:00,https://www.crisisgroup.org/cmt/africa/somalia/somalia-awaits-new-security-order-mission-drawdown-looms,"Somalia Awaits a New Security Order as Mission Drawdown Looms pfranz Fri, 09/18/2026 - 21:00 Latest Updates Africa Asia-Pacific Europe Latin America & Caribbean Middle East & North Africa United States Global Issues & Institutions My Reading List Somali police officers walk along a road median while patrolling a busy street in Mogadishu, on November 10, 2025. TONY KARUMBA / AFP Commentary / Africa 18 September 2026 16 minutes Somalia Awaits a New Security Order as Mission Drawdown Looms The multilateral missions that have helped the Somali government fight Al-Shabaab for nearly two decades may be coming to an end. Mogadishu and its partners should get started now developing a plan for what they will do next. Share BlueSky Email Facebook Linkedin Twitter Whatsapp Save Print Related Tags Somalia The multilateral missions that have protected Somalia’s government from the jihadist insurgent group Al-Shabaab since 2007 could be drawing to a close. In early July, the U.S. informed the African Union (AU) that it would not back an extension of the UN Support Office in Somalia (UNSOS) – which provides crucial logistical assistance to the AU’s Support and Stabilisation Mission – beyond the end of its current mandate in December. The U.S. position has subsequently softened, with U.S. diplomats telling the AU in September that Washington would consider a twelve-month extension before calling a stop to further UN aid. This development buys time for a more orderly drawdown or some kind of transition. But the reality remains inescapable: the security blanket that Somalia has lived under for almost two decades is on borrowed time. The forthcoming UN General Assembly provides a prime opportunity for the Somali government, the AU and its security partners to kickstart essential discussions about how to keep Somalia safe. Given the AU mission’s reliance on the UN to provide water, food, fuel and transport, it will almost certainly be unable to continue in anything like its present form without UN help. The AU, its foreign partners and the Somali federal government are considering how to keep the mission going, but they do not have any particularly enticing options in mind. There is no clear alternative to the UN office, whose budget is nearly half a billion dollars, when it comes to setting up, running and paying for a multinational force. That said, predictions that the prospective end of UN and possibly AU security assistance will see the government collapse and Al-Shabaab emerge victorious are wide of the mark. While Al-Shabaab remains a major threat to the Somali government and controls swathes of southern and central Somalia, the group is largely confined to rural areas. The government’s grip extends to most urban centres, with security in the capital Mogadishu improving sharply in recent years. Support from the UN has helped maintain this precarious status quo. But an end to multilateral assistance need not culminate in the federal state’s downfall, even if a mismanaged transition could spell trouble. A combination of Somali and other international forces, including those already stationed in the country, should form part of a new international security structure. It is now up to Mogadishu and its international partners to begin planning this shift before it is too late. Approximate areas of operation for AUSSOM troop contributors. Some troop contributors maintain bilateral contingents in addition to their AUSSOM deployments. Source: Crisis Group research as of September 2026. CRISIS GROUP More Trouble for a Struggling Mission The AU mission and its UN logistics support office – the mainstay of foreign assistance for Somalia’s security – rely on troops from Africa and funds from farther afield. Ugandan troops were the first to be deployed upon the mission’s launch in 2007, followed soon thereafter by forces from Burundi and Djibouti. Kenya and Ethiopia joined in 2012 and 2014, respectively, after first launching their own bilateral interventions to safeguard their borders from Al-Shabaab incursions. The mission pushed the jihadist group out of many urban centres in south-central Somalia in the 2010s, including Mogadishu in 2011. More recently, however, the AU has struggled to find money for the mission, with long-time donors like the EU whittling down their contributions and pushing for the exit door. The mission has been running a large deficit for several years, even as it has taken measures to cut spending. Troop numbers have dwindled from 22,000 in the mid-2010s to around 12,000 today. Instead of launching offensive operations deep in the hinterlands controlled by Al-Shabaab, the mission has turned more toward protecting urban areas it already holds, while playing a supporting role in Somali army campaigns. The financial crunch has since extended to the UN’s logistical support, funded through UN assessed contributions – mandatory dues paid by all member states to underwrite the global body’s operations. Even before the Trump administration took office, U.S. officials were wary of the model that sees UN finances flow to a non-UN mission, regarding it as an undesirable precedent. In early 2025, the U.S. blocked a proposal for the AU mission to also receive funding through UN assessed contributions, arguing in part that the UN is already spending heavily on UNSOS. In September 2025, the U.S. shelved planned contributions to the UN peacekeeping budget, including for UNSOS. Hence, its refusal to support the office’s existence any further does not come as a complete surprise. Much as Washington has no wish to see an Al-Shabaab resurgence, it seems to be pulling the plug on a setup that has done much to keep the group in check. Much as Washington has no wish to see an Al-Shabaab resurgence, it seems to be pulling the plug on a setup that has done much to keep the group in check. Despite this apparent contradiction, the U.S. government believes that the status quo is no longer tenable: the multilateral missions are not as effective as they once were, while the Somali government should bear the primary responsibility for leading the fight with Al-Shabaab. U.S. diplomats believe that Somali elites are skirting their duties, preoccupied with pursuing political vendettas rather than combating jihadists. It is difficult to know if President Donald Trump’s evident personal animus toward Somalia has also played a role. A number of U.S. officials agree that ending UNSOS, and by extension threatening the existence of the AU mission, is a risk. It was probably for this reason that the U.S. backtracked in September to grant the UN mission an additional twelve months to draw down. But this move only defers rather than eliminates the challenges ahead. The U.S. argues that Mogadishu can keep Al-Shabaab at bay by enhancing the deployment of Somali forces, and combining this measure with assistance from abroad, including troops from neighbouring countries and air support from the U.S. and Türkiye. The U.S. says it remains ready to contribute to fighting Al-Shabaab. It just no longer wants to do so through a multilateral vehicle that it regards as an unnecessary expense. Are There Alternatives to UNSOS? The drawdown and eventual closure of UNSOS would, in effect, mean that the AU mission could not continue as currently designed. The UN mission keeps AU troops supplied with food, water and fuel, sustaining nearly 50 bases across southern Somalia. It also provides transport for AU deployments. When funds permit, it supports Somali soldiers operating alongside the AU personnel. Privately, AU officials say the mission cannot continue without UN support: one termed the U.S. decision on the UNOSOS mandate “life-threatening”. Even with a twelve-month stay of execution, the UN support office’s coming year will be focused on winding down its extensive logistical responsibilities. Deciding what comes next has become imperative for the Somali authorities. A few options for logistical assistance for the AU mission have been mooted, but all face serious drawbacks. In July, the Somali government, the AU and troop-contributing states met in the Ugandan capital Kampala to discuss the mission’s future. They endorsed a plan for uninterrupted support for another eighteen to 24 months, a period that would be used to carry out offensives against Al-Shabaab and a more gradual drawdown. For Washington, however, an extension of UN support beyond what is now on the table is out of the question, a stance it communicated in September. Another option would be for the AU to use the time UNSOS has left to replace it with an AU logistical mission. Another option would be for the AU to use the time UNSOS has left to replace it with an AU logistical mission. But given the AU’s lack of experience in running such a complex operation, this option appears unworkable in the near term. The AU could subcontract logistics to a private company, but diplomats note that it would take up to two years to establish a mission with capabilities similar to those of UNSOS. Even if it were possible, the financial crunch would not vanish. With the AU mission unable even to cover troop stipends, there is no way at present that it could shoulder the costs of logistics. The deeper pockets of partners alarmed by the possibility of an imminent worsening of Somali security, such as the EU or Gulf Arab countries, might be prised open to an extent. But with so many other crises competing for resources, a donor boost remains a long shot. Alternatively, the AU could take whatever funding is available from the EU and others, channelling it toward covering troop stipends and the logistics of a smaller mission. This option would enable the AU to maintain its presence, but only by sacrificing its operational clout, perhaps by retrenching at a few key locations, most likely in and around Mogadishu and regional capitals. But countries contributing troops to the AU mission already argue they do not have enough personnel to protect themselves, let alone undertake forward operations. Reducing their numbers further could end up at a point where the mission is unable to defend itself or others from Al-Shabaab attack. With limited funding committed for 2026 and nothing beyond that, the AU might also find it difficult to win donors over to the idea of supporting a less effective version of the same mission. A further variant of this option is being floated in Addis Ababa, where the AU has its headquarters: reconfiguring the mission under a new regional mechanism, but still with an AU mandate. In this scenario, many of the African troops deployed in Somalia would stay, but under a setup not unlike the Multinational Joint Task Force in the Lake Chad basin, a regional initiative to combat Boko Haram. Parallels with the Lake Chad basin are imperfect, however: the various national militaries operating there largely do so inside their own frontiers, coordinating more on cross-border matters. The proposal also offers little by way of a solution to the logistics and funding dilemmas, simply passing the buck to troop-contributing states. One or another of these options might emerge to enable Somalia’s multilateral security support to stagger on past 2027. The U.S. decision to grant an extra twelve months buys time to evaluate all the options and allows for less haste in the overhaul. But one way or another, a transition, with all its uncertainties, appears imminent. Turning to Somali Forces The AU’s exit strategy is premised on Somali forces standing ready to take the mission’s place when it finally shuts down. There is no doubt that the Somali National Army has boosted its strength in recent years, generating upward of 10,000 new troops under training schemes supported by foreign partners like Türkiye, the United Arab Emirates and Eritrea. But it is still ill-prepared to fully and rapidly take the AU mission’s place. Certain areas handed over by the mission to Somali forces in recent years have later fallen into Al-Shabaab’s hands. Even when the Somali army has led operations against Al-Shabaab, such as in Lower Shabelle in 2025-2026, it has remained dependent on external support. Somali officials have argued for many years that they can take full responsibility for security, but that they need more time. Many in the current government and its predecessors have wanted Somali forces to step up, only to find themselves hamstrung by political rifts within the federal system that have weakened the national security apparatus. State-level forces are generally underdeveloped, while the divisions between federal officials and leaders in Puntland and Jubaland, who are at loggerheads over how power and resources are divided in Somalia’s federal system, hinder the emergence of a unified national army. During times of political crisis, such as the election-related turmoil at present, federal and state forces sometimes turn their guns on each other. These shortcomings have driven Mogadishu to establish a series of bilateral security agreements with Uganda, Kenya and Ethiopia, ensuring that their troops will stay despite the AU mission’s withdrawal. Uganda reportedly has a force of around 2,000 troops stationed in and around Mogadishu, while Kenya and Ethiopia retain larger contingents closer to their own borders. Bilateral foreign forces in Somalia have remained stable even as the AU mission shrinks, a trend that will probably continue after its eventual departure. What Could a New Security Approach Look Like? The AU mission’s future is for now unclear. While replacing support from the UN, and possibly finding a substitute for the mission, would undoubtedly be a huge undertaking, the situation is not hopeless. With proper planning, political leadership and a measure of continued foreign backing, the Somali government should be able to shift from dependence on a multilateral force to a series of bilateral relationships that prevent a major security breakdown and sweeping military gains by Al-Shabaab. That said, there is little doubt that the impending loss of the UN support office’s annual spending on Somali security needs will cause headaches. Even if the AU manages somehow to retain a presence, the most likely shape of Somalia’s future security support will derive chiefly from the deeply rooted interests of Mogadishu’s foreign partners. Key members of the AU mission, particularly Kenya and Ethiopia, are primarily motivated by border security, particularly the desire to maintain a buffer against Al-Shabaab. Uganda’s President Yoweri Museveni views his country’s longstanding deployment as a key part of his legacy. He likely holds out hope that Mogadishu will be able to find a donor to pay for Ugandan units stationed around the capital. From outside the region, Türkiye has become Somalia’s most important bilateral partner in recent years, training thousands of Somali troops as well as deploying advanced military assets like drones and F-16s. Ankara also remains keen to protect its wide-ranging strategic investments in the country. The U.S., for its part, asserts that it will, for now, maintain its bilateral counter-terrorism operations, particularly its drone program. Making full use of these various bilateral arrangements is the most pragmatic way to go about preventing a serious deterioration in security after UNSOS closes. Making full use of these various bilateral arrangements is the most pragmatic way to go about preventing a serious deterioration in security after UNSOS closes, regardless of what happens to the AU mission, while buying more time for the Somali military to assume greater responsibility. The AU mission’s major troop contributors would ideally keep most of their contingents where they are, arranging their own logistics in the process, but changes are likely. The loss of UNSOS assistance will probably spur Kenya and Ethiopia into consolidating positions nearer their own borders, while Uganda will probably focus more on protecting Mogadishu and its environs. Smaller troop contributors like Burundi and Djibouti, on the other hand, may be less inclined to continue without additional support. In areas where foreign troops do withdraw, Somali forces should prepare to take over. Mogadishu claimed in early August that it has 14,000 troops available for military operations, who could instead be deployed as holding forces to take the place of departing AU personnel. Somali troops tend not to be as well trained or equipped as their AU counterparts, however, making a one-to-one switch from AU to Somali soldiers a hazardous proposition. Taking these steps might contain Al-Shabaab to its rural bastions and avoid the loss of major cities. Proper coordination with bilateral forces could help protect the most strategically important areas, including towns, infrastructure and supply routes. But a modest fallback from some of the positions that are now under the AU mission’s control seems inevitable. Uganda, for example, maintains more than a dozen bases in the Lower Shabelle region, which will be difficult to hold without UNSOS logistical support. Smaller towns surrounded by Al-Shabaab, such as Qoryoley, could be at risk of falling to the insurgents once the AU pulls out. Parts of Hirshabelle would also be vulnerable due to the concentration of Al-Shabaab forces in the area since 2025, adding pressure to towns along the main road in the state, such as Jalalaqsi. Even small losses could give momentum back to Al-Shabaab, while the capture of roads and economic centres would help sustain the group financially. It may be possible over the coming years to keep parts of the battlefield tilted in the Somali authorities’ favour through the calibrated deployment of foreign troops, especially when it comes to the defence of urban centres and transport arteries. Still, the systemic challenges to Somali security thrown up by a radical change in security arrangements cannot be wished away. If they are left unaddressed, the danger will rise of greater government losses and an Al-Shabaab surge outside its rural strongholds. First, shifting the security burden onto African states will not resolve the funding problem unless donors and Somali officials take bold steps. If the AU wants to remain involved, it will have to do more to raise its own funds. If not, the AU mission’s current backers – primarily the EU and UK, which in 2025 together contributed approximately $90 million – could find ways to transfer this support to cover logistics and stipends for troop-contributing states from the region and Somali forces. Gulf Arab states, which number among Somalia’s key backers, may even be more inclined to support bilateral forces, viewing multilateral support as a poor investment because it translates into minimal diplomatic influence. Even though its resources are strained, the Somali government could also reduce the burden on foreign donors: the government has managed to raise domestic revenue in recent years and has even funded a number of internal military operations and deployments. The more it can take on, the less it will need to lobby the same donors on behalf of other African troop contributors. Secondly, the Somali government, troop-contributing countries and donors will need a forum in which to debate the country’s security needs and priorities. Security coordination within the AU mission has often proven a challenge, but the mission’s guiding framework helped ensure that its contributors adhered to a basic common strategy. The government should now establish a new forum that would meet regularly to coordinate with its bilateral partners, enabling Mogadishu to impress upon them the country’s main security requirements and hopefully curbing the pursuit of individual interests by troop-contributing states. Somalia’s security partners in turn should focus on fulfilling their security roles and avoid meddling in local politics in their areas of operation. A forum could also be an opportunity for the government to detail a national plan for Somalia’s future security, which would help assuage local concerns that a transition might leave some parts of the country better protected than others. Without effective coordination, bilateral security relationships could hasten the country’s fragmentation by fracturing it into various zones of influence that overlap with Somalia’s current divisions between the federal authorities and assertive member states. Furthermore, there is a risk that powerful partners might look to Mogadishu to provide exclusive concessions – economic or otherwise – in return for military assistance. Better coordination with multiple partners will help the Somali authorities handle these demands and keep the focus on making the country safe. With negotiations on the AU mission’s next mandate set to kick off at the UN Security Council by December, Somalia would benefit greatly from having a plan and buy-in from security partners in place by then. What Should Happen Now? Somalia’s multilateral security system has been limping toward its finale for several years. Establishing a new model without the UN support office and possibly the AU mission will be arduous; a series of bilateral security relationships is unlikely to match what multilateral deployments have achieved. Current funding and geopolitical realities, however, make this shift the most realistic option beyond 2027. The government should be using the time it has to make this change work. A clear grasp of the challenges ahead would be a good place to start. Diplomats from some of Mogadishu’s security partners say both the government and the AU expect that further compromises can be hammered out over the future of UNSOS. If so, that confidence is misplaced. The Trump administration appears intent on seeing the end of the UN support mission, even if it has signalled that more time is available to allow for a smoother transition. It is also hard to gauge how much UNSOS will be able to do in 2027 as it focuses on its liquidation. Rather than assume business as usual, Mogadishu and its partners should use the temporary reprieve they have been granted to construct a new security system that can kick into action as early as the second half of 2027. The Somali government should urgently convene its security partners to establish a broad division of responsibilities and priorities to follow the departure of UNSOS. Setting out a viable plan for the country after UN support winds down also has a better chance of attracting fresh donor backing. A shift primarily to bilateral support is still a temporary measure, and it should only buy time for a lasting solution to the country’s troubles: a Somali government that can manage its own security needs. Mogadishu’s shortcoming in achieving this goal, despite two decades of foreign support, is rooted in entrenched political divisions rather than just financial and technical challenges. In the short term, the government should be ready to deploy troops to areas likely to be vacated by foreign troops; it should launch major new offensives only once the transition has been consolidated. But for the security transition to work over the long term, Somalia’s government and political class must address their political divisions and row in the same direction. They could start to do so by resolving the dispute regarding the timing and format for elections, continuing by concluding these polls swiftly so that an incoming administration with a clear mandate can take office. The new administration should make preparing for a security transition an overriding priority. It should lay out a plan for how Somali forces can take over from foreign troops, including by bringing federal member states into discussions regarding the future of Somali security. Such a plan is the best way to realise the country’s full sovereignty – an oft-stated ambition of the Somali government. But the longer political disputes drag on, the greater the risk that the transition to Somali forces falters and Al-Shabaab resurges. The U.S. decision to pull the plug on UNSOS appears to be a defining act in the decline of Somalia’s multilateral security system. In its aftermath, short-term gains by Al-Shabaab look inevitable. But a well-managed transition should help mitigate any losses and lay the groundwork for Somalia’s eventual stability. Related Tags More for you Briefing / Africa New Chapter, Same Stalemate: Somalia’s War with Al-Shabaab Briefing / Africa Seven Peace and Security Priorities for Africa in 2026 Also available in Français",en,2026-09-22T19:03:53+00:00
46,Conflict Resolution Training Sessions with Indigenous Women Activists in Amazonia (Brazil) - kcl.ac.uk,Google News — conflict mediation,2026-09-18T16:59:19+00:00,https://news.google.com/rss/articles/CBMiuwFBVV95cUxQQ0lyM0ZUbEZzVVdyWFFBajFYdl9kb1hWaXBLTFZwWGxoU3lBZkk3RTZ0Sktvc1pBc0cwY2hKNVJoRjZsQXdHQmd2NzhCQ1hQR1FEZ09SV3hkUktXOGIyMldJdTFpcTh3LWhSeEgyY3NuRGtXS1lLLTQyZ2FvUGp5MUFfdmVEQkZBOFhaUHRrN2xXQmhwWG5IWHZfZHQxY3pPVVd2YXhHa2JVZkZlY2w2LVRoZG1Ud2xERlNB?oc=5,Conflict Resolution Training Sessions with Indigenous Women Activists in Amazonia (Brazil) kcl.ac.uk,en,2026-09-22T19:03:53+00:00
33,"The UN’s High Level Week, Secretary-General Selection and “Middle Power” Problem",Crisis Group,2026-09-18T15:29:56+00:00,https://www.crisisgroup.org/pod/global/uns-high-level-week-secretary-general-selection-and-middle-power-problem,"The UN’s High Level Week, Secretary-General Selection and “Middle Power” Problem hschaub Fri, 09/18/2026 - 17:29 Latest Updates Africa Asia-Pacific Europe Latin America & Caribbean Middle East & North Africa United States Global Issues & Institutions My Reading List Podcast / Global 18 September 2026 1 minute The UN’s High Level Week, Secretary-General Selection and “Middle Power” Problem This week on Hold Your Fire!, Richard Atwood is joined by Crisis Group experts Richard Gowan and Daniel Forti to discuss next week’s UN General Assembly high-level week and whether a new Secretary-General can revive the organisation’s peacemaking as global turmoil spreads. Share BlueSky Email Facebook Linkedin Twitter Whatsapp Save Print Related Tags Multilateral Diplomacy In this episode of Hold Your Fire! , Richard Atwood speaks with Richard Gowan, Crisis Group’s Director for Global Issues and Institutions, and Daniel Forti, Head of UN affairs, ahead of next week’s UN General Assembly high-level week. They explore the mood at the UN, its shifting relations with Washington and its shrinking role in peacemaking worldwide, particularly in the Middle East. They assess current Secretary-General António Guterres’s legacy, the contenders to succeed him and whether new leadership can reinvigorate the organisation’s peacemaking while defending the UN Charter’s principles and rebuilding relationships with powerful states. They also discuss how UN peacekeeping missions can adapt to fragile ceasefires and how much Western and non-Western mid-sized powers, which appear increasingly drawn to other forums, will invest in the UN’s future. Listen on Apple Podcasts or Spotify . For more check out our special briefing “ Ten Challenges for the UN in 2026-2027 ” and our multilateral diplomacy page. Related Tags More for you Special Coverage / Global Updates from the UN General Assembly 2026 Op-Ed / Global Make the U.N. Great Again: The Uphill Struggle Facing the Next Secretary General Originally published in TIME",en,2026-09-22T19:03:53+00:00
34,"The Houthis, the Saudis and the New Red Sea Politics",Crisis Group,2026-09-18T13:17:19+00:00,https://www.crisisgroup.org/pod/africa/horn-africa/houthis-saudis-and-new-red-sea-politics,"The Houthis, the Saudis and the New Red Sea Politics hschaub Fri, 09/18/2026 - 15:17 Latest Updates Africa Asia-Pacific Europe Latin America & Caribbean Middle East & North Africa United States Global Issues & Institutions My Reading List Podcast / Africa 18 September 2026 1 minutes The Houthis, the Saudis and the New Red Sea Politics This week on The Horn , Alan talks with Crisis Group experts Yasmine Farouk and Ahmed Nagi about what’s behind the Houthi offensive in Yemen, Saudi Arabia’s response and the implications of emerging Saudi-backed security partnerships for the Red Sea and the Horn of Africa. Share BlueSky Email Facebook Linkedin Twitter Whatsapp Save Print Related Tags Horn of Africa Yemen Saudi Arabia In this episode of The Horn , Alan is joined by Crisis Group’s Arabian Peninsula director Yasmine Farouk and senior Yemen analyst Ahmed Nagi to explore why Yemen’s truce is unravelling and what renewed fighting means for the Red Sea and the Horn of Africa. They examine how stalled Saudi-Houthi negotiations and the U.S.-Israel war on Iran are contributing to the latest escalation, and how Houthi attacks and threats against shipping through the Bab al-Mandab strait add to pressure on Saudi oil exports. They then discuss emerging Saudi-backed security partnerships, including the Red Sea maritime coalition and the R4 grouping of Saudi Arabia, Türkiye, Egypt and Pakistan, exploring their implications for the Horn. Finally, they assess stalled Sudan diplomacy, the Houthis’ ties with armed groups in Africa and the risk that Yemen’s conflict could spread across the Red Sea. Click here to listen on Apple Podcasts or Spotify . For more, check out our latest statement “ Closing the New War Front in Yemen ” this week’s Hold Your Fire! episode “ Will the Houthis Shut Down the Bab al-Mandab Strait? ”, Yasmine’s commentary “ Can a New Initiative Help the Gulf Region Escape the U.S.-Israel-Iran Trap? ” and our Gulf and Arabian Peninsula and Horn of Africa pages. Related Tags More for you Commentary / Horn of Africa As the Horn of Africa Nears Boiling Point, Time for Urgent Diplomacy On the Horizon / Africa On the Horizon: July-December 2026",en,2026-09-22T19:03:53+00:00
9,Yemen’s humanitarian crisis growing by the hour amid spike in displacement,UN News,2026-09-18T12:00:00+00:00,https://news.un.org/feed/view/en/story/2026/09/1168364,"People displaced by the renewed fighting in Yemen have described fleeing for their lives amid shelling and gunfire, aid agencies reported on Friday, while highlighting the dramatic increase in humanitarian needs in the country and in Djibouti, where thousands have sought shelter.",en,2026-09-22T19:03:53+00:00
8,Women and girls pay high price in DR Congo Ebola outbreak,UN News,2026-09-18T12:00:00+00:00,https://news.un.org/feed/view/en/story/2026/09/1168368,"The deadly Ebola outbreak in the Democratic Republic of the Congo (DRC) has taken a disproportionate toll on women and girls, many of whom are on the frontlines caring for patients as well as their own families despite the high risk of infection.",en,2026-09-22T19:03:53+00:00
7,Sexual violence against civilians and POWs in Ukraine widespread and ‘abhorrent’,UN News,2026-09-18T12:00:00+00:00,https://news.un.org/feed/view/en/story/2026/09/1168374,"Over 1,000 cases of sexual violence against civilians and prisoners of war (POWs) in Ukraine have been documented from the start of Russia’s invasion to the end of July this year.",en,2026-09-22T19:03:53+00:00
6,Security Council LIVE: UN peacekeeping under pressure,UN News,2026-09-18T12:00:00+00:00,https://news.un.org/feed/view/en/story/2026/09/1168376,"UN peacekeepers have increasingly been sent into places where there is no peace to keep – under resourced, outgunned and exposed to violence they are not equipped to counter. The Security Council meets this afternoon in New York to confront that problem, with Secretary-General António Guterres briefing ambassadors on how to close the gap.",en,2026-09-22T19:03:53+00:00
35,Closing the New War Front in Yemen,Crisis Group,2026-09-18T11:46:30+00:00,https://www.crisisgroup.org/stm/middle-east-north-africa/yemen-saudi-arabia-iran/closing-new-war-front-yemen,"Closing the New War Front in Yemen cthuratong Fri, 09/18/2026 - 13:46 Latest Updates Africa Asia-Pacific Europe Latin America & Caribbean Middle East & North Africa United States Global Issues & Institutions My Reading List Internally displaced (IDP) Yemenis who fled their homes due to renewed clashes between Yemen's Saudi-backed government forces and the country's Houthi rebels drive to the safety of al-Kadah in the Taiz Governorate, southwestern Yemen on September 6, 2026. Ahmad Al-Basha / AFP Statement / Middle East & North Africa 18 September 2026 9 minutes Closing the New War Front in Yemen The Houthis’ rapid advance on the western Yemeni coast has opened a new front in the Middle East war that began with February’s U.S.-Israeli attack on Iran. A truce in Yemen is an urgent priority, so that hostilities do not spiral, drawing in more countries. Share BlueSky Email Facebook Linkedin Twitter Whatsapp Save Print Related Tags Yemen Saudi Arabia Iran In mid-September, Houthi rebels charged down Yemen’s western coast, seizing strategic territory from government-aligned forces and turning the country into an active front in the Middle East confrontation pitting the U.S. and Israel against Iran. Their rapid advance has also brought Bab al-Mandab, the strait connecting the Red Sea to the Gulf of Aden, squarely into the region-wide struggle, in which the Houthis side with Tehran . On 11 September, government-linked forces lost the coastal city of Mokha and much of the defensive system stretching from southern Hodeida through western Taiz toward Bab al-Mandab, upending the local military balance and putting the Houthis in a stronger position from which to attack the government’s principal ally, Saudi Arabia, and shipping in the Red Sea. The gains come as traffic through the Strait of Hormuz is already bottled up by overlapping Iranian and U.S. restrictions, putting further pressure on world oil markets. The immediate priority should be to reach a truce. Oman, in particular, should use its channels to all sides to achieve a freeze in their positions: the Houthis would halt their escalation both inside Yemen, particularly around Taiz, and against Saudi Arabia; in return, Saudi Arabia and the Yemeni government would cease all hostilities with the rebels. Iran, which may see benefit in another front heating up, is running considerable risk in further alienating its neighbours. Instead, it ought to use its leverage to push the Houthis in a conciliatory direction – a step it would be far more likely to take amid de-escalation with the U.S. along the lines of the memorandum of understanding, now defunct, reached in June. The next challenge will be to renew talks about a political settlement, backed by confidence-building steps concerning Sanaa airport and the Yemeni economy as well as by Iranian support for reciprocal Houthi restraint. The Houthis Gain a Strategic Foothold The Houthis’ offensive on the western coast marks yet another flare-up of Yemen’s conflict, as the rebels attempt to break a long-running stalemate with the internationally recognised government and its Saudi backers. The surge in fighting began with attacks on 20 July on Saudi territory and Saudi-linked ships in the Red Sea, before the Houthis launched a ground assault on government-aligned forces and seized the coastline. The Houthis had previously spent weeks probing the government’s defences. In August, they repeatedly struck the town of Mokha, as well as its port and nearby positions, with ballistic missiles, drones and explosive-laden boats, while attempting to infiltrate the front line in western Taiz. These preparatory attacks allowed them to identify key defensive positions, gauge reinforcement times and test how government-aligned formations would respond to simultaneous pressure. The decisive battle commenced when Houthi forces moved against the government’s supply lines near Mokha. Advances through the western mountains in Taiz, followed by capture of an encampment used by government-linked forces, threatened the roads connecting Taiz, Hodeida, Mokha and Bab al-Mandab. Once the encampment fell, Mokha lost much of its defensive depth. Withdrawal may have spared government units from encirclement, but it also handed the Houthis a major victory and a foothold farther down the coast. The map shows areas of control and the main front lines in western and eastern Yemen as of September 2026. Source: Crisis Group research / CRISIS GROUP The speed of the coastal front’s collapse reflected a deeper weakness in the anti-Houthi camp. An amalgam of government-aligned forces – the National Resistance, Giants Brigades, National Shield and Taiz axis units – were defending the coast but each with separate chains of command and sources of supply. They were not functioning as a single army with integrated reserves and air defence. These formations historically also had separate relationships with outside patrons. Saudi Arabia supports some of them, but the United Arab Emirates had stood up a number of others, and its withdrawal from Yemen in January, following a falling-out with the Yemeni government and Riyadh, left a political and logistical breach that complicated communications within the coalition. The Houthis exploited the gaps. Once its line began to break, the government had no unified command capable of coordinating retreats, reinforcements or counter-attacks. For the Houthis, the advance’s value lies in the momentum it generates for their domestic agenda, especially in tandem with Iran’s actions in the Strait of Hormuz. They are cash-strapped, but if economic gain had been their principal objective, eastern Yemen would have offered more obvious rewards, given that it comprises the country’s main oil fields. Bab al-Mandab offers something better: influence over a maritime chokepoint at a moment when another, the Strait of Hormuz, is under severe pressure. This influence is powerful leverage for both the Houthis in talks with the Saudi-led coalition arrayed against them and for Iran in its showdown with the U.S. In previous negotiations, the Houthis had sought several measures, such as oil revenue sharing and payment of salaries to civil servants in areas under Houthi control. In 2023, shortly before Hamas’s 7 October attacks derailed the deal, they had arrived at an understanding with the Saudi-led coalition that gave them some of what they wanted, for instance opening Sanaa airport to flights to and from five international destinations. Now, emboldened by their march down the coast, the rebels are demanding the items above, but also much more: an end to Saudi support for the Yemeni government, Saudi withdrawal from Yemen and war reparations. They see cross-border attacks and control of heights overlooking Bab al-Mandab – which allows them to impose what they describe as an embargo on Saudi-linked shipping – as the means of achieving these ends. As for Iran, by compounding the disruption of commerce in the Strait of Hormuz, the Houthis’ approach serves the goal of driving up oil prices, thus augmenting international and domestic political pressure on the Trump administration as the U.S. midterm elections in November draw near. High Stakes for the Saudis For Saudi Arabia, the Houthi advance sharpens an increasingly dangerous two-strait problem, in which its ships face peril in both the Strait of Hormuz and Bab al-Mandab. Riyadh had tried to prepare for this contingency by strengthening Yemeni government forces, building multilateral deterrence arrangements and keeping channels open with the Houthis and Iran. All three elements of this strategy are now under strain. The coastal front’s breakdown exposed the limits of military consolidation, while international backing remains, for now, focused on sharing intelligence and defending the kingdom itself rather than battling the Houthis. Emerging agreements with Pakistan and Türkiye may bolster Saudi surveillance and air capabilities, but they are unlikely to alter the balance inside Yemen. As for the U.S., President Donald Trump has made clear his reluctance to get involved, saying the Houthis reached out before their offensive to assure Washington they were not looking for another fight like that during the 2023-2025 Gaza war, when they last menaced Red Sea shipping in a systematic way. European and Arab powers will likely support Riyadh, though they also have their limits. Finally, Saudi diplomacy with Tehran and the Houthis has clearly not changed these actors’ calculations. For the kingdom, economic stakes are high and rising. The Houthis resumed fire at Saudi-linked vessels in the Red Sea just as they also attacked Saudi energy facilities and Iranian-backed Iraqi Shiite armed groups launched missiles that led to closure of Saudi Arabia’s East-West oil pipeline. On 11 September, after the above-ground pumping stations were hit, Saudi Arabia closed the largely underground pipeline. The conduit had been carrying 3-4.5 million barrels per day toward the Red Sea, helping offset the constriction of the Strait of Hormuz. At the same time, Saudi crude transits through Bab al-Mandab fell from more than 3.5 million barrels per day in early July to near zero in August. Riyadh has been relying more heavily on Egypt, shipping oil by tanker to Ain Sokhna on the Red Sea, then through the Arab Petroleum pipeline 320km north west to the Mediterranean. There, it is reloaded onto tankers headed for Europe, as well as for Asia around the Cape of Good Hope. That lengthy route was already adding time and cost; in addition, too few tankers were available. Even with reports of larger Saudi shipments through Hormuz under U.S. protection, the flow of oil from Saudi Arabia will remain lesser than usual, vulnerable to attack and thus more expensive. The combination of Houthi control of Bab al-Mandab and attacks on energy infrastructure will inevitably have consequences for Saudi Arabia’s economy, regional trade and global energy markets. Riyadh may conclude that it needs a measure of military success to prevent Houthi gains from becoming entrenched and push the group back toward negotiations. It is likely to combine airstrikes on Houthi positions on the western coast with greater support for Yemeni government forces seeking to recover lost ground, while it looks for alternative ways of shipping out its oil. But Saudi Arabia has little appetite for a return to the large-scale operation that proved so costly after it first intervened to reinstate the Yemeni government in 2015. In the absence of active U.S. involvement, its preferred course will be to enlist willing and able regional and European countries in its efforts to defend Red Sea shipping and its territory. It may also seek their logistical support for its airstrikes in Yemen, while leaving the ground war largely to Yemeni forces and trying to revive its diplomacy with Tehran and the Houthis. That approach could contain the immediate threat, but should it fail, a widening campaign could draw Yemen deeper into the Middle East war, expanding it to both shores of the Red Sea and hardening Saudi Arabia’s position toward Iran. A Way Out The danger is that both sides draw the wrong lesson from the latest fighting. The Houthis may conclude that territorial gains and maritime pressure can extract major political concessions, leading them to dig in demanding not just salary payments and reparations but political recognition as a legitimate authority in Yemen. But it is virtually impossible for Saudi Arabia to agree to such steps, which it would see as tantamount to surrender, with all of the attendant political and strategic costs. Saudi Arabia and the Yemeni government may, in turn, try to reverse their fortunes by enlisting more countries on behalf of their campaign and opening several fronts at once, hoping that the Houthis will relent, notwithstanding the rebels’ record of resiliency under duress. Either course could tip Yemen back toward full-scale war and worsen what is already a catastrophic humanitarian crisis in the country. The first objective should thus be to freeze the military contest in place. That would entail the Houthis halting their offensive in Yemen and stopping attacks on Saudi territory and shipping. Meanwhile, Saudi Arabia and the Yemeni government would refrain from opening new fronts and pair measures designed to defend their positions with steps that offer the Houthis incentives for restraint. These would include allowing regular commercial flights from Sanaa to the five destinations agreed upon in 2023 and progress on economic arrangements such as payment of civil servants’ salaries. Oman is best placed to broker such a deal, while opening space for the parties to return to negotiations on broader political issues. But Iran, too, should realise that the slide toward broader war could jeopardise its remaining contacts with Saudi Arabia and further nudge other regional countries to align against it. Rather than encourage the Houthis along their current path, it should use its leverage to push for a halt to attacks on Saudi Arabia and an end to further territorial conquest in Yemen. Of course, given how closely the Yemen conflict is connected to the U.S.-Iran confrontation, any such de-escalation would be greatly facilitated by easing tensions between Tehran and Washington – and any sustainable de-escalation likely would require as much. Efforts to that end have failed so far, but events in Yemen should serve as a reminder of the urgency. European and regional states should double down on collective efforts to revive a version of the U.S.-Iran memorandum of understanding reached in June, focused on removing the double blockades on the Strait of Hormuz; issuing waivers for Iranian energy exports; and freezing both new U.S. sanctions and Iran’s nuclear program. For all, the aim should be to work in concert to prevent the confluence of the two fronts from provoking an even wider war that could embroil other regional and international actors in the Red Sea. Related Tags More for you Podcast / Middle East & North Africa Special Episode: Will the Houthis Shut Down the Bab al-Mandab Strait? Commentary / Middle East & North Africa Yemen’s War is Returning",en,2026-09-22T19:03:53+00:00
50,PALS Wants Conflict Resolution Taught Consistently In Schools - Radio Jamaica News Online,Google News — conflict mediation,2026-09-18T09:54:32+00:00,https://news.google.com/rss/articles/CBMipAFBVV95cUxQNWdTdHhaQS1acTBaSC1GYlNaMlFtelhfSjdRMnR1VFNMSGtYZmF5eFdCTzloVC1uMVNmTVRjYUtOV1BxUDNLdzhBc182bFg4eTlQT0RtenNaalh0ZFBqeVdZQ0tPS2VMbHRfejR0ZHVGUTM0SUNqVFJybm54ZHdSWlJ6S0JoNldtYlczWWVVanRRdE5aaWs4VFRSZDdyMXBwbGRmTA?oc=5,PALS Wants Conflict Resolution Taught Consistently In Schools Radio Jamaica News Online,en,2026-09-22T19:03:53+00:00
273,Czech PM calls for Zelenskyy-Putin peace talks to end Ukraine war - Expats.cz,Google News — peace talks,2026-09-18T07:05:00+00:00,https://news.google.com/rss/articles/CBMiqgFBVV95cUxNMkN6TEZYaWxMQWtZZkpSLVFzYmxrYmNrTUU4OUc2cUVuVnctQnpWU1NrckhmRFF6dVQ1ejBzT0NKVHFGdEFER293X1Y0S0JGeG1BOW1yVHh4bzhTRlg1SjRFUDc1bG44ak9TWE1MVlJ6RWNBMzhhOUN2M1poQk1GZ1BWN2R3U29WRGpIVUZJYlF0VnhwMVNobEp0UXhPY0xnM0loOTlBeFpFUQ?oc=5,Czech PM calls for Zelenskyy-Putin peace talks to end Ukraine war Expats.cz,en,2026-09-22T19:03:53+00:00
42,"Mending Conflicts in Maryland - The University of Maryland, Baltimore",Google News — conflict mediation,2026-09-18T07:00:00+00:00,https://news.google.com/rss/articles/CBMiggFBVV95cUxNd2lRRmUwMmROUGdrTlo0VHFKQk1ZYTZVNlR0a2w3MWg3RmdCdEQtUWtwMXNpV3VBUHk1SThBQWdETjNBZnREMENhUXNHM2h0TDcwLTBPdWd4RG1lbGJSaVBId0hjQUdNblNHTUEtcmhpdjlBcUxUQjh0Y3FHQ0xqMHZB?oc=5,"Mending Conflicts in Maryland The University of Maryland, Baltimore",en,2026-09-22T19:03:53+00:00
36,On Our Radar,Crisis Group,2026-09-17T22:00:00+00:00,https://www.crisisgroup.org/sco/global/our-radar,"On Our Radar eschelhaas Fri, 09/18/2026 - 00:00 Latest Updates Africa Asia-Pacific Europe Latin America & Caribbean Middle East & North Africa United States Global Issues & Institutions My Reading List Special Coverage / Global 18 September 2026 20+ minutes On Our Radar On Our Radar scans conflicts and crises around the globe every week and features some of the hotspots Crisis Group’s analysts are closely watching. Whether an under-reported trend or a headline-grabbing development, our field experts explain why it matters or what should be done. Share BlueSky Email Facebook Linkedin Twitter Whatsapp Save Print 18 September 2026 DEMOCRATIC REPUBLIC OF CONGO Protesters streamed into the streets of Kinshasa Tuesday to decry the government’s proposals to change the constitution by popular referendum. One person was killed in clashes with police who intervened to stop the marchers from reaching parliament. Crisis Group expert Richard Moncrieff says the government’s main aim in trying to alter the constitution is to revise the clause imposing a two-term limit on presidents, thereby allowing the incumbent Félix Tshisekedi to stand for a third term. Tshisekedi is keen to hold the referendum soon, despite the opposition, because he senses that the country’s political balance has tilted in his favour. Going ahead with this vote may prove unwise, however, even if it comes off fairly smoothly. It may produce an illusion of political stability that, in turn, deflects attention from urgent tasks like reducing poverty among ordinary Congolese and taming the interlinked wars raging in the eastern provinces. MALI Algerian Prime Minister Sifi Ghrieb visited Bamako Monday in the latest sign of rapprochement between Algeria and Mali, whose relations had deteriorated badly in recent years. Crisis Group expert Jean-Hervé Jezequel says the thaw is welcome news for the Malian authorities. Bamako has been struggling to contain an insurgency linked to al-Qaeda, Jamaat Nusrat al-Islam wal-Muslimin (JNIM), which killed 50 Malian soldiers in its latest attack on an army base last week. JNIM has lately allied with northern separatists who have also been fighting the Malian army. Historically, Algiers has been an important mediator between Bamako and northern armed groups. The warming of Algeria-Mali relations raises hopes that it might again play such a role, though maybe a more limited one given the Malian authorities’ increasingly sovereignist mindset. It could nevertheless help mitigate the conflict that has torn at Mali since 2012. PHILIPPINES Regional parliamentary elections took place on Monday in the Bangsamoro, the swathe of the southern Philippines that won autonomy in 2019 as part of a 2014 peace agreement between Manila and the Moro Islamic Liberation Front (MILF). At least five people were killed and twenty injured during the vote, though violence was less widespread than feared, with incidents concentrated in a few locations. No party secured an absolute majority, meaning that politicians will likely need to form a coalition. Crisis Group expert Georgi Engelbrecht says the incoming government, slated for inauguration by 30 October, will likely pair former MILF rebels with representatives of the region’s traditional political clans, unless the ex-insurgents, who have split into two factions, can reunite. The elections were a big step forward for the Bangsamoro peace process, with all eyes now on a crucial meeting between national government and MILF delegations to discuss gaps in fulfilling the 2014 accord’s terms. 11 September 2026 IRAN The International Atomic Energy Agency referred Iran to the UN Security Council Wednesday for breaching its nuclear non-proliferation obligations, marking the first time in twenty years the organisation has taken such a step. Tehran condemned the decision, blaming U.S. and Israeli strikes on its nuclear facilities for disrupting the agency’s inspections. Crisis Group expert Naysan Rafati says concerns about Iran’s lacklustre cooperation with the UN watchdog have been mounting for years, capped by over a year of blocked access to key sites bombed by the U.S. and Israel in June 2025. Given that UN sanctions were already reinstated last year, and the expectation that China and Russia will shield it from additional punitive measures at the Security Council, the referral may harden Iran’s obduracy rather than cajole it into overdue cooperation. LEBANON Israel stepped up its attacks in southern Lebanon over the weekend with strikes that killed nearly 30 people and wounded dozens more. While Israel claimed that it had targeted Hizbollah arms caches and military installations, the assaults killed several children and medical staff. Crisis Group expert David Wood says Israel’s lethal escalation could continue, unless it faces strong pressure from the U.S., its most important ally, to desist. Washington sponsored a Lebanon-Israel ceasefire struck in late June but, over two months later, the deal remains largely unfulfilled, with Israeli military action continuing and Hizbollah refusing to disarm. SOMALIA Somali piracy has seen an uptick this year, with at least six hijackings of cargo ships and smaller vessels since April. The turmoil resulting from the U.S.-Israeli war with Iran has created opportune conditions for pirates, with fewer naval patrols off the Somali coast and more commercial traffic in nearby waters as ships are diverted from the Bab al-Mandab and the Strait of Hormuz. Crisis Group expert Omar Mahmood says the number of pirate attacks is far below what it was during the heyday of Red Sea piracy fifteen years ago. The current trajectory is concerning, however, and more raids are bound to occur, absent international and local measures both offshore and on land to combat the phenomenon. 4 September 2026 HAITI Armed gang members stormed the commune of Kenscoff, overlooking Port-au-Prince, overnight on 23-24 August, killing at least 47 people and abducting more than 50, whom they threatened to kill if security forces go after the gang in that area. At least thirteen abductees have subsequently been released. Briefing the UN Security Council on 28 August, UN envoy Carlos Ruiz Massieu said the UN-backed Gang Suppression Force (GSF) would beef up its presence in the capital, while Haitian units would send reinforcements to Kenscoff. He also urged the GSF, which remains far short of its planned 5,500-person strength, to deploy in full without delay. Crisis Group expert Diego Da Rin says the Kenscoff massacre is the latest indication that gangs are on the offensive as the GSF assembles. U.S. - IRAN After a month-long lull, the U.S. resumed attacks on Iranian soil over the weekend, first striking rocket launchers on Larak island that Washington said were preparing to deploy sea mines, then hitting dozens of military targets along Iran’s southern coast. Tehran responded with missile and drone fire at bases hosting U.S. forces in the Gulf. Crisis Group expert Naysan Rafati says the uptick comes as the Trump administration tries to isolate Tehran financially through increased sanctions and a naval blockade, while in parallel undermining Iranian efforts to control the Strait of Hormuz by escorting vessels through the waterway. While Washington's approach is to squeeze wherever possible and strike whenever it deems necessary – for example, in response to Iranian strikes or efforts to rebuild its military capabilities – the Islamic Republic could counter with additional strikes of its own on U.S. assets and allies, along with further attacks on shipping. THAILAND Overnight on 22 August, militants in Thailand’s three southernmost provinces staged over 50 attacks in four hours, including bombings and arson attempts at local administrative offices, shops and other buildings. Three passersby were injured. Further incidents followed on 23 and 29 August despite tightened security. Authorities blamed Barisan Revolusi Nasional Patani Melayu (Patani-Malay National Revolutionary Front, BRN), which has fought Bangkok’s rule since 2004. Such coordinated attacks are routine, says Crisis Group expert Matt Wheeler, but the scale of this campaign was unusual. It was likely intended to discredit the state, demonstrate insurgents’ reach and heighten pressure on the government to resume peace talks that have occurred intermittently since 2013. Thailand’s chief negotiator has reportedly proposed bringing technical-level talks with BRN forward from October to this month, in part to determine the reasons for the attacks. 21 August 2026 CHINA - SOUTH KOREA Chinese Foreign Minister Wang Yi paid a two-day visit to South Korea this week to discuss bilateral ties, Korean peninsula tensions and broader Asian affairs. The trip came three days after U.S. President Donald Trump ordered the Pentagon to scale back joint military exercises with South Korea. Trump also said he is willing to meet with North Korean leader Kim Jong-un, as he did during his first term. These two unilateral announcements in turn prompted South Korean President Lee Jae-myung to reiterate his call for Seoul to bolster its own defences, for instance by acquiring nuclear-powered submarines and regaining independent control of its military in the event of hostilities. (Its forces would now be under U.S. command in a wartime contingency.) Crisis Group expert William Yang says the U.S.-South Korean friction has given Beijing an opening to deepen its own engagement with Seoul. It may now seek to present itself as the main mediator on the Korean peninsula, given its links with Pyongyang. ISRAEL - SYRIA Israeli warplanes bombed the Abu al-Duhur air base in northern Syria early Tuesday morning, in what Israel said was a warning against “deployment” of Turkish military personnel at the site. No casualties were reported. In remarks protesting the strike, Syrian Foreign Minister Assad al-Shaibani said Turkish officers had visited the base three days previously, but only for “training” purposes as Syrian forces refurbish the base. Tom Barrack, the U.S. ambassador to Türkiye who doubles as envoy for Syria, described Israel’s action as “unnecessary”. The backdrop, says Crisis Group expert Noah Bonsey, is an impasse in Israeli-Syrian talks about a bilateral security agreement. In these U.S.-mediated negotiations, under way since last summer, the Syrian government is seeking Israel’s withdrawal from parts of southern Syria it has occupied since December 2024, while Israel presses for limits on Turkish support for the Syrian military, among other security guarantees. Israeli Prime Minister Benjamin Netanyahu has pledged to retain a “buffer zone” in Syria as he campaigns for re-election in October. SOMALIA Local paramilitaries clashed with federal forces Monday in Baidoa, capital of Southwest state, leaving 30 dead, according to the Somali government. The militia is loyal to Abdiaziz Hassan Mohamed “Lafta-Gareen”, a former state president whom Mogadishu forcibly removed in March after a disagreement over state elections. Lafta-Gareen fled to the Kenyan capital Nairobi, but his followers have been seeking to reinstate him, making regular incursions into Baidoa from a base on its northern outskirts. They reject the new state president who took office after a hastily organised vote following Lafta-Gareen’s ouster. Crisis Group expert Omar Mahmood says Monday’s attack was the largest and deadliest to date. Calm has since returned to Baidoa, but absent an initiative to address lingering grievances over the political transition in Southwest state, further violence is likely. 14 August 2026 IRAN - U.S. Yemen’s Iran-aligned Houthis attacked a merchant vessel Tuesday near the Bab al-Mandab Strait, killing six people aboard, as the U.S. fired two missiles at a cargo ship in the Gulf of Oman to enforce its renewed blockade of Iran-bound maritime traffic. The strikes came as both U.S. President Donald Trump and Iran claimed to have “total control” over the Strait of Hormuz. The Islamic Republic and Oman are in negotiations over a deal to partially reopen this crucial waterway. Crisis Group expert Naysan Rafati says these consultations are part of a scramble by mediators to nudge the U.S. and Iran back into a truce, without which any bilateral understanding about the strait is unlikely to get much traction. SUDAN The paramilitary Rapid Support Forces (RSF) and allied militias made rapid gains in Blue Nile state this week, taking Geissan town from the Sudanese army Tuesday and advancing into Kurmuk town Wednesday. The RSF appeared to use Ethiopian territory to launch the attacks on the two towns, both of which sit along the border with Ethiopia. Crisis Group expert Alan Boswell says the latest clashes will further drive up tensions between Sudan’s army and Addis Ababa, which accuse each other of supporting their domestic foes. Just two weeks earlier, clashes broke out between the Ethiopian military and opposing Tigray forces along a different part of the Sudan-Ethiopia border. WEST BANK Israeli settlers accompanied by soldiers besieged Palestinians in homes near the village of Qusra Sunday, among them Palestinians with U.S. citizenship. Only after four days and under U.S. pressure did the Israeli army intervene – not to chase away the settlers, but to remove a number of the Palestinians. It is another incident revealing the current Israeli government’s agenda for the West Bank, says Crisis Group expert Mairav Zonszein. The government is grabbing land, not only to create facts on the ground that will be hard for any successor to reverse, but to drive Palestinians into isolated, shrinking enclaves. 7 August 2026 CEUTA More than a hundred people died last week when Moroccan authorities apparently loosened controls along the border with Ceuta, a Spanish-administered enclave at the north-eastern tip of Morocco on the Strait of Gibraltar, unleashing an unprecedented rush of would-be emigrants into the territory. Most of those who perished were trying to swim or wade around coastal breakwaters. Following a swift Spanish military deployment, the vast majority of those who entered were returned or voluntarily went back to Morocco within days. Migrant testimony and video footage suggests that Moroccan security services helped facilitate the influx, says Crisis Group expert Riccardo Fabiani. They have previously used the spectre of unregulated migration to strong-arm Madrid into supporting Rabat’s claim to Western Sahara. Why they would use it this time is unclear. A few possible explanations come to mind: to impress upon Spain that its claim to Ceuta (which Morocco disputes) is hard to defend; to remind Madrid that it needs Rabat to protect its interests; and to earn credit with two allies, Israel and the U.S., with which the Spanish government has been at odds over Gaza and the war with Iran. CHAD The Chadian government filed a letter with the UN in late July declaring its intent to withdraw from the International Criminal Court (ICC). It is the fourth African country to take this step since 2025, after Burkina Faso, Mali and Niger. All have cited perceived anti-African bias, pointing to the fact that most of the ICC’s recent probes have focused on African countries. The Trump administration, which has sanctioned the ICC for its investigation of Israeli actions in Gaza, called on more African nations to “reclaim their sovereignty” by following in Chad’s footsteps. Crisis Group expert Enrica Picco says some Chadians will welcome N’djamena’s move on these grounds. Many, however, will see it as a way to curry favour with Washington to secure its help in counter-terrorism efforts around Lake Chad. Still others – especially among the Zaghawa ethnic group – may espy a government attempt to escape international scrutiny for complicity in crimes in neighbouring Sudan. N’djamena is accused of allowing the United Arab Emirates to funnel arms to the paramilitary Rapid Support Forces, who have massacred Zaghawa and others in Darfur. ETHIOPIA Hundreds of people have fled into Sudan after clashes last weekend in Shererina, a western district of Ethiopia’s northernmost Tigray province. The fighting flared up along the Ethiopia-Sudan border between the Ethiopian army and forces loyal to the Tigray People’s Liberation Front (TPLF). It quickly subsided, but not before raising fears of renewed open hostilities between these two sides, which fought a bloody war from 2020 to 2022. Tensions between the TPLF and Addis Ababa have been rising for months, especially after it ousted an interim regional administration established under a 2022 peace deal and reinstalled its own chair as regional president in April. The two sides now accuse each other of soliciting help from one of the main belligerents in Sudan. Independent details of the clashes are scarce, says Crisis Group expert Alan Boswell, but clearly neither side wanted to escalate further at this time. Nevertheless, the border confrontation shows how dangerous the standoff has become. 24 July 2026 THAILAND Militants attacked a checkpoint in Narathiwat, a province on the Malaysian border, on Wednesday, killing four paramilitaries, known as rangers, and an army senior non-commissioned officer. Six assailants in the bed of a pickup truck fired assault rifles and threw pipe bombs, stealing the rangers’ weapons and body armour before fleeing. They also wounded six civilians, including three children, one seriously. The army’s chief of staff, General Chaiyapruek Duangpraphat, used unusually strong language afterward, saying, “I will have my men hunt [the perpetrators] down in every village and forested mountain area. Let those who provide shelter and the countries that harbour them know this”. Crisis Group expert Matt Wheeler says attacks are routine in the country’s deep south, which has been troubled by an insurgency since 2004. These incidents rarely grab national attention, but this one is distinctive for the high death toll and the popular anger excited by widely viewed video footage of what happened. U.S. - IRAN The U.S. and Iran continued to trade blows this week, putting Washington’s Middle Eastern allies in the crosshairs of Iranian drone and missile launch teams while U.S. forces enforced a renewed naval blockade of Iran and conducted daily strikes on sites inside the country. On Wednesday, President Donald Trump pledged to “destroy one bridge or power plant” every time Tehran fires at a vessel transiting the Strait of Hormuz – a threat quickly met by warnings of retaliation in kind by the Islamic Republic. Crisis Group expert Ali Vaez says both sides appear convinced that inflicting greater physical damage and economic pain plays to their strengths, even at the risk of significant escalation. For now, this dynamic is persisting despite efforts by mediators to dial down tensions. YEMEN The Houthi rebels declared a “maritime embargo” on Saudi Arabia Monday, vowing to strike any Saudi-linked vessel passing from the Red Sea through Bab al-Mandab, the strait connecting those waters to the Gulf of Oman. A de facto truce had held between the Houthis and the Saudi-led coalition backing Yemen’s internationally recognised government from 2022 until last week, when Saudi warplanes bombed the Sanaa airport and the Houthis fired missiles at the kingdom in respo nse. On Wednesday, Saudi officials said an oil tanker caught fire after the Houthis struck it near the kingdom’s Red Sea port of Jizan. The foreign ministry in Riyadh said Saudi Arabia would take all necessary measures to defend itself, while U.S. President Donald Trump said the U.S. would inflict “major military punishment” upon both the Houthis and their ally Iran if they attack shipping again. Crisis Group expert Ahmed Nagi says the risk of open hostilities, both in the Red Sea and along front lines in Yemen, is rising dramatically. 17 July 2026 CUBA Cuba’s power grid collapsed Tuesday for the third time in less than ten days and the sixth time so far in 2026. The island’s severe energy shortages began in January when the U.S. imposed an oil blockade, triggering a humanitarian crisis. The blockade is part of the Trump administration’s pressure campaign to bring about wholesale political and economic change in Cuba, as negotiations between the two countries stall. Crisis Group expert Renata Segura says the U.S. appears to be using civilian pain as a weapon in its effort to oust Cuba’s communist regime. Havana should pursue meaningful and much needed reforms, regardless of what the U.S. does. But in the meantime Washington should lift the blockade so as not to create a humanitarian crisis in the pursuit of its goals, and avoid any further escalation. IRAN One month on, the 17 June memorandum of understanding that was to halt hostilities between the U.S. and Iran looks moribund. U.S. forces have been conducting near-daily strikes in Iran throughout the past week and resumed their blockade of Iranian shipping, while Iran has been firing drones and missiles at U.S. bases around the Gulf and in Jordan. Crisis Group expert Naysan Rafati says that both sides remain nominally open to diplomacy. But the latest exchanges underscore a mutual willingness to use military escalation and economic disruption in gambits to strengthen positions at the negotiating table. LEBANON An Israeli airstrike Thursday killed two people in southern Lebanon, despite negotiations in Rome to end the conflict between Israel and Hizbollah. The latter rejects the Israeli-Lebanese talks, arguing that Lebanon should instead rely on the group’s patron, Iran, to secure a genuine ceasefire and Israeli troop withdrawal as part of a broader deal with the U.S. This position notwithstanding, Hizbollah has largely halted its own military operations in recent weeks. While Israel has reduced the intensity of its attacks, it persists in conducting lethal strikes in the south, where it continues to occupy territory. Crisis Group expert David Wood says the continued Israeli assaults undermine the historic direct diplomacy that is happening between Israeli and Lebanese officials. Left unchecked, Israel’s attacks could sour relations between Tehran and Washington even further, making it even more difficult to reverse the escalatory cycle that has taken off in the Gulf. 10 July 2026 ARTIFICIAL INTELLIGENCE UN Secretary-General António Guterres opened the Global Dialogue on AI Governance in Geneva Monday by reiterating a call for a ban on what are called Lethal Autonomous Weapon Systems, arguing that “some decisions must remain forever human – none more than taking a human life”. Crisis Group expert Issandr El Amrani says it is urgent to regulate the use of AI in warfare: AI-aided weapon systems are enabling rapid processing of targets with decreased human oversight, with potentially grave consequences for civilians, as seen during Israel’s war in Gaza and the U.S.-Israeli war with Iran. These “killer robots” need not be fully autonomous to render human oversight largely meaningless. More than 120 states, mostly from the Global South, have endorsed such a ban. But countries that have this technology, including the U.S., the UK and Russia, oppose it, contending that current provisions under international humanitarian law are sufficient. CHINA China test-fired a long-range ballistic missile from a nuclear-powered submarine in the South Pacific Monday, its first such exercise in these waters in two years. Beijing characterised the missile test as part of routine annual training that comports with international law, stressing that it was not directed at another country. Australia, Japan and New Zealand raised objections, however, with Australian Foreign Minister Penny Wong calling the test “destabilising” for the Asia Pacific and Japanese Chief Cabinet Secretary Minoru Kihara describing it as “a grave concern” for the world. Crisis Group expert William Yang says the test sends a signal to the U.S. and allies that Beijing is determined to push back against what it views as attempts to contain China’s rise. The test took place on the same day that Australia signed a mutual defence agreement with Fiji. It will likely push other Asia Pacific countries both to deepen such cooperation and to accelerate their own military modernisation. SOUTH SUDAN On Sunday, opposition fighters killed James Kueth Makuach, commissioner of Akobo county in Jonglei state, in what President Salva Kiir’s government described as an “assassination”. Makuach had belonged to the party of former Vice President Riek Machar, who was arrested on sedition charges last year amid fighting between his loyalists and government forces. In April, Makuach defected to Kiir’s camp. The president then reappointed him as county commissioner, breaching South Sudan’s 2018 peace accord, which allotted this post to Machar’s group. Crisis Group expert Daniel Akech says the Akobo attack, which also took the lives of two other government officials, is part of an escalation in clashes in Jonglei over the past week. But it appears to have been an act of political retribution rather than a push for territory or another military objective. Makuach’s killing underscores the dangers of proceeding with national elections planned for December with no political consensus in Juba and swathes of the country embroiled in civil strife. 3 July 2026 AFGHANISTAN - PAKISTAN Tensions between Afghanistan and Pakistan flared again this week. On Sunday, Pakistani forces once again carried out strikes across the border in Afghanistan, saying they killed 29 militants. Islamabad said the strikes were retaliation for recent attacks inside Pakistan, including a Karachi assault that killed three security personnel. According to the UN, at least 28 civilians were killed and another 49 injured in the strikes. Pakistan accuses the Afghan Taliban of sheltering anti-Pakistan militants, which Taliban officials deny. On Wednesday, Afghanistan said it carried out strikes inside Pakistan, targeting ISIS and other armed opposition groups. Islamabad denies Taliban accusations of harbouring such groups and noted that it had intercepted four drones launched from Afghan territory. Crisis Group expert Ibraheem Bahiss says outside mediators should push the sides toward practical border and security arrangements before the cycle of strikes and counterstrikes escalates further. NIGERIA Violence is again escalating in north-western Nigeria. Long plagued by bandits who engage in mass kidnappings for ransom, pillage and extortion, the region is also now seeing increased jihadist activity. Together, bandit and jihadist attacks killed over 150 people in Katsina, Kebbi, Sokoto and Zamfara states in June, a notable uptick from previous months. On 28 May, Islamic State Sahel Province claimed what appears to be its first reported attacks in the region, in which eighteen soldiers and one police officer were killed in Kebbi and Sokoto states. Amid this escalation, on 20 June prominent bandit leader Bello Turji claimed responsibility for deadly attacks on troops and declared his group ready for either peace talks or prolonged war with the government. If the bandit and jihadist threats are not reined in, says Crisis Group expert Nnamdi Obasi, north-western Nigeria could become part of the wider belt of instability in the Sahel. SUDAN Fighting centred on El Obeid, North Kordofan’s state capital, has intensified in recent weeks as drone strikes increase and the paramilitary Rapid Support Forces (RSF) mobilise around the city, raising fears of encirclement and blockade. UN relief chief Tom Fletcher warned Tuesday that El Obeid risks becoming “another El Fasher”, referring to North Darfur’s capital, which endured a prolonged siege before falling to the RSF last October and suffering mass atrocities. Crisis Group expert Shewit Woldemichael says a siege of El Obeid would deepen the humanitarian crisis facing civilians, many of whom have already fled to the city from fighting elsewhere. Meanwhile, the increased use of drones against El Obeid could allow for sustained attacks through the now-beginning rainy season, when ground fighting has typically slowed. 26 June 2026 BOLIVIA President Rodrigo Paz declared a state of exception starting Saturday after more than 50 days of protests triggered by a land reform law and planned austerity measures. Authorities say at least 37 people have been injured in clashes between demonstrators and police. The decree bans the protesters’ roadblocks that have paralysed commercial traffic, causing shortages of basic goods in the administrative capital La Paz, and (temporarily) allows the armed forces to assist police in reopening key routes. It does not, however, suspend fundamental rights, as is often the case with states of exception in Latin America. Before making the declaration, Paz had signed an agreement to “pacify” the country with the biggest trade union, the Bolivian Workers’ Central, which withdrew from the streets. Most of the roadblocks have vanished since the measure took effect. But Crisis Group expert Glaeldys González Calanche says tensions remain high. The unrest could erupt anew if the government fails to deliver on socio-economic commitments it made to the union or if other groups involved in the protests, including campesinos and Indigenous people, decide to resume the pressure. COLOMBIA Right-wing Abelardo de la Espriella won Sunday’s presidential runoff by the thinnest margin in Colombian history, defeating Iván Cepeda, who had campaigned on continuing leftist President Gustavo Petro’s social reform agenda. De la Espriella styles himself as an outsider. Boasting of his ties to U.S. President Donald Trump, who endorsed him before the vote, he has vowed to take an iron-fist approach to organised crime, for instance pledging to bomb narco-traffickers and build mega-prisons. Many Colombians are ready for such measures, says Crisis Group expert Renata Segura, having become frustrated with Petro’s attempts to negotiate “total peace” with criminal and other armed groups. But, as the close vote shows, nearly half the electorate is equally concerned about de la Espriella’s promise to circumvent checks and balances in pursuit of quick fixes. To protect public safety, Colombia needs to balance crimefighting with efforts to plug the gaps in state services that criminal organisations exploit, including for recruitment. The new government should not disregard negotiations, which, if done the right way, have proven an effective tool for reducing violence in Colombia. U.S. - IRAN U.S. Secretary of State Marco Rubio confirmed Wednesday that technical delegations from the U.S. and Iran will reconvene at the end of June to resume talks aimed at ending the conflict between the two countries. By the terms of the memorandum of understanding reached between the Trump administration and Tehran in Islamabad earlier this month, these working groups are tasked with negotiating the details leading to a “final deal”, including nuclear commitments by Iran and sanctions relief provisions by the U.S. Maintaining momentum in dialogue is critical, says Crisis Group expert Ali Vaez, as the two sides have put forward clashing interpretations of the parameters they agreed to in Pakistan. The negotiations have many moving parts – related to the Strait of Hormuz and Lebanon, among other issues. In this ambitious scope lies promise, but also peril, as a setback on any one front could derail the whole endeavour. 19 June 2026 HAITI Visiting Tuesday, UN Secretary-General António Guterres said Haiti is suffering “the worst humanitarian crisis in the Western Hemisphere”. He toured the headquarters of the new Gang Suppression Force assembled to battle the criminal bands bedevilling the country. The UN released figures showing that gang violence has killed 2,300 people in the year to date and displaced a record 1.5 million more. Gangs have also kidnapped around 100 Haitians, including the defence ministry’s cabinet director last week. Crisis Group expert Diego Da Rin says much hope rests on the new force, but whether it can deliver remains to be seen as it builds toward its mandated strength of 5,500. Gangs, meanwhile, appear to be adapting, attacking senior officials and expanding abductions into formerly safe areas, possibly to deter anti-gang operations where kidnapping victims are held. MYANMAR - CHINA Chinese President Xi Jinping hosted Myanmar’s coup-leader-turned-president Min Aung Hlaing on a state visit to Beijing this week. The two sides reaffirmed their “community with a shared future” and signed eighteen agreements covering areas including transport and development. The visit highlighted Beijing’s priorities in Myanmar: border stability, protection of Chinese investment, progress on select China-Myanmar Economic Corridor projects and continued cooperation in combating online scams and other transnational crime. Crisis Group expert Richard Horsey says the state visit’s symbolism may matter more than any individual deal, as it provides Min Aung Hlaing with a measure of the international legitimacy he craves. For China, meanwhile, it is an opportunity to lock in a dependency that provides growing strategic opportunities, while it pushes for greater calm in conflict-affected areas along the Myanmar border. UKRAINE - RUSSIA Overnight into Thursday, Ukraine launched its largest drone assault on Moscow since the start of Russia’s full-scale invasion in 2022, hitting an oil refinery and injuring at least seventeen people. Russia said it intercepted 194 drones around Moscow and nearly 1,000 drones and several cruise missiles nationwide over 24 hours. Ukraine said the attack was a response to Russian strikes earlier this week that damaged the UNESCO-listed Kyiv-Pechersk Lavra monastery. Moscow warned it would respond forcefully. Crisis Group expert Lucian Kim says the attacks highlight Ukraine’s efforts to demonstrate it can hit targets far inside Russia using deep-strike drones. But while such attacks create headlines, they have yet to affect the Kremlin’s warfighting ability and may harden support for the war among the Russian public. 12 June 2026 AFGHANISTAN - PAKISTAN Pakistan launched air raids Wednesday across the border with Afghanistan, killing 26 Pakistani Taliban fighters, according to Pakistani Information Minister Attaullah Tarar. The Afghan authorities, however, said the strikes killed thirteen people, including eleven children. The air raids came one day after Pakistani Taliban fighters ambushed a security outpost in Pakistan’s north west, killing six officers. These incidents ended a month of calm in the conflict between the two countries. Crisis Group expert Ibraheem Bahiss says violent flare-ups like these are likely to persist as long as both countries’ security concerns remain unaddressed. IRAN - U.S. The fragile April ceasefire between Washington and Tehran wobbled as the two sides engaged in increasingly sharp exchanges of fire. U.S. forces launched repeated strikes on Iranian targets as Tehran retaliated by targeting U.S. bases in Bahrain, Jordan and Kuwait; Iran and Israel also traded blows for the first time in two months. On Thursday, U.S. President Donald Trump threatened that the U.S. would take control of Kharg island, site of Iran’s main oil terminals, and other energy infrastructure. He backtracked later in the day, cancelling new strikes and insisting that a negotiated deal with Tehran was close. Crisis Group expert Ali Vaez says an agreement would be welcome if it steadies the shaky truce and gives Washington and Tehran a clear path to future negotiations. Those talks are likely to be fraught, however, and may not guarantee the end of hostilities if certain issues remain unresolved, such as Israel’s continued attacks on and occupation of over 20 per cent of Lebanon. WESTERN SAHARA A Moroccan airstrike on Sunday killed three Polisario Front members who were carrying out an attack on Moroccan fortifications in Western Sahara. Among the dead was Lehbib Mohamed Abdelaziz, son of Polisario’s former secretary general, who had been rumoured to be a candidate to become the Front’s leader. His death marks a major loss for the Polisario. The Moroccan strike came as UN envoy Staffan De Mistura was visiting the Tindouf refugee camps for consultations with the Polisario. Crisis Group expert Riccardo Fabiani says this latest episode shows that negotiations to resolve the Western Sahara conflict are under increasing strain. The Polisario and its ally Algeria have routinely rejected framework agreements based on Morocco’s autonomy plan as other deadly attacks have eroded trust between the parties. 5 June 2026 COLOMBIA Far-right presidential candidate Abelardo de la Espriella won a first-round victory in the 31 May elections, setting up a 21 June run-off against left-wing senator Iván Cepeda. Cepeda promises to reduce inequality and continue talks with armed groups, while de la Espriella advocates iron-fist policies, including bombing organised crime groups, building mega-jails and restoring traditional values. After the vote, President Gustavo Petro alleged irregularities, despite international observers calling the vote transparent, while U.S. President Donald Trump openly backed de la Espriella. Crisis Group expert Glaeldys González Calanche says Petro’s claims raise concerns over a peaceful transfer of power if Cepeda loses, while Trump’s involvement has fuelled resentment over foreign interference, which could further trigger demonstrations. The run-off could also test whether Trump’s endorsement helps or hurts candidates elsewhere in the region. CONFLICT-RELATED SEXUAL VIOLENCE The UN on 29 May released its annual report on conflict-related sexual violence, showing that reported cases more than doubled in 2025 after rising 25 per cent the year before. UN Women also recently reported that in Sudan alone, the number of women and girls needing support after sexual violence has quadrupled since civil war broke out three years ago. Crisis Group expert Cristal Downing says survivor services are increasingly scarce after major U.S. aid cuts in 2025 hit programming for which Washington had been the largest donor. Compounding the problem, Washington’s February 2026 “Protecting Human Flourishing in Foreign Assistance” policy restricts aid recipients’ work and speech on abortion. Though the policy’s ban on “promoting” abortion exempts cases of rape, many NGOs fear inconsistent enforcement and unclear compliance requirements, leaving them to choose between U.S. conditions that may limit post-rape care and refusing funding at the risk of jeopardising their wider operations. LEBANON Israel and Lebanon on Wednesday agreed to a new U.S.-brokered ceasefire deal, which would establish pilot zones in southern Lebanon where Hizbollah operatives would be barred. The deal follows a severe Israeli escalation, including its deepest incursion into Lebanese territory in 26 years, which threatened to upset ongoing U.S.-Iran talks. The ceasefire depends on Hizbollah halting attacks and withdrawing fighters from south of the Litani River to allow the Lebanese army to assume control there. On Thursday, Hizbollah rejected the terms, after Israel said it would continue military operations for now. Crisis Group expert David Wood says the “pilot zones” proposal could offer a pragmatic way to address the parties’ security concerns. Unless Israel and Hizbollah both cease fire, however, this latest agreement will soon collapse entirely. 29 May 2026 GAZA Nickolay Mladenov, the Bulgarian diplomat tasked by the U.S.-designed Board of Peace with overseeing the Gaza ceasefire, briefed the UN Security Council last week on his team’s first six months of work. He was upbeat, releasing a fifteen-point “roadmap” for the next stage. But conditions remain dire on the ground. Israel’s siege is tightening, meaning that reconstruction is impossible. Prime Minister Benjamin Netanyahu said Friday he has ordered the Israeli army to increase the proportion of Gaza it controls from 60 to 70 per cent, in effect squeezing the strip’s two million people into an even tighter corner. Israeli airstrikes have taken more than 900 Palestinian lives during the ceasefire, including the commander of Hamas’s armed wing and, only days later, his successor, who was killed Wednesday along with his family. Israeli media reported that the Board of Peace had “approved” the assassinations. Crisis Group expert Max Rodenbeck says the Board’s strategy of making relief for Gaza’s people, whether humanitarian aid or broader hopes for the future, conditional on Hamas’s willingness to surrender its arms is deeply troubling and a recipe for prolonging their misery. KOREAN PENINSULA Pyongyang said it tested two new missiles Tuesday, including a short-range, nuclear-capable cruise missile that it plans to deploy with troops facing South Korean soldiers across the Korean peninsula’s demilitarised zone. The same day, Seoul said it had also detected North Korean missile launches toward waters off the peninsula’s western coast. Crisis Group expert Chris Green says the advanced weapon tests will deepen the freeze in peninsular relations, with North Korean leader Kim Jong-un branding South Korea his country’s foremost enemy and pledging to make the border “an impregnable fortress”. Along with Pyongyang’s growing closeness to Moscow and questions about Washington’s commitment to defending South Korea amid its mounting competition with Beijing, the tests are likely to bolster the consensus in Seoul behind more intensive military modernisation of its own. MALI As many as 50 people were killed Wednesday in jihadist raids on two villages in the central Mopti region, underscoring the breadth of the threat posed by the al-Qaeda affiliate Jama’at Nusrat al-Islam wal-Muslimin (JNIM). Meanwhile, JNIM continued to enforce a partial siege of the capital Bamako, preventing scores of trucks bearing fuel and other supplies from reaching the city. In the north, Malian forces have stepped up airstrikes on Kidal and surrounding areas following the major offensive launched on 25 April by JNIM and northern separatist groups. Crisis Group expert Jean-Hervé Jezequel says these developments show that weapons continue to do the talking in Mali, even as the situation points to the urgent need for a genuine political dialogue. 22 May 2026 AFGHANISTAN Together with various NGOs, the UN released a plan Tuesday for aiding Afghan refugees expected to return from Iran and Pakistan in the coming months. The UN projects that 2.7 million people will cross back into Afghanistan between April and December. Already, nearly 5.9 million refugees have come back since September 2023, many of them forced to do so by harsh Pakistani visa policies amid rising tensions between Islamabad and the Taliban authorities in Kabul. Now the U.S.-Israeli war with Iran will likely compel many Afghans living in the Islamic Republic to leave, even as the exodus from Pakistan continues. Many of these people are women, who will face draconian Taliban restrictions on freedom of movement and economic activity. The returnees also include children, some of whom have never even been to Afghanistan and will be at greater risk of child marriage, which the Taliban have lately recognised as a legal act. Crisis Group expert Ibraheem Bahiss says international donors should give generously to fund the $529 million UN response plan, without which many returnees will be destitute. NIGERIA The military announced Tuesday that joint strikes carried out with the U.S. had killed 175 jihadist fighters in the preceding week, in addition to destroying stockpiles of arms. The strikes began on 16 May with one that killed Abu Bakr al-Mainuki, deputy leader of the Islamic State-West Africa Province (ISWAP), who had been coordinating activities with jihadists in the Sahelian countries. At a hearing in Washington on Tuesday, General Dagvin Anderson, head of U.S. Africa Command, told U.S. legislators that “the epicentre of global terrorism is in Africa”. Crisis Group expert Nnamdi Obasi says the latest operations underscore that Nigerian-U.S. security cooperation is deeper than Abuja and Washington had indicated earlier. They are a setback for ISWAP, at least for the time being. U.S. - CUBA The U.S. indicted former Cuban leader Raúl Castro Wednesday for murder and conspiring to kill U.S. nationals. The charges relate to a 1996 incident in which Cuban fighter jets shot at planes flown by anti-Castro Cuban Americans trying to help Cubans escape the island. These legal developments arrive amid renewed speculation that the Trump administration intends to decapitate the Cuban regime much as it did the Venezuelan government with its raid to snatch former President Nicolás Maduro in early January. Senior U.S. officials, most recently Central Intelligence Agency head John Ratcliffe, have held a series of semi-secret meetings with high-ranking figures in Havana this spring. Publicly, Cuban leader Miguel Díaz-Canel has remained defiant, rejecting the allegations against Castro as a “political manoeuvre”. Meanwhile, the U.S. has tightened a blockade of Cuba that has precipitated a humanitarian crisis and sent additional warships to the Caribbean Sea. Crisis Group expert Renata Segura says any attempt to forcibly break the tight grip the Cuban Communist Party and military have upon the state could result in violent chaos and further suffering for the Cuban people. 15 May 2026 DEMOCRATIC REPUBLIC OF CONGO A spate of lethal violence in the north-eastern Ituri province over the past two weeks has underscored the complexity of the country’s crisis. In late April, a group of Codeco militiamen killed at least 69 people, mainly civilians, in a series of separate attacks. Allied with the Congolese government, Codeco claims to defend the interests of the Lendu people, most of whom are farmers, from encroachment by ethnic Hema herders. According to local sources, it raided several Hema villages in retaliation for assaults on Congolese army positions by a Hema armed group. The following week, gunmen from the Allied Democratic Forces (ADF), a Ugandan insurgency now affiliated with the Islamic State, killed at least fifteen people in Biakato, an Ituri market town. The province has been under martial law since 2021, the same year that Uganda (with Kinshasa’s permission) sent in troops to pursue ADF militants based in Congolese territory. Crisis Group expert Onesphore Sematumba says the latest killings demonstrate the inadequacy of a purely military response to insecurity stemming from inter-communal tensions, competition for natural resources, state weakness and other causes. DISPLACEMENT A new report from the Internal Displacement Monitoring Centre shows that armed conflict has become the number-one cause of internal displacement worldwide, surpassing natural disasters, for the first time on record. War and violence drove some 32.3 million people from their homes in 2025, the most ever, representing a 60 per cent increase over 2024. The internal displacements in Iran and the Democratic Republic of Congo made up two thirds of the global total. Crisis Group President and CEO Comfort Ero says these numbers are a sobering reminder of how pervasive conflict has become in today’s world. The human cost of war is never abstract. Preventing war means not just saving lives but also sparing people the pain and distress of being uprooted, often with no certainty of ever going home. U.S. - CHINA U.S. President Donald Trump and Chinese leader Xi Jinping concluded their long-awaited summit Friday. Crisis Group experts Ali Wyne and William Yang say it produced no major breakthrough, such as a joint commitment to de-escalate the conflict in the Middle East and reopen the Strait of Hormuz. Nor did it bring a major reversal, which some in Taiwan had feared, such as Trump agreeing to scale back U.S. arms sales or change Washington’s longstanding declaratory policies toward the island. The summit was nonetheless illuminating in two respects. First, it underscored Trump’s desire to gain a greater foothold in China for U.S. businesses as well as his conviction that a strong working rapport with Xi can produce a cooperative relationship between Washington and Beijing. Secondly, it showcased how significantly China’s power and confidence have grown since Trump last visited China in November 2017. 8 May 2026 CAMBODIA - THAILAND The Thai cabinet voted Tuesday to cancel a 2001 memorandum of understanding with Cambodia on overlapping claims in the Gulf of Thailand. The agreement had provided for delimitation of maritime zones and joint development of hydrocarbon reserves in a portion of the 26,000 sq km overlapping claims area. Yet, in the 25 years since they signed it, the two countries have neither undertaken such projects nor resolved their territorial dispute. Thai Prime Minister Anutin Charnvirakul, who campaigned on scrapping the document arguing that it had failed to achieve its objectives, insists that the decision is unrelated to tensions with Cambodia following border clashes in 2025. Crisis Group expert Matt Wheeler says the cancellation will please Thai nationalists who have long alleged that the agreement placed Bangkok at a disadvantage, despite its language saying it is “without prejudice to the maritime claims of either party”. Cambodia expressed regret at Thailand’s action and said it plans to initiate compulsory conciliation, a non-binding dispute resolution mechanism under the UN Convention on the Law of the Sea. ETHIOPIA A showdown may be looming in Tigray, Ethiopia’s northernmost region, after its ruling party reinstated a state council Tuesday that was dissolved immediately before the bloody 2020-2022 Tigray war. The council was originally elected in 2020, in defiance of the federal government’s wishes. Addis Ababa installed a regional administration of its own choosing following the war, which Tigray’s ruling party has now, in effect, deposed. All eyes are now on the federal government, says Crisis Group expert Magnus Taylor, watching for how it will respond. It has already imposed what amounts to an economic siege on Tigray, blocking fuel supplies and withholding budget subsidies. It may simply tighten these measures. Or it may intervene militarily to reinstate an Addis Ababa-aligned administration. A new conflict in Tigray could drag in neighbouring countries, particularly Eritrea, adding to the turmoil in the Horn of Africa, as Addis Ababa and Asmara appear to be aligning with different sides in Sudan’s civil war. U.S. - CHINA Chinese leader Xi Jinping is due to host U.S. President Donald Trump in Beijing next week for a long-awaited summit, which had been slated for the end of March. Crisis Group experts Ali Wyne and William Yang say trade will likely feature high on the agenda, with both men aiming to maintain the tariff truce they reached last year. The Middle East conflict – which caused the delay – will also loom large, and both will seek to use it for leverage. The U.S. has sanctioned five Chinese oil refiners and accused China of “funding the largest state sponsor of terrorism” as it maintains a naval blockade of Iran. But Washington needs Chinese gallium to replenish its stockpile of missile interceptors in the Middle East, and it may need Beijing’s help to get Tehran back to the negotiating table. In exchange, Xi may try to extract security concessions from Trump, perhaps by asking him to lessen U.S. defence backing for Taiwan or to declare that the U.S. “opposes“ (rather than “does not support“, which is the longstanding U.S. position) Taiwanese independence. 1 May 2026 AFGHANISTAN - PAKISTAN Fresh violence between Afghanistan and Pakistan erupted this week. Afghan authorities said Pakistani mortars and missiles hit a university and residential neighbourhoods in eastern Kunar province on Monday, killing at least seven people and wounding at least 85. Pakistan denied targeting civilians, saying its strikes aimed at militants, based on intelligence. Pakistani officials accused Afghan forces of cross-border attacks as well, including mortar fire at Chaman and South Waziristan, which they said killed several civilians and injured others. The exchanges followed China-mediated talks in April, during which the two sides agreed to explore a diplomatic solution to their dispute. Crisis Group expert Ibraheem Bahiss says mutual partners, particularly China, should urge both sides to de-escalate tensions, including through an agreed-upon oversight mechanism, to prevent the situation from deteriorating further. COLOMBIA Nearly two dozen people are dead and scores injured after a series of apparently coordinated attacks in the country’s south west that authorities blamed on Estado Mayor Central (EMC), a dissident faction of the former Revolutionary Armed Forces of Colombia. Militants used drones, explosives and roadblocks to hit targets including police stations and military bases. On 25 April, improvised explosive devices went off on a major highway in Cauca, striking a bus and other civilian vehicles, killing at least twenty. The preceding a day, a bus full of explosives detonated near a major military base in Cali, Colombia's third-largest city. Crisis Group expert Glaeldys González Calanche says the wave of violence indicates EMC’s capacity to disrupt daily life and terrorise civilians. Colombia's next president, to be elected on 31 May, will need to take urgent steps to better protect civilians. MALI On Saturday, the al-Qaeda affiliate Jama’at Nusrat al-Islam wal-Muslimin, alongside separatists from the Azawad Liberation Front in northern Mali, assailed seven Malian cities, including the capital Bamako. Militants struck the garrison at Kati, less than 20km from Bamako, often described as the centre of military power, where they assassinated the defence minister and reportedly wounded other regime figures. They also retook the northern city of Kidal, the symbolic seat of the separatist movement, before negotiating the departure of Russian paramilitaries and Malian troops. Crisis Group expert Jean-Hervé Jézéquel says these attacks mark a new stage in Mali’s decades-long jihadist insurgency, characterised by increased pressure on urban areas, aimed at weakening and delegitimising state authority. 24 April 2026 JAPAN On Monday, Prime Minister Sanae Takaichi’s cabinet lifted restrictions on the export of lethal weapons, allowing Japan to sell arms to seventeen countries with which it has defence transfer agreements. Tokyo first limited such transactions in 1967 and instituted a near total ban in 1976. It will continue to bar arms exports to countries at war, but exceptions may be granted. Meanwhile, last Saturday Beijing said two Chinese navy ships had transited waters between Japan’s Amami Oshima and Yokoate islands for exercises in the western Pacific. The announcement came one day before Japanese combat troops joined the annual Philippine-U.S. Balikatan exercise for the first time. Crisis Group expert Matt Wheeler says these developments illustrate the accelerating defence modernisation in the Asia Pacific in response to what U.S.-allied countries perceive as Beijing’s coercive behaviour and uncertainty about Washington’s ability to sustain strategic focus on the region. ROHINGYA Nearly 900 Rohingya refugees died or were reported missing while trying to make perilous sea crossings in 2025, the UN said last week. It is the highest number ever, representing one in seven of the Rohingya who braved such journeys. Crisis Group expert Thomas Kean says this grim record points to the increasing desperation among the Rohingya in camps in southern Bangladesh, who are facing cuts to food aid. Unable to go home to Myanmar’s Rakhine State, which is wracked by war, or to work legally in Bangladesh, ever more refugees are trying to escape by boat to Malaysia, Thailand or Indonesia. The new Bangladeshi government should permit Rohingya to secure jobs in sectors with labour shortages. The more ways the Rohingya have to earn a living in refuge, the fewer of them will risk their lives at sea. U.S. - IRAN President Donald Trump announced an indefinite extension of the ceasefire in the U.S.-Israeli war with Iran Tuesday, though keeping the U.S. naval blockade of Iranian ports in place. Iran tightened its chokehold on the Strait of Hormuz Wednesday, firing on two cargo vessels attempting passage. Negotiations in Pakistan seem to be on hold, with conflicting signals about whether Tehran will send a delegation. With major combat on pause, say Crisis Group experts Michael Wahid Hanna and Ali Vaez, both sides are seeking to gain the upper hand through economic disruption – Washington by tightening its financial squeeze on the Islamic Republic and Tehran by prolonging the uncertainty in global markets. Both can keep inflicting pain, but their game of chicken could escalate into renewed hostilities at any time. Meanwhile, it adds yet another impediment to resuming talks. 17 April 2026 LIBYA The rival Tripoli and Benghazi-based legislative bodies approved a U.S.-mediated unified budget Saturday. The first such budget in more than thirteen years, it consolidates public spending throughout the country within a single framework. The budget’s passage coincided with the launch of the U.S.-led Flintlock 26 special forces joint training exercise in Sirte, bringing together Libya's two rival military coalitions alongside troops from the U.S., Italy and ten African nations. Crisis Group expert Claudia Gazzini says both initiatives are part of Washington's effort to bridge the gap between the country's two governments and their respective leading families: the Haftars in the east and the Dabaibas in the west. Many Libyans remain sceptical of moves that entrench the two families' authority, however, and wary of a budget deal that sounds promising but whose details have yet to be made public. SOUTH SUDAN Opposition forces this week retook the strategic town of Akobo in Jonglei state after government troops withdrew. Akobo is one of the last strongholds of fighters loyal to Vice President Riek Machar, whom President Salva Kiir’s government detained and put on trial last year. The army had seized the town in March. The fighting comes amid mounting warnings from the UN and aid organisations about deteriorating humanitarian conditions in Jonglei, where both sides stand accused of blocking aid access and displacing hundreds of thousands of civilians through sweeping evacuation orders. Crisis Group expert Daniel Akech says the conflict shows no sign of abating. The toll of hostilities is already severe. Without stronger external pressure for de-escalation, conditions are likely to worsen. UKRAINE Russia launched over 600 drones and dozens of missiles at Ukrainian cities early Thursday, reportedly killing eighteen people, one of its deadliest air raids on Ukraine this year. Moscow said the barrage was retaliation for Ukrainian strikes on energy and military facilities. President Volodymyr Zelenskyy, who visited Germany, Norway and Italy this week seeking more air defence systems, has warned that Ukraine faces a severe shortage of the Patriot interceptors needed to fend off Russian ballistic missiles. As the war in the Middle East further depletes global interceptor stocks, Crisis Group expert Lucian Kim says Ukraine will become increasingly vulnerable to Russian aerial attack. 10 April 2026 AFGHANISTAN - PAKISTAN Afghanistan and Pakistan agreed Wednesday not to escalate their conflict further but to persevere at dialogue, following mediation by China. Fighting between the two countries has killed hundreds and displaced almost 100,000 since late February. Cross-border fire also cut the supply routes to some 100,000 people in Afghanistan’s Nuristan province, leaving them unable to receive the humanitarian aid they need. Crisis Group expert Ibraheem Bahiss says the continued talks are a positive sign. It remains to be seen, however, if Kabul and Islamabad can reach a sustainable settlement that includes verification mechanisms. IRAN The U.S. and Iran agreed Wednesday to a two-week ceasefire in the war that began on 28 February, with negotiations starting Friday in the Pakistani capital. The truce has been honoured in the breach, however, with Israel continuing to bomb Lebanon, Iran hitting Gulf Arab states and commercial traffic through the Strait of Hormuz remaining suppressed. President Donald Trump underscored that the U.S. military is poised to resume hostilities if diplomatic efforts fail. After the fog of war comes the smog of ceasefire, says Crisis Group expert Ali Vaez. The parties have different interpretations of the ceasefire’s terms and are sticking to maximalist negotiating positions as the high-stakes talks in Islamabad commence. LEBANON On Wednesday, Israel carried out its heaviest airstrikes in Lebanon since its latest war with Hizbollah began on 2 March, killing more than 300 people and injuring over a thousand in just 24 hours. The strikes, which Israel claims aimed to knock out Hizbollah assets, hit densely populated areas in Beirut, the Bekaa valley and southern Lebanon. On Thursday and Friday, Israel launched another 50 air raids, killing at least seventeen more people. Crisis Group expert David Wood says the U.S. and European countries should put concerted pressure on Israel to extend the two-week ceasefire to Lebanon. Since Hizbollah entered the Middle East war, Israeli bombardment has killed more than 1,530 people, including 130 children, and displaced roughly one in every five Lebanese. 3 April 2026 HAITI Fresh gang violence struck central Haiti after the Gran Grif gang attacked Jean-Denis in Petite-Rivière de l’Artibonite, a stronghold of community defence groups, on Sunday. Its assaults went on for days, reportedly killing at least 70 people and displacing around 9,000. On Tuesday, Gran Grif reportedly joined another gang, Kokorat San Ras, in seizing parts of nearby Marchand-Dessalines. The flare-up coincides with the arrival of the first Chadian troops under the UN-backed Gang Suppression Force, as Kenyan officers who served in the Multinational Security Support mission begin to withdraw. Crisis Group expert Diego Da Rin says the attacks show that gangs remain entrenched despite having scaled back their activity in recent months. They control most of the capital Port-au-Prince and are likely assessing their next moves outside it. Haitian security forces must stand ready during the high-risk period ahead. Gangs could go on the offensive as the Kenya-led mission phases out and the new force takes over. IRAN In a speech Wednesday evening, President Donald Trump said the U.S. would hit Iran “extremely hard”, sending it “back to the Stone Age” by bombing power plants if Tehran does not acquiesce to U.S. terms for ending the war. He also claimed such a deal was nearing completion. Washington has meanwhile deployed thousands more troops in the region, while Iran has continued attacks on Israel and Gulf Arab neighbours. Tehran has also kept a stranglehold on shipping through the Strait of Hormuz, as Yemen’s Houthis warn that further escalation could prompt them to close the Bab al-Mandab, increasing the strain on maritime traffic. Crisis Group expert Ali Vaez says a month of U.S.-Israeli strikes have brought the Iranian regime no closer to capitulation. So long as Washington and Tehran are pressing maximalist demands, believing they can force the other to yield, the war risks getting worse. SYRIA Sectarian unrest erupted in the predominantly Christian town of Suqaylabiyah in western Syria last Saturday. An argument over allegations of harassment reportedly prompted hundreds of men from the neighbouring Sunni-majority town of Qalaat al-Madiq to rush into Suqaylabiyah, ransacking Christian shops, homes and other property. Clashes lasted for hours until government forces brought in reinforcements to restore order. Crisis Group expert Nanar Hawach says the episode underscores persistent shortcomings in Syria's security architecture. State forces tend to react to such incidents rather than help prevent them. Largely drawn from the Sunni majority, these forces lack understanding of minority groups, whose trust in the new authorities is fast eroding. Until the government addresses those weaknesses, the risk of more such violence will remain high – particularly in diverse areas where tensions built over fourteen years of war are still raw. 27 March 2026 IRAN With the Middle East war in its fourth week, the Trump administration submitted to Tehran, via Pakistani mediators, what U.S. envoy Steve Witkoff described as a “fifteen-point action list that forms the framework for a peace deal”. The plan, among other things, would reportedly require that the Islamic Republic give up its capacity to enrich uranium, which it has previously refused to do. Iran has countered with its own list of demands, including that the U.S. withdraw from all its military bases in the Gulf, which Washington has dismissed out of hand. Meanwhile, the U.S. is sending more ground troops to the region. A negotiated end to the conflict seems out of reach for now, says Crisis Group expert Ali Vaez, as each side thinks its wartime position remains favourable. More likely is a protracted standoff or, worse, a dramatic escalation. IRAQ Fresh hostilities erupted this week between the U.S. and Iraqi militias backed by Tehran. These groups belong to an umbrella institution, the Hashd al-Shaabi, that is formally under the aegis of the Iraqi military commander-in-chief, though some of them operate independently. Those aligned with Iran have launched several rockets at U.S. bases in Iraq and neighbouring countries. A retaliatory U.S. airstrike on the Hashd headquarters in Baghdad killed fifteen fighters and another on a military facility in western Iraq claimed seven more lives. Meanwhile, the peshmerga in Iraqi Kurdistan, who are friendly to Washington, said Iranian missiles hit one of their bases in Erbil, killing six. The Iraqi government protested the infringements upon its sovereignty. But it lacks the leverage to stop the deadly exchanges, says Crisis Group expert Lahib Higel. The country is also facing an impending fiscal crisis, as oil sales have declined steeply with the Strait of Hormuz mostly shut. SUDAN UN agencies issued statements Tuesday protesting a “sharp increase” in drone warfare that is taking a mounting civilian toll. At least 70 people were killed the previous day when drones hit a hospital in East Darfur. Patients, doctors and nurses were among the dead. Another 28 civilians were killed in drone strikes in North Darfur and North Kordofan Thursday. Crisis Group expert Shewit Woldemichael says both main belligerents in Sudan’s war, the army and the paramilitary Rapid Support Forces (RSF), have stepped up their use of drones in an attempt to get an edge on the battlefield. Meanwhile, the risk of spillover into neighbouring countries is heightening, with the RSF taking a town on the Ethiopian border and fighting continuing on the Chadian frontier. 20 March 2026 CHAD - SUDAN A drone attack Wednesday killed seventeen people in Chad’s border town of Tine, including mourners gathered for a funeral and children playing nearby. The Chadian government accused the paramilitary Rapid Support Forces (RSF) in Sudan of launching the drone. In late February, the RSF had hit Chadian army positions in Tine, killing several Chadian soldiers. President Mahamat Déby ordered a total closure of the border with Sudan, which could have negative humanitarian consequences. The border has officially been closed since April 2023, but until now authorities have been allowing some refugees and aid shipments through. He also warned that Chad would retaliate for any further strikes on its territory, no matter who is responsible. Crisis Group expert Enrica Picco says Chad, which hosts around one million Sudanese refugees, increasingly risks getting drawn into the war in Sudan as fighting routinely spills across the border. IRAN Oil and gas prices soared and stock markets dived Thursday after Iran struck Qatar’s main natural gas facility, Ras Laffan. The Iranian attack came a day after Israel hit Iran’s South Pars gas field, one of the world’s largest. Crisis Group expert Naysan Rafati says these tit-for-tat attacks on hydrocarbon infrastructure signal a new phase in the conflict, now entering its fourth week, as a global energy crisis looms and Gulf Arab states are increasingly caught in the crossfire, with Saudi Arabia warning of military action against Iran as these states’ patience wears thin. NIGERIA Multiple suicide bombings Monday killed at least 26 people and injured over a hundred in Maiduguri, capital of Nigeria’s Borno state. The attacks mark the second deadliest incident in Maiduguri in the past five years. No group has yet claimed responsibility. The bombings come amid a surge of violence in the country’s north east, with both Boko Haram and the Islamic State-West Africa Province, an ISIS affiliate, launching lethal raids. Crisis Group expert Nnamdi Obasi says the latest attacks indicate that these insurgencies may again be gaining momentum. The Nigerian government and its foreign partners should step up efforts to counter the new challenge and halt rising insecurity in other parts of the country. 13 March 2026 DEMOCRATIC REPUBLIC OF CONGO Drone strikes killed several people Tuesday night in Goma, capital of North Kivu province in the eastern Democratic Republic of Congo, including a French woman working with UNICEF and at least two other residents. The M23 rebels who hold the city blamed the Congolese government for the attacks. Kinshasa said an investigation is under way. Despite a formal ceasefire in their conflict, both the Congolese government and the M23 (backed by Rwandan troops) have been acquiring drones as a means of getting around enemy defences. Tuesday’s attacks, along with another in February that killed M23 spokesperson Willy Ngoma, mark a dramatic escalation in the conflict’s aerial warfare. Crisis Group expert Richard Moncrieff says Kinshasa, which has purchased Chinese and Turkish drones, is determined to use its new arsenal to show the rebels they are not safe in their bastions. But with civilian casualties mounting, the government’s growing reliance on drones could backfire by costing it international support. Having flexed its muscles, Kinshasa would be well advised to return to the diplomatic arena, pressing for Rwandan withdrawal from the country and returning to negotiations with the M23 with a stronger hand. IRAN Amid a widening Middle East conflict sparked by U.S.-Israeli strikes that began two weeks ago, the Islamic Republic effected only the second transition in its most senior post since the 1979 revolution that brought it to power. Mojtaba Khamenei has taken up the position of Supreme Leader, which his father Ali held from 1989 until his death on 28 February in the war’s opening salvo. The U.S.-Israeli campaign has continued unabated, doing significant damage. Iran has responded with drone and missile strikes in the Gulf and brought traffic in the Strait of Hormuz to a crawl. The first official statement attributed to the younger Khamenei was defiant in tone, says Crisis Group expert Ali Vaez, highlighting the Iranian regime's desire to project continuity under duress, vis-à-vis both its foreign adversaries and its domestic opponents. But that ambition could be short-lived if Khamenei is targeted amid the hostilities or outmanoeuvred by other players in the regime's upper echelons. Many Iranians, meanwhile, are despairing at a leadership transition that so far promises more of the same. LEBANON Israel’s latest military escalation in Lebanon continued to wreak havoc this week. Since 2 March, when Hizbollah fired rockets toward Israeli territory for the first time in over a year, Israel has ramped up aerial bombardment, including of the capital Beirut, and forced hundreds of thousands to flee their homes. It has also sent more troops into southern Lebanon, with a view to establishing what it calls a “security zone” there. While Israel retains military superiority over Hizbollah, the Shiite party-cum-militia has put up a fight. On Wednesday, it launched a barrage of 100 rockets across the border, which triggered an especially brutal sequence of Israeli air raids. Crisis Group expert David Wood says neither of the belligerents appears ready to stop, even as Lebanese leaders scramble to find a diplomatic off-ramp. Already, the Lebanese public has paid a horrific price: the death toll has climbed to almost 700, and thousands more have seen their homes and communities destroyed. 6 March 2026 IRAN The U.S. and Israel launched massive airstrikes on Iran Saturday, hitting military installations and killing senior leaders, including Supreme Leader Ayatollah Ali Khamenei. In retaliation, Iran fired missiles and drones at Israel, as well as U.S. bases and commercial infrastructure in Gulf states. The conflict's reverberations have quickly spread from the Indian Ocean to the eastern Mediterranean. Crisis Group expert Ali Vaez says Tehran looks prepared for a drawn-out confrontation, betting that it can steadily raise the psychological and economic costs to its adversaries, while maintaining cohesion at the top of the political system despite Khamenei’s demise. The U.S.-Israeli campaign appears open-ended, with no clear objective yet defined. Airstrikes can substantially degrade Iran's military capabilities but are unlikely to dislodge the regime, and even if they did, state collapse in Iran would risk unleashing far wider regional disorder. AFGHANISTAN - PAKISTAN Border clashes continued this week after Pakistan declared “open war” with Afghanistan last Friday. The declaration followed Taliban retaliatory cross-border attacks after Pakistani airstrikes on purported Tehreek-e-Taliban Pakistan (TTP) targets in Afghanistan on 21 February. Pakistan then carried out another series of strikes on 27 February, including in Kabul. Islamabad accuses Taliban authorities of sheltering the TTP, which has stepped up attacks in Pakistan. Kabul denies it. According to the UN, the latest fighting has killed dozens of civilians in Afghanistan and displaced tens of thousands, with reports also indicating civilian casualties in Pakistan. Crisis Group expert Ibraheem Bahiss says a drawn-out conflict serves neither side's interests. Outside actors should press Islamabad and Kabul to de-escalate. ECUADOR The U.S. Southern Command said Tuesday Ecuadorian and U.S. forces had begun operations to curb organised crime in Ecuador. They first went after the Colombian armed group Comandos de la Frontera, which is active along the Colombian border. Ecuador’s military says the operations will continue indefinitely. While details are classified, news reports indicate that the U.S. played an advisory role, without putting troops on the ground. Crisis Group expert Glaeldys González Calanche says such cooperation is not new, but the latest announcement signals deeper U.S. involvement. Security ties have deepened as President Daniel Noboa aligns with the Trump administration’s preference for using military force to combat drug trafficking. 27 February 2026 CHAD - SUDAN Chadian authorities Monday announced the immediate closure of the country’s border with Sudan. The decision followed what N’Djamena described as “repeated incursions” linked to Sudan’s war, after clashes around the Sudanese border town of Tina involving the paramilitary Rapid Support Forces and militias aligned with Sudan’s army. Chad said the border would remain closed until further notice, while allowing humanitarian exemptions, including for refugees and returnees, as well as approved aid deliveries. Crisis Group expert Charles Bouëssel says N’Djamena should maintain vital cross-border aid and preserve trade that sustains displaced populations. It should also ensure that security and disarmament operations in the east are conducted with restraint and impartiality to contain intercommunal tensions and prevent Chad from being drawn further into Sudan’s war. CUBA Cuban authorities Wednesday accused ten people on a U.S.-registered speedboat carrying weapons and tactical gear of attempting infiltration of Cuban territory with “terrorist intentions”. Border guards shot four people dead and wounded six others aboard the boat after its occupants allegedly opened fire. U.S. Secretary of State Marco Rubio denied any U.S. involvement and said Washington would investigate the facts independently. Crisis Group expert Renata Segura says the incident comes amid already high tensions between Havana and Washington, after the U.S. halted fuel imports coming into Cuba, exacerbating a severe energy crisis on the island, in hopes of pushing the Cuban authorities to negotiate an economic and political opening. SYRIA ISIS released an audio statement last weekend denouncing Syria’s interim government and calling for a renewed campaign against its forces. The jihadist group has since claimed responsibility for several attacks on Syrian army personnel in the northern and north-eastern parts of the country. These developments follow last month’s reported mass escape from the al-Hol camp, which held over 20,000 detainees, many of them relatives of suspected ISIS fighters. Some of these people got away as security broke down during an offensive led by Damascus on the Kurdish-led Syrian Democratic Forces (SDF). Crisis Group expert Nanar Hawach says the closure of the camp compounds an already risky convergence. With the SDF sidelined, U.S. forces withdrawing from Syria and the new government’s security apparatus still finding its feet, ISIS seems to be seeking an opening to resume its insurgency. 20 February 2026 MATERNAL MORTALITY The World Health Organization released a study Tuesday showing that nearly two thirds of maternal deaths worldwide occur in countries wracked by conflict or instability. Crisis raises the risks associated with pregnancy, the report finds, though health services in conflict-affected places are generally already scarce. Some countries, such as Colombia and Ethiopia, have made progress in reducing maternal mortality through partnerships with NGOs with expertise in service provision in remote areas. But now aid cuts have put such programs in jeopardy, says Crisis Group expert Cristal Downing, even as women are dying in childbirth at alarming rates. Donor funds still available should be directed toward bolstering community-based health services, particularly in war zones, through such cost-effective means as midwifery. NIGERIA The Nigerian government announced Tuesday that the U.S. will dispatch 100 additional military personnel to assist in fighting jihadist groups in the northern part of the country. This deployment comes amid deadly attacks that killed 56 people in Niger state last weekend and 34 others in Kebbi state on Wednesday. These raids are part of a broader surge of violence that has claimed over 250 lives across north-central and north-western Nigeria in the past month. Hundreds more people have been abducted. Crisis Group expert Nnamdi Obasi says jihadists and other armed groups are growing stronger in these regions and elsewhere, by exploiting gaps in rural and border security as government forces become increasingly overstretched. The U.S. aid notwithstanding, the government needs to urgently improve its response, including by expediting measures outlined under the “nationwide security emergency” President Bola Tinubu declared last November. U.S. - IRAN Iranian and U.S. delegations convened in Geneva Tuesday for talks about Tehran’s nuclear program, the second round of such negotiations this month. In parallel, the Islamic Republic’s foreign minister met with the head of the International Atomic Energy Agency for technical discussions. Both Iran and the U.S. noted a measure of progress, as did the Omani mediators, even as Washington continues to ramp up its deployment of military assets to the Middle East. But the gaps between the sides are still wide, says Crisis Group expert Ali Vaez, even as regards what a possible agreement would cover. The negotiators have yet to wrestle with matters of substance. Tehran and Washington are aware of the high risks of failure, as well as the costs that fresh hostilities would bring. Yet the pace of diplomacy is lagging as momentum builds for confrontation. 13 February 2026 BANGLADESH The Bangladesh Nationalist Party won a landslide victory Thursday in the country’s first national elections since the 2024 ouster of former Prime Minister Sheikh Hasina, whose Awami League was barred from contesting the vote. A concurrent referendum on the July Charter – a set of reforms negotiated by all the participating parties over the last year – passed by a wide margin. Crisis Group expert Thomas Kean says the turnout and referendum result reflect the credibility of both the election and the reform process in the eyes of most Bangladeshis. The incoming government will face daunting challenges, however, such as getting Bangladesh’s ailing economy back on track and improving security. ERITREA-ETHIOPIA Addis Ababa accused Eritrea of deploying its troops into Ethiopian territory Saturday to conduct joint manoeuvres with Ethiopian rebels along the border. In response, Asmara said Ethiopia had fabricated evidence for this charge, asserting that it has “no appetite for or desire to engage in meaningless acrimony”. Crisis Group expert Magnus Taylor says this latest confrontation comes shortly after renewed clashes between Ethiopia and the Tigray People’s Liberation Front’s armed wing, which Addis Ababa alleges has formed a secret pact with Eritrea. More fighting could be in the offing if efforts to de-escalate tensions fail. WEST BANK Israel’s security cabinet Sunday approved measures that further cement Israeli control of the occupied West Bank, with the explicit goal of pre-empting the establishment of a viable Palestinian state. The move reflects an Israeli plan not only to annex all the Israeli settlements in the rural West Bank, but also to further limit what is left of nominal Palestinian autonomy and displace Palestinians from more built-up areas. Absent action that conditions trade and aid to Israel on policy changes, says Crisis Group expert Mairav Zonszein, international support for a two-state solution increasingly rings hollow. The annexation drive also undermines the Trump administration’s twenty-point plan for Gaza. 6 February 2026 GAZA Israel carried out strikes across the Gaza Strip Wednesday, killing at least 24 Palestinians. The Israeli army claimed it was targeting a Hamas commander and responding to fire upon its troops, but civilians accounted for most of the casualties. The death toll among Palestinians in Gaza since the October 2025 ceasefire has now topped 550. Humanitarian needs also remain acute amid aid shortfalls; the Rafah crossing with Egypt has opened, after a long wait, but deliveries are still tightly restricted. Crisis Group expert Mairav Zonszein says the latest violence underscores how tenuous the ceasefire remains despite formally entering its second phase, when the sides are supposed to begin addressing issues of long-term security, governance and reconstruction. Diplomats need to press Israel to release its chokehold on Gaza and push for continued progress on the truce’s terms. PAKISTAN Police backed by soldiers reportedly killed more than 200 Baloch Liberation Army (BLA) fighters in raids throughout Balochistan, a south-western province next to Afghanistan, over the course of this week. The operations followed a rash of BLA attacks on police stations, military installations and residential areas that claimed 50 lives (33 civilians and 17 state personnel) over the weekend. Islamabad accuses the Afghan Taliban of harbouring the BLA high command, which they also say gets financial and logistical assistance from Pakistan’s arch-rival India. Crisis Group Executive Vice President Richard Atwood says the high death toll among the Baloch separatist insurgents shows that authorities planned the raids carefully, with a view to keeping civilians out of the crossfire. But these events are bound to increase tensions between Islamabad and Kabul, which are already high following clashes between Pakistani and Afghan Taliban forces last October, and to further chill relations between Islamabad and New Delhi. U.S. - COLOMBIA Presidents Donald Trump and Gustavo Petro met at the White House Tuesday after months of heated rhetoric prompted by disputes over issues such as migration, counter-narcotics cooperation and the 3 January U.S. raid grabbing Venezuelan President Nicolás Maduro. Amid these exchanges, Trump went so far as to suggest that Colombia, too, might be a target of U.S. military action. Crisis Group expert Glaeldys González Calanche says the meeting proved constructive, helping ease the tensions in the bilateral relationship and signalling that the two countries can continue working together to curb drug trafficking. The two presidents also discussed the tariff spat between Colombia and Ecuador, with Trump offering to mediate between these countries’ leaders. Resolving the immediate trade crisis could pave the way for stronger collaboration between Bogotá and Quito in fighting organised crime. 30 January 2026 COLOMBIA - ECUADOR The foreign ministers of Colombia and Ecuador met in Panama after a week in which a trade dispute escalated between the two countries. The standoff began last week, when Ecuador announced a 30 per cent tariff on Colombian imports, blaming Bogotá for insufficient action to stop drug trafficking along the shared border. Colombia retaliated with tariffs on Ecuadorian goods and a suspension of electricity exports. Ecuador then raised the fee for Colombian oil shipped through its pipelines tenfold from about $3 to $30 per barrel. Crisis Group expert Glaeldys González Calanche says the meeting indicates that the two capitals understand the dispute will hurt both economies as well as weaken both states’ ability to confront security challenges on the frontier. Rather than acting in isolation, the two should mount a coordinated cross-border response, which is likely to be more effective in fighting transnational criminal networks. IRAN U.S. President Donald Trump told Iran Wednesday that it risks ""major destruction"" if it fails to negotiate a nuclear deal with Washington. The ultimatum follows earlier warnings of U.S. intervention over the Islamic Republic's repression of protests. The U.S. has dispatched additional naval assets, airpower and defensive systems to the Middle East. Tehran – along with some of its non-state allies in the region – has threatened retaliation if attacked. Crisis Group expert Ali Vaez says Iran is unlikely to meet the White House's sweeping demands, which encompass nuclear, missile and regional concessions, raising the likelihood of confrontation at a time when the Islamic Republic already faces increasing diplomatic isolation, mounting economic problems and outrage at its brutal crackdown on dissent. SOUTH SUDAN The South Sudanese army announced Sunday it is launching a major offensive to recapture territory in Jonglei state that has been seized by opposition forces and allied militias since hostilities intensified in December. The UN warned this week that mass troop mobilisation and inflammatory rhetoric from senior commanders have significantly heightened the risk of violence against civilians. Crisis Group expert Daniel Akech says the escalation signals a clear slide toward full-scale war. The rapidly expanding conflict threatens to draw in neighbouring states, including Uganda, and to deepen South Sudan’s dangerous entanglement in the war in Sudan. 23 January 2026 DEMOCRATIC REPUBLIC OF CONGO M23 rebels withdrew from Uvira, near the Burundian border, over last weekend, ending a tense month in which they controlled the South Kivu town. They had promised to pull out, likely due to U.S. pressure following a December summit in Washington between their main outside backer, the Rwandan president, and his Congolese counterpart. The Congolese army and allied Wazalendo militias re-entered Uvira this week, but in the interim chaos engulfed the town, with widespread looting and abuses against civilians, mainly by the Wazalendo. Of particular concern, says Crisis Group expert Richard Moncrieff, is the mounting ethnic tension in the area. The M23 insurgents, who portray themselves as defenders of the Tutsi people, took Uvira claiming that the Tutsi-related Banyamulenge living in town needed their protection. Primary responsibility for attacks on Banyamulenge residents lies with the Congolese authorities and their allies, but the rebels appear to have exposed these people to predictable retaliation after retreating. Another M23-aligned armed group, the Twiraneho, is involved in fighting around Uvira, also pointing to a pattern of inter-communal violence. GUATEMALA President Bernardo Arévalo declared a 30-day state of emergency Monday after inmates had taken more than 45 guards hostage at three prisons two days earlier. After the authorities regained control of one of the facilities, gang members outside jail killed ten policemen in retaliation. The state of emergency limits citizens' rights and gives state forces special powers such as making arrests without cause. It echoes the iron-fist approaches to public safety pursued by leaders in El Salvador and Ecuador. Crisis Group expert Renata Segura says Arévalo, who won the 2024 election touting a progressive reform agenda but has since lost popularity, listened to demands from Guatemalans for a decisive response to an uptick in violent crime. If the measure delivers immediate results, it could help the president’s political standing. UGANDA Tensions simmered this week after the 15 January elections, which saw President Yoweri Museveni win another term with 71.65 per cent of the vote. The leading opposition candidate, Robert Kyagulanyi of the National Unity Party (NUP), rejected the result, alleging widespread fraud. He remains in hiding after dodging a police raid – staged for reasons that remain unclear – on his residence. The president's powerful son, army chief Muhoozi Kainerugaba, said on social media Tuesday Kyagulanyi would be treated as an ""outlaw/rebel"" if he did not surrender within 48 hours. (He later deleted this and other inflammatory posts.) Meanwhile, authorities charged more than 100 NUP members with involvement in election day violence. An internet blackout has made details of the incidents difficult to verify. The official death toll is twelve, but both Kyagulanyi and Muhoozi have cited higher figures. The government says ten died when its forces were attacked at an opposition legislator's home, a version of events sharply contested by others who were present. Crisis Group expert Meron Elias says the opacity of events, along with Muhoozi’s threats, will likely keep the political temperature high following the polarising vote. 16 January 2026 CUBA The bodies of 32 Cuban soldiers killed during the 3 January U.S. raid in Venezuela arrived in Havana Thursday. Cuba is facing considerable uncertainty after U.S. President Donald Trump on Sunday urged its government to “make a deal” or face the consequences, vowing that the U.S. would cut the Venezuelan oil supply to the island nation, which is heavily dependent on these deliveries for its energy needs. Crisis Group expert Renata Segura says Washington appears to be calculating that a deepening economic crisis in Cuba will mobilise the masses to bring about the regime’s collapse. The Cuban regime retains a strong military and solid ties to Russia and China, however, and previously has not hesitated to crush dissent. GREENLAND Several European NATO members have deployed troops to Greenland, an autonomous territory of Denmark, to beef up infrastructure and carry out joint military exercises after U.S. President Donald Trump repeatedly stated that the U.S. intends to acquire the island, by force if necessary. Wednesday’s meeting among the U.S., Greenland and Denmark in Washington failed to resolve “fundamental disagreement” on Greenland’s future, according to the Danish foreign minister. With Europe already buffeted by Russia's full-scale war in Ukraine, says Crisis Group expert Olga Oliker, this crisis will have dire implications for the future of NATO and European security writ large if the U.S. does not back down. SYRIA Thousands demonstrated in the north east Tuesday against government forces’ expulsion of Kurdish fighters from Aleppo. Since the last Kurdish fighters left the city Sunday, fighting shifted eastward, raising the risk of sustained confrontation. In early January, the Kurdish-led Syrian Democratic Forces (SDF) clashed with the Syrian army in Aleppo as negotiations to integrate Syria’s north east under central government control stalled. Crisis Group expert Nanar Hawach says Damascus cannot take the whole region militarily, but it will likely keep applying pressure on the SDF. The U.S., which supports both sides, has kept a ceiling on escalation thus far and should use its leverage to bring the parties back to the negotiating table. 9 January 2026 CENTRAL AFRICAN REPUBLIC Provisional results show that President Faustin-Archange Touadéra has secured a third term after general elections on 28 December. Two challengers – Anicet-Georges Dologuélé and Henri-Marie Dondra – have called for annulling the vote, alleging fraud, while the main opposition coalition boycotted the ballot, citing an uneven playing field. The disputed poll coincided with renewed violence in the south east. Fighters linked to the Azandé Ani Kpi Gbé (AAKG) – a Zandé self-defence militia – disrupted voting in Bambouti. Clashes then spread, including AAKG attacks on government forces around Zémio in early January. The AAKG was initially aligned with Bangui but later broke with the government after its rapprochement with a Fulani-led armed group that the militia accuses of encroaching on Zandé land. Crisis Group expert Fulbert Ngodji says the AAKG may be digging in to battle the state. Stability during Touadéra’s new term will hinge on promoting intercommunal dialogue in the south east, better integrating militias under army command, and reducing regional isolation through development and security reform. IRAN The falling value of Iran's national currency sparked demonstrations that since late December have grown into nationwide anti-regime unrest. The government has altered its subsidy policies but done little to dampen wider grievances. At least three dozen people have been killed as state forces crack down on protests that show little sign of slowing down. Crisis Group expert Ali Vaez says the Islamic Republic faces a major dilemma: it is neither willing nor able to adopt reforms that could meet expectations for political, social and economic change and on notice from U.S. President Donald Trump that outside intervention is possible if its repression intensifies. LEBANON Lebanon said it had passed a milestone in disarming Hizbollah, but the country’s fragile ceasefire deal with Israel remains imperilled. On Thursday, the Lebanese army announced that it had brought all weapons under state control in the southern area between the Litani River and the Israeli border. Israel immediately disputed the army’s assertion, saying Hizbollah retains military infrastructure in that region. Crisis Group expert David Wood says Beirut faces dangers ahead in any case. The army must soon move toward disarming Hizbollah north of the Litani, where the group refuses to comply – driving up the risk of internal discord. Yet Lebanese leaders also know that Israel will almost certainly respond to any hold-ups in disarming Hizbollah with severe military escalations, inflicting still more pain on their embattled country. Previous On Our Radar Editions On Our Radar 2025 On Our Radar 2024 On Our Radar 2023 On Our Radar 2022 Related Tags More for you Commentary / Global 10 Conflicts to Watch in 2026 Also available in Français , Español Special Coverage / Global On Our Radar 2025",en,2026-09-22T19:03:53+00:00
44,Outagamie County nonprofit offers conflict resolution for local court disputes - WFRV Local 5,Google News — conflict mediation,2026-09-17T21:23:00+00:00,https://news.google.com/rss/articles/CBMijwFBVV95cUxPbXlrX1R4ZTB2VjhmSEQxMHQyT3ZVdkRwbGN6Y1BoQUNPWUhFNnFYZ0VUcFMtZEhNcUI5ZEJpZDlRN0t1M1RRY0ZZbEJYd3RTLUR3NHQta0xrTHUwNF94Xy1COVlEMXYzbUozZ2ZBalg5SXR0SXhkM0V6WkZnZ1o1SVlqMzNDb3ZxWHAzWi1wQdIBlAFBVV95cUxQMmFBd1FfbkppelRqbGlJWnFFWE1NTDJnYzJTS1FsWElPZ3NjTnFqZkY2Y21XNTE3NjdNUklXTjZMeDB0UEFITk9FRTZtTy14bDlVWXB0NjFXYkZOWmdKaDBqaGllVVl6anFFQ0pVeHRyV0pGQXlRVjdobHRRcUo2Rzk4aE5NNV9jUjB1ZHFpdllxb2hB?oc=5,Outagamie County nonprofit offers conflict resolution for local court disputes WFRV Local 5,en,2026-09-22T19:03:53+00:00
47,Peer power: How the Mediation Center is teaching Savannah students to navigate conflict - WTOC,Google News — conflict mediation,2026-09-17T20:30:00+00:00,https://news.google.com/rss/articles/CBMisgFBVV95cUxQMTVFUkRQcHFfZm1TTXpnQXRqY0pZaFRFbmVRbXV6VDBKWjR4RW5ueFJKbjBfNDJCQUU3QlkyaDFFZHdUVHBLVW92c1VqSDNOQTRnc1RZbFZHRkNBYW1tdm5ZT3BncTJHbnFjMGctTGI5X3RNbXlIdmlKOEhJdmN4dTRncFhRS1JvRkxsSHpOQ2l5Z05rMUxIeHNvSTRsSVNPOVJySGRubGdRX2ZnVWpWTkt3?oc=5,Peer power: How the Mediation Center is teaching Savannah students to navigate conflict WTOC,en,2026-09-22T19:03:53+00:00
11,Security Council LIVE: Syria’s transition in the spotlight,UN News,2026-09-17T12:00:00+00:00,https://news.un.org/feed/view/en/story/2026/09/1168355,"While Syria is making progress in its political transition, the Security Council is meeting to hear briefings and discuss the situation on the ground, including recent reports of deadly armed clashes with an ISIS-affiliate terrorist group in the south and protests over rising fuel prices.",en,2026-09-22T19:03:53+00:00
10,UN fact-finding mission on Iran focuses on plight of civilians,UN News,2026-09-17T12:00:00+00:00,https://news.un.org/feed/view/en/story/2026/09/1168358,"The Independent International Fact-Finding Mission on Iran confirmed that civilians in the country suffered serious human rights violations and “crimes against humanity committed by their government,” while finding ""reasonable grounds"" to believe that the United States committed “war crimes” in the context of its ongoing conflict with the Islamic Republic.",en,2026-09-22T19:03:53+00:00
37,A Pivotal Moment in Uniting Post-Assad Syria,Crisis Group,2026-09-17T10:17:20+00:00,https://www.crisisgroup.org/cmt/middle-east-north-africa/syria/pivotal-moment-uniting-post-assad-syria,"A Pivotal Moment in Uniting Post-Assad Syria eschelhaas Thu, 09/17/2026 - 12:17 Latest Updates Africa Asia-Pacific Europe Latin America & Caribbean Middle East & North Africa United States Global Issues & Institutions My Reading List Syrian President Ahmed Al-Shara, right, and Syrian Democratic Forces commander Mazloum Abdi, left, attend a session at the presidential palace in Damascus. Rami Alsayed / NurPhoto / via AFP Commentary / Middle East & North Africa 17 September 2026 15 minutes A Pivotal Moment in Uniting Post-Assad Syria The Kurdish-led Syrian Democratic Forces, which long enjoyed de facto autonomy in north-eastern Syria, have dissolved. But tensions in the region remain high as talks about integration with the central state proceed. Further compromise would set a useful precedent for other parts of the country. Share BlueSky Email Facebook Linkedin Twitter Whatsapp Save Print Related Tags Syria The scene on 25 August, like countless others in Syria of late, would have been unimaginable a mere two years ago. Mazloum Abdi, commander-in-chief of the Syrian Democratic Forces (SDF), the Kurdish-led group that had autonomously run much of the country’s north east for some fourteen years, stood in Damascus beside the flag of Syria’s former opposition and new state, announcing the SDF’s dissolution and taking on the role of adviser to President Ahmad al-Sharaa. Beyond marking Abdi’s transition to senior government official, the event represented a pivotal moment in the process aimed at integrating the SDF’s institutions into the Syrian state. Damascus and the SDF leadership have come a long way since their troops clashed in early 2026, but difficult questions lie ahead as they continue talks to define the next phase of integration. Deepening cooperation – and providing further clarity to address Syrian Kurds’ concerns about their security and role in governance – is the best way forward. Progress amid Frustration While it has made important progress, the SDF integration process has also been bumpy, generating its fair share of frustrations. Disappointment is particularly acute among the group’s core Kurdish constituency: the deal reached in late August is the latest in a series of compromises leaving the north east far less autonomy than it had enjoyed during most of Syria’s civil war. The shortfall is due partly to the dramatic shift in U.S. policy following the fall of former President Bashar al-Assad’s Baathist regime, as Washington embraced al-Sharaa’s government and wound down its decade-long partnership with the SDF. But the SDF’s own miscalculations also played a role. After agreeing with Damascus in March 2025 to define integration arrangements by year’s end, it dragged its feet. That strategy proved ill-advised. Government forces pressed their advantage on the battlefield in January, and the SDF saw its hand weaken. Tensions prompted by this confrontation linger to this day. Still, the integration process has proven successful in several key respects. It ended weeks of armed conflict that, just nine months ago, threatened to plunge northern Syria into further violence along ethnic lines; secured unprecedented Syrian government commitments to Kurdish rights; enabled the return of thousands of Kurdish families to their homes after years of displacement, partially reversing war-induced demographic changes; and improved prospects for separate talks in neighbouring Türkiye that aim to end decades of insurgency by the Kurdistan Workers Party or PKK, with which the SDF has deep ties. Scepticism of integration runs deep among Kurds, even as prominent Arab voices call for accelerating it. The SDF’s official dissolution marks the beginning of a new, critical phase. Important gaps between the sides remain, notably over the degree to which former SDF-aligned institutions can maintain coherence as they become part of state structures. The parties will also have to contend with countervailing popular pressures in the north east – scepticism of integration runs deep among Kurds, even as prominent Arab voices call for accelerating it. Unrest following the killing of a Kurdish soldier on 10 September has deepened the polarisation. If Damascus and the former SDF leadership can address these issues together, they could simultaneously consolidate the state’s writ and provide the former SDF with substantive roles in local and central governance. This outcome would do more than benefit both sides; it also could help clarify options for addressing similar challenges in other parts of a country still recovering from years of brutal civil war. A Series of Negotiations The ceremony on 25 August marked the latest in a series of understandings between the SDF and the central state. The first one, reached in March 2025, was very broadly framed and left many issues unresolved; months of deadlock in talks aimed at fleshing it out gave way to weeks of armed confrontation in early 2026. The subsequent 29 January agreement broke the impasse, reflecting the decisive shift in the balance of power after the government’s rapid military advance. This deal outlined a partial framework for integrating the troops, institutions and lands under SDF control into the Syrian state, but it did not answer key questions concerning the degree and pace of assimilation, among other practical details. Talks continued between the two sides to iron out these issues. At one level, they involved President al-Sharaa, Foreign Minister Asaad al-Shaibani, Mazloum Abdi and other senior north-eastern figures, who met occasionally to overcome key obstacles. Day-to-day discussions were left to a team appointed by al-Sharaa, working alongside former senior SDF officials named to government positions and other influential figures in the north east. U.S. diplomats, led by presidential envoy Tom Barrack, supported the process, but with a much lighter touch than during the direct mediation in which they engaged throughout much of 2025. Inevitably, these talks reflected the new balance of power that tilted heavily in the central state’s favour after the SDF’s military setback. The organisation nonetheless retained leverage, however diminished: as SDF leaders were well aware, Damascus was eager for them to officially dissolve the group and thus demonstrate their genuine commitment to integration. Weeks of intermittent exchanges centred on two issues in particular: the roles senior north-eastern figures would play in the central government and the scope of Kurdish-language instruction in schools. Kurdish representation at such senior levels of state power is a clear departure from the decades of exclusion and neglect the community endured under Baathist rule. The two sides finally reached a package of understandings on those matters in the hours preceding the SDF’s 25 August dissolution announcement. Mazloum Abdi agreed to become a presidential adviser, while Ilham Ahmad, head of the SDF’s external relations and a central player in the negotiations, assented to taking a seat in the Syrian parliament. These positions are of a lower rank than those informally suggested by SDF leaders, U.S. officials and other intermediaries, who had floated the idea of Abdi serving on Syria’s new national security council and Ahmad assuming a senior foreign ministry post. Nevertheless, they offer Kurdish leaders a foothold in the central government, supplementing key roles already filled by (former) SDF figures in the nascent integrated military and security structures in the north east. These include Sipan Hemo (until January, a leading SDF figure, now serving as assistant minister of defence for the north east) and Mahmoud Khalil Ali (aka “Siamand Afrin”), who previously led the SDF’s Asayesh security forces and is now deputy head of state security forces in the Hassaka governorate. Kurdish representation at such senior levels of state power is a clear departure from the decades of exclusion and neglect the community endured under Baathist rule. The two sides likewise reached a compromise on Kurdish-language education. Under the SDF-aligned administration, Kurdish had been the prevalent language of instruction in most classes offered in Kurdish areas. As the central government assumes responsibility for schools throughout the north east, SDF negotiators had aimed to maintain as much Kurdish-language instruction as possible. At first, Damascus wanted to limit Kurdish-language classes to just two hours per week. In the end, the central government agreed that schools in areas where Kurds form a significant percentage of the population would provide three hours weekly of Kurdish-language instruction and a fourth hour of “activities” in Kurdish. It also consented to having four core subjects – social studies, history, geography and philosophy – offered in Kurdish during the current academic year, albeit not necessarily beyond that. This compromise built on Damascus’s decision in June to recognise diplomas previously issued by the SDF-linked administration. It also expanded on points outlined in a decree issued by al-Sharaa in January – which, in addition to broader commitments on Kurdish rights, acknowledged Kurdish as a national language and permitted elective Kurdish-language courses. Though the August agreement went beyond Damascus’s previous positions, it still fell short of aspirations held by many Syrian Kurds. In subsequent days, Kurdish organisations (including some allied with the SDF) demonstrated in favour of expanded Kurdish instruction. In a nod to those demands, Mazloum Abdi noted in his remarks announcing the SDF’s dissolution that “we will work to implement this decision [on education] in the current year, so that we can build on it in the future”. Gaps Ahead Meanwhile, other files remain subject to further negotiation. The two sides have yet to fully agree on how members of the SDF’s Women’s Protection Units (in Kurdish, Yekîneyên Parastina Jinê , or YPJ) will be incorporated into government forces. Damascus rebuffed SDF proposals to integrate the all-women force into Syria’s nascent post-Assad military, which currently excludes women from combat units. It suggested instead that they be placed under the interior ministry, which in recent months has begun recruiting women throughout the country into police forces. SDF and YPJ leaders have signalled openness to this idea in principle, while pushing to maintain the YPJ’s structural coherence and focus on counter-terrorism , building on its role in combating ISIS. Damascus and Kurdish leaders continued discussing this matter amid their late August meetings, but they have yet to reach an understanding. Beyond these immediate practical gaps lies a more essential divergence that has marked negotiations since early 2025, namely over how centralised each side believes the new Syrian state should be, and thus over how to define integration , particularly in Kurdish population centres. Both concur that the north east should be fully incorporated within state institutions, but they differ on the degree to which former SDF-linked structures, military as well as civilian, should be able to retain their coherence and the extent to which authority would be locally delegated. To date, Damascus has been prepared to live with a light-touch integration of Kurdish entities into the all-important military and security sectors. To date, Damascus has been prepared to live with a light-touch integration of Kurdish entities into the all-important military and security sectors, with SDF and Asayesh forces maintaining much of their structural integrity under the command of senior officers appointed by Damascus. As a result, Kurdish residents’ primary day-to-day interaction with government forces in the north east has been with Kurdish personnel reporting to an integrated chain of command. Such was still the case after the central state sent more of its forces to the region, most recently through the 1 September deployment of additional personnel to Hassaka city. The approach appears to have been largely successful, extending the reach of state sovereignty throughout the north east while keeping public safety in local hands and mitigating concerns among Kurds about how they would fare with non-Kurdish forces. But the written agreements the sides have signed thus far do not clearly define the terms of these arrangements. Nor do they indicate how long the arrangements will stay in place, leaving open the question of whether and to what extent Damascus might push to deepen central authority as time goes by. This ambiguity was a key reason why the SDF repeatedly advocated for solidifying the understandings through some form of constitutional guarantee. Damascus demurred, deferring talks about that demand to forthcoming discussions of Syria’s future constitution. Kurdish leaders have also made clear their intention to press in those discussions for more explicit constitutional linguistic and cultural protections. The timeframe and process for drafting the constitution remain uncertain, as does the mechanism that would allow for input by Kurdish leaders. Addressing Challenges, Clarifying Gains Beyond these gaps, three challenges stand out: returning displaced persons to their homes; managing incidents that threaten to ignite ethnic and political tensions; and addressing the sharp cost-of-living increase that is, at least in part, a by-product of integration. The issue of displaced persons counts among the most sensitive in northern Syria. Both Kurds and Arabs suffered large-scale displacement during the civil war, with tens of thousands of Kurds forced to leave their homes during offensives in which Syrian opposition forces backed by Türkiye seized the district of Afrin (in north-western Syria) and the towns of Ras al-Ayn and Tel Abyadh (in the north east) from Kurdish-led forces allied with the SDF. Thousands of Arab residents also fled during various SDF advances. Some of the resulting demographic changes persist to this day, exacerbating ethnic tensions that for decades were stoked by the forced Arabisation policies of Bashar al-Assad and his father, Hafez. Both Damascus and Kurdish leaders assert that securing the safe return of displaced persons is a priority. Both Damascus and Kurdish leaders assert that securing the safe return of displaced persons is a priority, and they have restated their commitment to that goal at every stage of negotiations. Together, they have achieved significant progress since the 29 January agreement. Between March and July, some 11,000 families returned to Afrin in convoys organised by government officials (including Damascus appointees and former SDF figures) in coordination with a committee representing the displaced. The influx of returnees has helped both restore Afrin’s social fabric and mitigate concerns among senior Kurdish figures who harboured doubts about integration. The government launched a similar cooperative effort to facilitate returns to and around Ras al-Ayn, an ethnically mixed town known in Kurdish as Serê Kaniyê. Yet serious obstacles have emerged of late. On 10 August, armed men attacked the first convoy carrying Kurdish families returning to Ras al-Ayn. As reports of violence spread, demonstrations erupted in Kurdish population centres in the north east, with a number of protesters reportedly attempting to break into central government facilities. Competing narratives of what motivated the attacks are difficult to parse, and no settled account has emerged. Kurdish leaders and government officials worked together to restore calm, with Mazloum Abdi calling for demonstrators to preserve state institutions and government forces announcing the arrest of several Ras al-Ayn assailants. The incident nevertheless underscored the limits of state authority in an area that until 2025 was controlled by poorly disciplined rebel factions, which seized it from the SDF during a Turkish-backed offensive in 2019. Those factions have since been incorporated into state forces, but their assimilation is far from complete. The government suspended returns to Ras al-Ayn town until conditions improve, which will entail addressing property disputes and dampening ethnic tensions in a location awash with guns. Their success in developing a cooperative model notwithstanding, the government and Kurdish leaders face significant challenges in trying to build on the example of Afrin. The returns file is but one example of how local sparks can ignite broader tensions in the north east. On 10 September, Sipan Hazni, a Kurdish former SDF soldier who had recently joined an integrated Syrian army unit, was kidnapped and brutally killed. Purported images of the murder circulated online, along with reports alleging that the killers were Arab tribesmen. As in August, protesters poured into the streets in Kurdish-majority towns and neighbourhoods, and some reportedly attempted to storm government facilities. This time, however, events escalated further in the town of Kobani (known in Arabic as Ayn al-Arab). The interior ministry deployed additional forces to the town, citing altercations that had left security personnel with injuries. Those forces arrested several demonstrators, then attempted to transport some of them from a prison in Kobani to Aleppo – in other words, from a facility still administered by former SDF-aligned personnel to one run by the central government. A prisoner reportedly lit a fire to protest the transfer, and nine detainees perished in the flames. Reactions in each camp underlined the challenges integration faces, but also its potential. Mistrust was evident, particularly in the episode’s early hours. An interior ministry official said some of those arrested were former SDF fighters, implying that elements of the former SDF that oppose integration were fanning unrest. Within SDF circles, the government’s deployment of reinforcements and attempt to transfer Kurdish detainees to facilities outside the north east bolstered concerns about further centralisation of security authority. Yet despite such misgivings, officials from both camps cooperated to quell the disturbance and signalled they would work together to investigate the incidents culminating in the prison fire. Mazloum Abdi’s role was particularly salient: meeting in Kobani with grieving family members and a range of local notables, he addressed concerns about the unrest and the integration process in his new capacity as adviser to President al-Sharaa. The combination of subsidy cuts and surging energy prices has hit the north east hard, with knock-on effects throughout the local economy. Meanwhile, economic conditions in the north east pose another political challenge, as the cost of living in areas previously governed by the SDF-linked administration has risen significantly. Though inflation is occurring throughout Syria, the surge in prices in the north east during recent months has been particularly acute. It has been driven, at least in part, by changes resulting from integration. When the former SDF-linked administration controlled the area’s oil extraction and economic policy, it provided cheap fuel and various subsidies to electricity generators, bakeries and other facilities, as well as to the vital agricultural sector. But as Damascus extended its writ, it scaled back these benefits, in keeping with its overall determination to maintain fiscal discipline. The combination of subsidy cuts and surging energy prices has hit the north east hard, with knock-on effects throughout the local economy. A steep hike in fuel prices announced by the government on 13 September exacerbated this dynamic, sparking protests in and beyond the north east. Insofar as north-eastern residents link the ensuing financial pain to integration, their faith in the process is fading. As fears resulting from the January military confrontation subside, Kurds in particular are liable to assess integration in terms of its practical impact. They have much to welcome: Kurds now enjoy legal recognition and state institutional roles that were hard to imagine under the previous regime, and the shift from SDF to state governance has eased some of their hardships, including difficulties with their educational diplomas, which previously were not recognised anywhere outside the north east. But, for now at least, the increased cost of living is undermining support among many who otherwise see integration’s benefits and sharpening grievances among those who oppose it. Eyes on the Prize The progress of integration to date is a testament to the foresight of the two sides’ respective leaders. But they need to remain focused on the significant challenges that lie ahead. The stakes are high and the payoff for further progress potentially great. Whereas any setback could have dangerous ramifications for the area’s stability, success could highlight constructive options for addressing governance and integration elsewhere – particularly in southern Syria, where the Druze-majority governorate of Suweida remains outside government control. While the local and geopolitical circumstances differ, the factors that will likely make or break integration in the north east would also be critical to an integration process in Suweida: incorporating local forces to lead in providing day-to-day security; ensuring that the area is well-represented in central government structures; and delivering clear economic gains and better services to the population. Having accomplished several of its priorities – notably extending the state’s institutions and command throughout the north east – Damascus ought to now focus on demonstrating the concrete benefits of integration. The more it is seen to improve security, governance and quality of life for Syrians in the north east, the more credibility integration will attain, including among those who remain understandably apprehensive of central state power after decades of suffering under the Assads. To that end, Damascus should clarify that the SDF’s former Asayesh personnel will form the long-term core of local security forces. It should also ensure that leaders such as Mazloum Abdi and Ilham Ahmad can play substantive, visible policymaking roles, including in drafting a new constitution – progress on which remains essential to Syria’s broader post-Assad transition. Mitigating economic pain in the north east will prove challenging in light of Syria’s fiscal constraints, but Damascus could discuss prospects for external aid to support integration with the U.S., as well as with European and Gulf Arab states. With the SDF now dissolved and several of its leading figures serving as senior government officials, integration may play out less as a negotiation between two parties and more as a mix of bargaining and collaboration among elements of the state. This shift arguably is already well under way locally, as illustrated by how the two camps have worked together to ease displaced persons’ return and to restore calm when tensions have boiled over. If Damascus aims to turn the north east’s integration into a model, building on that cooperation – including at the national level – would be an important way to strengthen its appeal. Related Tags More for you Commentary / Middle East & North Africa Curbing Reprisals in Syria Report / Middle East & North Africa Restoring Security in Post-Assad Syria: Lessons from the Coast and Suweida Also available in Arabic",en,2026-09-22T19:03:53+00:00
142,Finding peace in a world full of conflict. Event planned in Daffin Park - thestate.com,Google News — peace mediation,2026-09-17T09:05:00+00:00,https://news.google.com/rss/articles/CBMiYEFVX3lxTE9ibmk0d1AwdGhXUTlaNDdRZEUyelJCU2dWTmdpV2U5dk5XenpRNW4zb2dwd04zYjRNdTBucV9xck9YTkNxcWZaZnNRWmc5ckZJUll6WXlyQ0hiMGRVeHRZYQ?oc=5,Finding peace in a world full of conflict. Event planned in Daffin Park thestate.com,en,2026-09-22T19:03:53+00:00
41,Mediation Center of Savannah highlights youth conflict resolution programs - WTOC,Google News — conflict mediation,2026-09-16T19:26:00+00:00,https://news.google.com/rss/articles/CBMipwFBVV95cUxNdC1zeDJqZXEtZGZ6MW1iRTU0NGJKLWliVjQyS3dxVVJtS2FHZzRCT1FLcGc3T0hqWm9mOXExbkZqMDl6LU9DTndWZDdMeWMtRXBHSzhidG1Va25pYnRYUUtMYUd0bTczR201QnF3VEZDQ1JZMWV3XzZtaXM2eEN4XzRaRVVXa2s2Y3VKNkV6aXU2S2lUeVpyRlJmb09lVzVxUDhEVmRDVdIBuwFBVV95cUxPRHFZMU55bEJnYUMzNmpRRldiSmp5TmRVcmdBWXVLVGhTWUhQc2diaVVOTVdoTGlUX0tIV2lueTNhbXprOGJldmlQaUl4d0wzS2VoWXozQlBxT0t2WHJUTHBnNlJiZnlBQS14R2lqRDQ0TGhkejF5Y3VDdXRFb2dSV2dvZzl2Ulg5NlVRQ21TVnpqRWtKQmlTS3c0WXU4aEY0M19yQkdqOGY3R3NEeFdDOTFuZEgwbG1kVUE4?oc=5,Mediation Center of Savannah highlights youth conflict resolution programs WTOC,en,2026-09-22T19:03:53+00:00
38,The Houthis’ Advance to Bab al-Mandab: Has Yemen’s War Returned?,Crisis Group,2026-09-16T15:32:49+00:00,https://www.crisisgroup.org/how-we-work/events/houthis-advance-bab-al-mandab-has-yemens-war-returned,"The Houthis’ Advance to Bab al-Mandab: Has Yemen’s War Returned? eschelhaas Wed, 09/16/2026 - 17:32 Latest Updates Africa Asia-Pacific Europe Latin America & Caribbean Middle East & North Africa United States Global Issues & Institutions My Reading List The Houthis’ Advance to Bab al-Mandab: Has Yemen’s War Returned? Online Event Tuesday, 22 September 2026 10am Washington, DC | 4pm Brussels | 5pm Sanaa Please register here if you would like to attend this online event. Over the past week, the Houthis have swept down Yemen’s western coast and reached Bab al-Mandab, unravelling a defensive line that had held for years, and exposing just how fragmented the government camp’s forces had become. A string of retreats was decisive, as the National Resistance, Giants Brigades and other nominally allied units, each with its own command and backers, lost Khokha, Mokha and the roads linking Taiz, Hodeida and the coast, fighting side by side but never as one army. A foothold near one of the world’s busiest shipping chokepoints gives the Houthis fresh leverage over Saudi Arabia, just as Riyadh’s containment strategy is under strain. It also ties their campaign more closely to Iran’s entrenched standoff with Washington: any disruption to shipping through Bab al-Mandab would compound the effects of restrictions around the Strait of Hormuz, raising the economic costs of a wider confrontation. In this online event, Crisis Group brings together leading experts to discuss how the front collapsed so quickly, what the new balance of power means for Taiz, Marib and the other fronts still in play, and whether Saudi Arabia, the Yemeni government and Yemen’s neighbours can keep this round of fighting from sliding into a wider war. Panellists: April Longley Alley | Senior Fellow, The Washington Institute Ahmed Nagi | Senior Analyst, Yemen, Crisis Group Peter Salisbury | Adjunct Professor, Columbia University’s School of International and Public Affairs Moderator: Yasmine Farouk | Project Director, Gulf and Arabian Peninsula, Crisis Group The panel discussion will be held in English and will be live-streamed on YouTube . 0 0",en,2026-09-22T19:03:53+00:00
14,"Security Council LIVE: ‘Being a woman is a crime in Afghanistan,’ civil society briefer declares",UN News,2026-09-16T12:00:00+00:00,https://news.un.org/feed/view/en/story/2026/09/1168347,"Since the Taliban returned to power in Afghanistan in 2021, the continuing presence of terrorist groups as well as rights violations against women and girls are a growing concern as the Security Council met Wednesday to hear latest developments, including from a civil society representative who said being born as a woman in the country “is a crime”. Follow full coverage here.",en,2026-09-22T19:03:53+00:00
13,"World News in Brief: Shipping alert from IMO, democracy vanishing in Nicaragua, alert over political ‘denialism’",UN News,2026-09-16T12:00:00+00:00,https://news.un.org/feed/view/en/story/2026/09/1168352,"Amid a rising number of attacks on shipping in key waterways in the Middle East linked to the US-Iran war, the head of UN maritime agency, Mr. Arsenio Dominguez, has insisted that the conflict is not a “pretext” to target “innocent seafarers”.",en,2026-09-22T19:03:53+00:00
12,Who should set the rules for AI? The UN is pushing for a safer digital future,UN News,2026-09-16T12:00:00+00:00,https://news.un.org/feed/view/en/story/2026/09/1168353,"Artificial intelligence (AI) is advancing rapidly, raising questions about how societies and governments can capture its benefits while managing risks that often extend beyond national borders.",en,2026-09-22T19:03:53+00:00
224,What Is the Status of the U.S.-Iran Peace Talks? Here's What Both Sides Are Saying - Time Magazine,Google News — peace talks,2026-09-15T20:05:17+00:00,https://news.google.com/rss/articles/CBMiqwFBVV95cUxNVUU3WUswTzNxOVJxNGRmQ2VhZFhxSDhkc21LMlJkVDJhMW42NlQ3eHhqWlJmRmhjdHVLZk9oUTF1eVBONGRGbTctWXRlamxwekZyeU1SdWJfU3U3NlVQc0d0TEl1d0tFS3cwX1Nyd2dyYzdRX0ZrZ1pMWjlXQjhmLV9PVF9qaVIxaVlBRThQVEYyMm9PbFF5X3NqamlzZVlvYjR5WHhfQ0c2X2s?oc=5,What Is the Status of the U.S.-Iran Peace Talks? Here's What Both Sides Are Saying Time Magazine,en,2026-09-22T19:03:53+00:00
253,Vicenzi to compete in first-ever ‘Peace Talks’ competition - Bethel College,Google News — peace talks,2026-09-15T16:08:34+00:00,https://news.google.com/rss/articles/CBMiigFBVV95cUxPa09HeDVjZzVmWVFhN29SQ0hNcEpxNWY3RUR1dlc2ZWtxVjN1eUtfdjJGMlZJb1h4LVBRem4yYmxXYUtFS05nQ3JlUlRVQnFRbEx2TmtyQ1NvZVc3TENUdVpaU2NYTW9KX3Fvam1XOWluUmtQWEt0TXRHTVR4Y0stWTlZa0czT3ZBc3c?oc=5,Vicenzi to compete in first-ever ‘Peace Talks’ competition Bethel College,en,2026-09-22T19:03:53+00:00
150,"National Statement of Finland at the UN General Assembly General Debate on Strengthening the role of mediation in the peaceful settlement of disputes, conflict prevention and resolution - Suomi ulkomailla",Google News — peace mediation,2026-09-15T16:02:33+00:00,https://news.google.com/rss/articles/CBMijwNBVV95cUxQTFNJQ1pfRW1ieDYyclVGQnBKWFVMWXpNRWdVSUdhWkM0UHBxWmN0YlVOUWpFVEQtM2dtV3BWQW13NkxpVU5WUUFmUzJReEd1V093ZURfQTNYVHVPN04yMXB5Rm1DVG1ENVJHMlRTX1VCM05POVpXVDFoRzVlblk1LWp5dG8ta2JwcXBaUGRnY1RRalhDMlhrM0xvUVVoR21UbTNNM3Vyd2JXLUdXaFBiNUo1eU9MTFR2UXpzRWsxNFNLaUJjMUUwTER2UUNHOXV5d1NkcjBpUHEzSUhkWGZyN242WEdJdjlhRGVDaGlaRXV1TjRfSWlXNkJ5bEx1UHVGdEZlT1FTTHFwTVhHMEhWSlVtcm9ubHgtQXNkYTdycktxVVM2TGljSWhmeUpmWktDdEllZnpnNV9TS0lFTVV4QklCLUJBX2w4aW1jSGlNS2RPR1hpdVRjbWRwX3FRNWtRczktN2ZKMXNPTllqb2hfWnlOUXExamd6WkotVDZhZUg0R0NyUlJkelV3WS1zVlE?oc=5,"National Statement of Finland at the UN General Assembly General Debate on Strengthening the role of mediation in the peaceful settlement of disputes, conflict prevention and resolution Suomi ulkomailla",en,2026-09-22T19:03:53+00:00
254,Ukraine: A new push for peace - The House of Commons Library,Google News — peace talks,2026-09-15T15:22:11+00:00,https://news.google.com/rss/articles/CBMidEFVX3lxTE1SUllldUw3ZnBhMXY0VGtubWx1YTlvR0FjMlBGX2RWcW56NFZkUEl6WllxNDhJaDdGTUFZa2kwc3FrVVFUc3ZaOWdSZWRJeFZmVHZrMzVTS3VBcVJlbElTLUd5b3ZLT3VaWk9ZVTNHMkRfU0N0?oc=5,Ukraine: A new push for peace The House of Commons Library,en,2026-09-22T19:03:53+00:00
97,IEC WC rollout conflict management plan ahead of elections - EWN,Google News — conflict mediation,2026-09-15T12:41:48+00:00,https://news.google.com/rss/articles/CBMilgFBVV95cUxOR0VSN2U1LVFvQThYY3JEQzR5RWFrejBwWlNWcVo5SzQtNnVuQ3ZFSk90eVAzYkxMUnRESXk1UVc0ZnA2anJpems0MTNSWnNDanl3RC00UVFOUjRuU1o2WGJ3V0Rwa1RMakQ2MWFjVWFwZnE1WDFYQm90U0xQNlMwWjBLcnpEbm4zTFNtaF9IbmpWclVZenc?oc=5,IEC WC rollout conflict management plan ahead of elections EWN,en,2026-09-22T19:03:53+00:00
18,‘Super El Niño’ deepens hunger crisis in South Sudan – WFP,UN News,2026-09-15T12:00:00+00:00,https://news.un.org/feed/view/en/story/2026/09/1168334,"The already dire hunger crisis in South Sudan is becoming increasingly critical as violence, extreme weather and dwindling aid leave millions without enough food, the UN World Food Programme (WFP) warned on Tuesday.",en,2026-09-22T19:03:53+00:00
17,"World fears major war more than any other global risk, UN survey finds",UN News,2026-09-15T12:00:00+00:00,https://news.un.org/feed/view/en/story/2026/09/1168332,"Two years ago, the idea of a large-scale war breaking out felt like a distant hypothetical to the experts who help chart the world’s dangers. Today it tops their list of fears, according to a new UN Global Risk Report.",en,2026-09-22T19:03:53+00:00
16,"Back to school in Haiti: ‘Madame, can you stop what the gangs are doing to us?’",UN News,2026-09-15T12:00:00+00:00,https://news.un.org/feed/view/en/story/2026/09/1168337,"When UNICEF’s Representative in Haiti Geetanjali Narayan stepped into a classroom in Port-au-Prince at the start of the new school year, she asked the children a simple question: What did they most need from the UN children’s agency?",en,2026-09-22T19:03:53+00:00
15,Security Council LIVE: Rising violence triggers emergency meeting on Yemen,UN News,2026-09-15T12:00:00+00:00,https://news.un.org/feed/view/en/story/2026/09/1168343,"Amid rising violence in Yemen, the Security Council met in emergency session on Tuesday to discuss the situation surrounding the critical Bab el-Mandeb Strait shipping route as UN agencies warn of rising displacement, including thousands of Yemenis fleeing to Djibouti. UN News app users can follow here.",en,2026-09-22T19:03:53+00:00
146,Balancing Power and Peace: China’s Mediation Role in International Conflicts in the 21st Century - Trends Research,Google News — peace mediation,2026-09-15T10:07:36+00:00,https://news.google.com/rss/articles/CBMiywFBVV95cUxQZjR1T2ZVZWRiTmFFNExlOFk4T2xLMjFVRUNRWGdhd1pHNWNpQVVBVDhNaDdkYUZDOV9DS1E4eHZxMEx0bm1hdmdNQ3FpZkpBMFlJWUN0LUE3QXFJRVRCREJZU3RWVVMzUTF5dkdxUGxRcnc2djJQQUR3MTNBV0xyMWdFZTFmdVpKSjB3cU1xRlNfNE85LVpoeXRUbm5vc3NlQ2xmbkVVemlLSjVGNWF2cmFPY2hhSENEZ2RfNU4tT1ZycVJPLUkxTlVnMA?oc=5,Balancing Power and Peace: China’s Mediation Role in International Conflicts in the 21st Century Trends Research,en,2026-09-22T19:03:53+00:00
56,Conflict resolution specialists help local charities through pro bono mediation - Greater Birmingham Chambers of Commerce,Google News — conflict mediation,2026-09-15T07:32:47+00:00,https://news.google.com/rss/articles/CBMi0AFBVV95cUxQQTZYbjVMRjBEa0F4X2c3MWZTRGQ0VWQ0RHBtclNHS0tXOWhnSktuMTdFMzRHeVpsMHAwaE11YThnZENMNm5lcG9oY1BadUU1b0RzS3Nud2ZCUzNNWnloSEhFbWVYTkk5c1d6eGtuN0VCNUZZd1FRNGc2YzJEWnpSdHdwZmFwZUQyMDZGSF83cS1OSDFfQkgyVVJWdERoYUJ2V0pqVFlCREFsTVB3WjRod3ZZT1N5YUx0bFV3b29WcE1QZV9zTk0xck9IbWdLMHVf?oc=5,Conflict resolution specialists help local charities through pro bono mediation Greater Birmingham Chambers of Commerce,en,2026-09-22T19:03:53+00:00
229,Geneva talks put Rwanda-DRC peace deal to the test - Al Jazeera,Google News — peace talks,2026-09-15T00:29:38+00:00,https://news.google.com/rss/articles/CBMilgFBVV95cUxOMy1Vek5jOFlRWDl1dDJNbjliVUJUbFBsOXBLeGFQVDYtNUFWa3JyVU4zLVFSemRFWm5KZ3hpTHVLaEVWQ2FLTlMydFZ2QWhZdjFJc0JQN0hSMVU2OEpDYmtPLXFGLU11SDRMWGE0c1cxaE12V1pBUmRCZ0VhVjRiM24zaEo5Z1R4Qlg2R2JHTk9lMWhNVWfSAZsBQVVfeXFMTjhUYk9IUWstWDY3cllLSExISWJBV0cxUTE5alZKNlljSjJjR3NGaF9rSGdIcHRINWpERkZ5Vzd4cFlWb1BtVFlXeGg5N3E3cmxMVTRCbW81MU1MOHhDQXo0SE0xbXJLMGNxSmQ1aGZjM1hac001Y09OZFQxT0t3dEtDZXpLQzU0RUtBcWk2Vjg4dkdqazBiZWxxOTQ?oc=5,Geneva talks put Rwanda-DRC peace deal to the test Al Jazeera,en,2026-09-22T19:03:53+00:00
39,Special Episode: Will the Houthis Shut Down the Bab al-Mandab Strait?,Crisis Group,2026-09-14T15:03:11+00:00,https://www.crisisgroup.org/pod/middle-east-north-africa/yemen/special-episode-will-houthis-shut-down-bab-al-mandab-strait,"Special Episode: Will the Houthis Shut Down the Bab al-Mandab Strait? hschaub Mon, 09/14/2026 - 17:03 Latest Updates Africa Asia-Pacific Europe Latin America & Caribbean Middle East & North Africa United States Global Issues & Institutions My Reading List Podcast / Middle East & North Africa 14 September 2026 1 minute Special Episode: Will the Houthis Shut Down the Bab al-Mandab Strait? In this special episode of Hold Your Fire!, Richard speaks with Crisis Group expert Ahmed Nagi about the rapid Houthi advances along Yemen’s Red Sea coast, what they mean for Saudi Arabia and the wider region, and the risk of a broader shipping crisis. Share BlueSky Email Facebook Linkedin Twitter Whatsapp Save Print Related Tags Yemen In this special episode of Hold Your Fire! , Richard is joined by Crisis Group’s senior Yemen analyst Ahmed Nagi to unpack the rapid Houthi advance along Yemen’s Red Sea coast near the Bab al-Mandab Strait and its implications for regional security and global shipping. They discuss how the 2022 truce between the Houthis, Saudi Arabia and Yemen’s internationally recognised government unravelled, the domestic and regional factors behind the latest offensive, and what enabled the Houthis to gain ground so quickly. They assess how these gains have strengthened the Houthis’ bargaining position and expanded their demands, and whether the group can consolidate its control and advance further. They also examine Saudi Arabia’s difficult choice between costly concessions and further military escalation, and what could prompt broader Houthi attacks on shipping in the Red Sea and beyond. Listen on Apple Podcasts or Spotify . For more, check out our Yemen page. Related Tags More for you Commentary / Middle East & North Africa Yemen’s War is Returning Visual Explainers / Middle East & North Africa The Houthis’ Red Sea Attacks Explained",en,2026-09-22T19:03:53+00:00
21,IAEA chief underscores commitment to nuclear safety and verification,UN News,2026-09-14T12:00:00+00:00,https://news.un.org/feed/view/en/story/2026/09/1168325,"The Director General of the UN nuclear watchdog, IAEA, opened its 70th General Conference on Monday in Vienna with a message full of optimism, stressing that despite the many difficulties and tensions the world is witnessing a “common spirit of dedication” which still guides their work.",en,2026-09-22T19:03:53+00:00
20,"Civilians bear the brunt, with deadly US strikes in Iran and thousands displaced in Yemen",UN News,2026-09-14T12:00:00+00:00,https://news.un.org/feed/view/en/story/2026/09/1168328,Independent UN human rights investigators called for an immediate cessation of hostilities on Monday following a series of United States airstrikes on Iran in recent weeks that have killed civilians as tensions ripple through the region.,en,2026-09-22T19:03:53+00:00
19,UN agencies warn humanitarian system in Sudan ‘could collapse’,UN News,2026-09-14T12:00:00+00:00,https://news.un.org/feed/view/en/story/2026/09/1168331,UN aid agencies on Monday said they may be forced to scale back humanitarian aid in Sudan – home of the world’s worst hunger and displacement crisis – due to funding shortfalls.,en,2026-09-22T19:03:53+00:00
40,Ten Challenges for the UN in 2026-2027,Crisis Group,2026-09-14T08:00:00+00:00,https://www.crisisgroup.org/sbr/global/sb15-ten-challenges-un-2026-2027,"Ten Challenges for the UN in 2026-2027 eschelhaas Mon, 09/14/2026 - 10:00 Latest Updates Africa Asia-Pacific Europe Latin America & Caribbean Middle East & North Africa United States Global Issues & Institutions My Reading List Candidates for United Nations Secretary-General position participate in a debate at the UN General Assembly Hall in New York, on July 23, 2026. Leonardo MUNOZ / AFP Special Briefing 15 / Multilateral Diplomacy 14 September 2026 20+ minutes Ten Challenges for the UN in 2026-2027 As the 2026 General Assembly begins, the UN remains hobbled by cost cutting and big-power wrangling. The new Secretary-General to be chosen soon cannot cure all that ails the organisation, but much can be done to put its still considerable capacity to work. Share BlueSky Email Facebook Linkedin Twitter Whatsapp Save Print Download PDF Full Report (en) Related Tags Global What’s new? Leaders gathering at the UN General Assembly will find an organisation in need of revival. UN diplomacy aimed at halting wars and easing civilian suffering remains paralysed, while funding cuts have weakened UN capacity. States have one eye to the future as they prepare to appoint a new Secretary-General. Why does it matter? The UN remains the only universal forum for global cooperation on war and peace, even as the international order it anchors is under mounting strain. Many member states hope the next Secretary-General can help the organisation dispel its malaise and forge a new direction. What should be done? A new Secretary-General cannot resolve the world’s crises overnight, but this person should work with member states to address immediate challenges. High on the list should be bolstering the UN’s peacemaking and conflict management capabilities, mobilising political and financial support, and making a renewed case for international cooperation. I. Overview When world leaders last met at the UN General Assembly in September 2025, the organisation was in disarray, reeling from U.S. aid freezes and major-power disputes. A year on, the organisation remains trapped in an open-ended crisis, even after an additional round of cost cutting and other reforms. Under the Trump administration, the U.S. has morphed from a flawed champion of the international legal order into an overt scofflaw. While the U.S. has not repudiated the multilateral system anchored by the UN, it has done great damage to the organisation, insisting on shrinking multilateral peace operations, slow-rolling funding and tried to impose its ideological agenda. The Security Council continues to be a forum for hashing out big-power differences – with the U.S., Russia and China coming to agreement on second-tier files. But as regards the most salient peace and security challenges today – the U.S.-Israeli war with Iran, as well as Ukraine and Sudan – the UN is notable mainly for being stuck. The next Secretary-General cannot cure all that ails the UN, but creative diplomacy could be useful in putting its still considerable capacity to work. If the overall mood at the UN is one of drifting toward perdition, it is partly because everyone is waiting for change at the top of the system. Secretary-General António Guterres will complete his term at the end of December. A small batch of candidates – eight, at the time of writing – have been publicly and privately lobbying throughout the year to replace him. Most have been cautious in their campaigning, to avoid offending the major powers that dominate the selection process. UN insiders are watching with mixed feelings. Some hope that the next Secretary-General can bring new energy to the organisation and, assuming Washington is amenable, restore a measure of political relevance and financial stability. Others worry that the U.S., China and Russia will connive to choose a weak candidate firmly under their control and that the Trump administration will force the next UN chief to make even more radical cuts throughout the institution. The selection process has at least focused minds on what the UN, multilateral cooperation and international law exist to achieve. Many member states have emphasised that they would like to see the incoming Secretary-General do more to promote conflict prevention and resolution, which Guterres has sometimes given short shrift while pursuing other goals, such as international cooperation on artificial intelligence. Guterres no doubt felt that he had little to gain by focusing on geopolitical crises given the lack of consensus among the big powers. But there is now a widespread sense that the UN cannot pretend to be a useful platform for discussions of far-reaching issues like AI if governments do not believe that it can deliver on its core, UN Charter-defined purpose of maintaining peace and security. The crises of the last twelve months have also offered reminders of the extent to which the UN still offers a necessary if imperfect scaffolding for international cooperation. The Trump administration has grudgingly turned to the Security Council to endorse its conflict management efforts in Haiti and Gaza. Faced with the fallout of the U.S.-Israeli attack on Iran, such as closure of the Strait of Hormuz, governments around the world have stressed the importance of international legal principles including the prohibition of aggressive war, rules protecting civilians and civilian objects in conflict, and freedom of navigation. Though the UN has had a vanishingly small voice in diplomacy aimed at ending the Middle East war, both U.S. and Iranian officials have acknowledged that the Security Council should play some role – if only a ministerial one – in any peace deal. The UN ... remains best positioned to deliver humanitarian aid, mount peace operations and manage protracted crises that few other actors ... can handle. These are small consolations, but at a moment in which the U.S. and Russia are learning the limits of hard power in the Middle East and Ukraine, there is still space to reiterate the case for diplomacy, cooperation and respect for law. The next UN Secretary-General can make it. While it is foolish to expect a single administrator, however senior, to save the world, many small and midsize UN member states, as well as many major-power officials, are ready to heed a call to reinforce the lapsing international legal order. The UN also remains best positioned to deliver humanitarian aid, mount peace operations and manage protracted crises that few other actors – including the flailing U.S.-backed Board of Peace – can handle. It is possible that new leadership at the UN can give the organisation as a whole, and its peace and security pillar in particular, a new strategic direction. But amid deadly violence, regional rifts and institutional headaches, it is a near certainty that UN crisis management will continue to involve a great deal of firefighting and muddling through. This briefing, based on Crisis Group’s research at the UN and in the countries concerned, offers a guide to some of the most urgent issues. II. The Year in Review: Trends in UN Diplomacy The UN spent much of the past year adapting to a more assertive and transactional U.S. administration. Alongside long-running crises in Ukraine, Gaza and Sudan, the latest U.S.-Israeli war with Iran placed additional strain on Council diplomacy and the UN-backed international order. 1 Crisis Group Special Briefing N°14, Causes of Peace in an Era of Hard Power , 8 July 2026. Meanwhile, the UN’s multi-year liquidity crisis worsened, compounded by the U.S. aid cuts, disrupting operations at headquarters in New York and in the field. Steep reductions in voluntary contributions to UN humanitarian agencies forced the organisation to make difficult choices with its assistance, leaving many civilians affected by armed conflict with little support. Debates over the UN’s future simmered as member states began their search for the next Secretary-General. A year after Donald Trump’s return to the White House, the organisation was no longer in shock but adjusting to a new normal. A. Crisis Management and UN Diplomacy 1. The Security Council A year ago, Crisis Group observed that U.S. diplomacy at the Security Council under the newly installed Trump administration had lacked a clear direction. 2 Crisis Group Special Briefing N°13, Ten Challenges for the UN in 2025-2026 , 9 September 2025. The arrival of U.S. Ambassador Mike Waltz in New York on the eve of the 2025 UN General Assembly marked the beginning of a more purposeful, and often determined, U.S. approach in the Council. Together with Panama, the U.S. secured Council authorisation for a new Gang Suppression Force for Haiti shortly after Waltz’s arrival, along with a UN logistics office to defray some of the Force’s costs (see Section III.4). 3 “ Haiti: Vote on a Draft Resolution Authorizing a ‘Gang Suppression Force’ and a UN Support Office* ”, Security Council Report, 30 September 2025; Daniel Forti, “ New Force to Battle Haiti’s Gangs Gets Security Council Blessing ”, Crisis Group Analyst’s Notebook, 1 October 2025; Crisis Group Latin America & Caribbean Report N°110, Undoing Haiti’s Deadly Gang Alliance , 15 December 2025. Less than two months later, the Trump administration – backed by its regional partners and Palestine – persuaded the Council to endorse its ceasefire plan for Gaza and establish the vaguely defined Board of Peace. 4 “Resolution 2803”, UNSC S/RES/2803, 17 November 2025; Daniel Forti, Richard Gowan and Max Rodenbeck, “ What to Look for as the Gaza Peace Plan Comes to the UN Security Council ”, Crisis Group Commentary, 14 November 2025. In both cases, the Council agreed to arrangements that concentrated decision-making authority in Washington and minimised the UN’s political and operational roles. With UN diplomacy on the war in Gaza lowered to a simmer (see Section III.3), the U.S.-Iran conflict became the Council’s defining crisis of the past year. Major-power tensions over Iran were already high at the UN prior to the outbreak of hostilities at the end of February. After the breakdown of nuclear diplomacy between the U.S. and Iran in 2025 and the twelve-day campaign launched by Israel (and joined by the U.S.) against Iran in June, France, Germany and the UK – three of the participants in the 2015 nuclear deal, or Joint Comprehensive Plan of Action – decided to reimpose “snapback” sanctions on Tehran that were otherwise set to expire that October. 5 Naysan Rafati and Daniel Forti, “ Iran Sanctions Snapback at the UN ”, Crisis Group Commentary, 25 August 2026. Beijing and Moscow rejected the legality of the reimposed UN sanctions, and in protest, they have obstructed business in all of the Council’s sanctions committees and thematic working groups since 2026 began. 6 China and Russia have blocked the appointment of the chairs and vice chairs of all subsidiary bodies, which require Council unanimity according to the body’s informal working methods. The chairs and vice chairs are responsible for leading each body’s meetings, briefing the Council on behalf of each body and managing its workflow. For more, see “ In Hindsight: A Second Year of Delays in the Allocation of Subsidiary Body Chairs ”, Security Council Report, 1 July 2026; Letter from the Security Council’s ten elected members , UNSC S/2026/636, 30 July 2026. Tensions in the Council gradually escalated after the U.S. and Israel once again attacked Iran on 28 February. Tensions in the Council gradually escalated after the U.S. and Israel once again attacked Iran on 28 February. China and Russia sharply criticised the two states during the Council’s first emergency meeting on the war. But even so they allowed passage of a Bahrain-led resolution condemning Iran’s retaliatory fire at its Gulf Arab neighbours days later, abstaining instead of vetoing it. Their posture suggested that preserving relations with the Gulf states was a higher priority than blocking a one-sided resolution that had no teeth. 7 Beijing and Moscow abstained from the vote. Russia also submitted a separate counter-resolution discussing the war’s root causes that got too few votes to be adopted. See “ Resolution 2817 ”, UNSC S/RES/2817, 11 March 2026. Their stances gradually hardened, however, as Washington pressed the Security Council to consider more coercive measures against Tehran. In early April, the Gulf states and the U.S. tabled a resolution for the Council to endorse a vaguely defined multinational naval coalition that would be tasked with reopening the Strait of Hormuz. Moscow and Beijing vetoed the text despite intense lobbying by Gulf capitals, arguing that the resolution would have given the U.S. open-ended authorisation to escalate its campaign. 8 The vote took place hours after U.S. President Donald Trump shared a social media message threatening to annihilate Iran. During its explanation of vote, Russia invoked the Security Council’s 2011 open-ended authorisation of NATO-led military action in Libya as a comparison to the proposed Gulf-U.S. initiative. Crisis Group interviews, UN diplomats, April-May 2026. See also remarks by the Russian Federation, “ Provisional Verbatim of the 10130th meeting of the United Nations Security Council”, UNSC S/PV.10130, 7 April 2026. Weeks later, the U.S. and Gulf states drafted another resolution to demand that Iran open and demine the strait, while threatening sanctions for non-compliance. Despite finding over 138 co-sponsors, the U.S. and Bahrain did not submit the text for a vote, as they could not secure the support of Russia and China. Council diplomacy on the file has since stalled. Complex and sometimes volatile relations among the U.S., China, and Russia continue to shape the boundaries of Council diplomacy beyond the Gulf. After the reversal of U.S. Ukraine policy in early 2025, when the Trump administration stopped sending arms to Kyiv to resist Russia’s all-out invasion, Moscow may have expected Washington to press the Ukrainian government to make concessions in negotiations to end the fighting. Instead, U.S. statements in the Security Council have criticised Russia’s full-scale invasion and called on the Kremlin to agree to an immediate ceasefire. 9 Remarks by the United States, “ Provisional Verbatim of the 10166th Meeting of the United Nations Security Council ”, UNSC S/PV.10166, 8 June 2026. More often than not, U.S. and Russian diplomats have sparred over UN responses to crises in the Middle East and Africa. By contrast, Washington and Beijing have shown willingness to strike occasional deals in the Security Council. Though they frequently clash, recent Council action has depended on a degree of cooperation between these geopolitical rivals. In September 2025, the U.S. agreed to pay nearly $680 million to the UN peacekeeping budget and drop its objections to China becoming penholder on the Council’s Afghanistan file in exchange for Beijing’s support for the Gang Suppression Force in Haiti. 10 Daniel Forti and Richard Gowan, “ Reading the Signals of China’s U.N. Security Council Role in the Afghanistan Mission Renewal ”, Just Security , 31 July 2026. U.S. diplomats also convinced their Chinese counterparts to support the delisting of Syrian President Ahmed Al-Sharaa and Interior Minister Anas Khattab from the UN counter-terrorism sanctions list despite Beijing’s reservations. 11 Maya Ungar, “ UN Lifts Sanctions on Syria’s President as White House Visit Beckons ”, Crisis Group Analyst’s Notebook, 7 November 2025. More recently, China and the U.S. collaborated to streamline the mandate of the UN political office in Afghanistan and approved each other’s candidates for leadership posts in UN missions in the Democratic Republic of the Congo and South Sudan. Other Council members have found it harder to haggle with – much less criticise – the Trump administration’s adventurism. For the UK, France and many of the Council’s ten elected members, the importance of preserving bilateral relations with Washington has often quashed the temptation to toss rhetorical barbs at their U.S. counterparts. The repressed anger was most evident during the Council’s first meeting in January, an emergency session called shortly after the U.S. abducted former Venezuelan President Nicolás Maduro, when many diplomats stopped short of censuring the Trump administration by name or condemning its action, though many took the view that the raid contravened international law. 12 “ Provisional Verbatim of the 10085th Meeting of the United Nations Security Council ”, UNSC S/PV.10084, 5 January 2026; Richard Gowan, “ Trump May Not Need a ‘Board of Peace.’ He Has the U.N. Under His Thumb ”, World Politics Review , 17 March 2026. Less than two months later, a majority of Council members only obliquely chastised the U.S. and Israel for their strikes on Iran, though many again saw the bombing as contravening the international legal order. 13 In addition to China and Russia, elected members Colombia and Pakistan also expressed strong reservations about the war. Richard Gowan, “ UN Security Council Members Limit Criticism of U.S. over Iran ”, Crisis Group Analyst’s Notebook, 2 March 2026. U.S. and French diplomats had a public spat at the end of July following the General Assembly’s re-election of Volker Türk as UN human rights commissioner, but the animosity has not lingered. 14 The U.S. was one of ten states to oppose Türk’s re-election in the 24 July UN General Assembly vote. In response, the Permanent Mission of France to the UN in Geneva criticised the Trump administration in a social media post by saying, “The US used to be a beacon of human rights. Not anymore”. Tweet by the French Permanent Mission to the UN in Geneva, @FranceONUGeneve, 1:12pm, 25 July 2026. In response, U.S. diplomats accused France of “disingenuous grandstanding” and walked out of the Security Council’s 27 July meeting on Ukraine as the French Permanent Representative to the UN delivered the country’s statement. See remarks by U.S. alternate representative to the UN, “ Provisional Verbatim of the 10202nd Meeting of the United Nations Security Council ”, UNSC S/PV.10202, 27 July 2026. London and Paris have tended to lobby Washington behind the scenes when they disagreed with the U.S. in Council debates. They avoided a showdown in the Council on the fourth anniversary of Russia’s all-out aggression against Ukraine in February, in contrast to a major row over a U.S. resolution calling for a rapid peace deal the year before, though U.S. and European diplomats still wrangled briefly over a General Assembly resolution in support of Ukraine. 15 Richard Gowan, “ UN Vote Shows Enduring but Uneven International Support for Ukraine ”, Crisis Group Analyst’s Notebook, 25 February 2026. The elected members’ divergent interests have also played a prominent role in shaping Council dynamics. The elected members’ divergent interests have also played a prominent role in shaping Council dynamics. Unusually, several elected members have found themselves directly implicated in issues before the Council in 2026 to date. The Democratic Republic of Congo (DRC) and Somalia sought to preserve ties with the U.S. while influencing Council discussions on conflicts in their own countries. 16 Kinshasa has used its elected term on the Security Council to raise the profile of the conflict in the eastern DRC, while Mogadishu has sought to end the Council’s engagement with the war in Somalia. Denmark and Panama, meanwhile, have had to contend with Trump’s threats to annex Greenland and seize the Panama Canal, even as they maintained working relations with U.S. diplomats in New York. Bahrain assumed a more prominent role following Iran’s attacks on Gulf states, in close coordination with Washington. Colombia (under President Gustavo Petro, now out of office) and Pakistan, by contrast, have taken more critical positions on U.S. military actions. Whereas previous cohorts of elected members had found common ground in pressing Washington for a ceasefire in Gaza, the present elected ten are less unified in how to conduct diplomacy with Washington. As for UN peace operations, where Washington sees clear strategic interests at stake, such as in the DRC and South Sudan, it has been willing to preserve UN missions and, at times, moderate its normally reflexive opposition to human rights, gender and climate-related activities – including where it has been stubborn in other mandate negotiations in the Security Council and General Assembly. More often, the U.S. has sought to scale back UN operations, claiming concerns about their effectiveness and costs. Over the past year, it has pressed the Council to narrow the mandates of UN missions in Abyei (a disputed territory on the border between Sudan and South Sudan), the Central African Republic (see Section III.5), Colombia, Kosovo and Western Sahara, while supporting the closure of the UN mission in Yemen’s port city of Hodeida. 17 “ Yemen: Vote on Final Mandate Renewal of UNMHA ”, Security Council Report, 25 January 2026. It has also signalled its intention to terminate the mandate of the UN Support Office in Somalia, which provides logistical support to the African Union troops fighting Al-Shabaab, at the end of 2026. 18 Faisal Ali, David Lewis and Giulia Paravinci, “ Somalia peacekeeping mission at risk as US blocks UN support, sources say ”, Reuters, 2 July 2026. Despite U.S. scepticism, several Council members have mounted spirited defences of UN operations. During discussions to renew the mandate of the UN mission in South Sudan, European and African Council members succeeded in stopping the U.S. from deleting swathes of the UN peacekeeping operation’s mandate language on the political process and reducing the mission’s troop ceiling by several thousands. In late 2025, the Council’s three African members and Guyana (known as the A3 Plus coalition), together with China, Russia and Pakistan, were able to nix Washington’s proposal to predicate the renewal of the mandate for the UN peacekeeping force in Abyei on a series of harsh benchmarks. 19 “ UN Interim Security Force for Abyei: Vote on Mandate Renewal Resolution* ”, Security Council Report, 13 November 2025. Denmark and Pakistan (which work together in 2026 as an informal “peacekeeping duo”) negotiated intensely with U.S. counterparts to secure support for a thematic resolution to improve the UN’s accountability measures when its peacekeepers are harmed while serving in missions. 20 “ Resolution 2823 ”, UNSC S/RES/2823, 23 June 2026. South Korea, an elected member on the Council in 2024-2025, was the third member of this grouping, which previously was known as the “peacekeeping trio”. Crisis Group interviews, UN diplomats, May-June 2026. These examples suggest that when members show unity and coordination – and when they are not confronting what Washington sees as its core interests – they can sometimes engage in effective diplomacy with the U.S. 2. The Secretary-General Secretary-General Guterres has spent much of his final year in office trying to forestall the UN’s urgent financial crisis (discussed below), complete reforms under the UN80 initiative that he launched in 2025 and defend the UN Charter in response to violations by two permanent members, Russia and the U.S. 21 The UN80 initiative, launched by Guterres in March 2025, is premised on three separate reform processes. The first is premised on budget cuts and cost savings at the UN Secretariat; the second features a review of all inter-governmental mandates; and the third is anchored in proposals for larger institutional reforms (including proposals to merge different UN agencies and offices). “ UN80 Initiative ”, UN, August 2026. Neither Moscow nor Washington is eager to engage with him personally, curtailing his opportunities to pursue new diplomatic efforts. But the Secretary-General’s cautious outlook toward UN-led conflict management has left many diplomats and officials searching for a successor who will put the organisation’s work on peace and security front and centre. The Secretary-General’s limited influence over the past year has not always been due to a lack of initiative. Shortly after the resumption of hostilities between the U.S. and Iran, Guterres appealed for creating a humanitarian corridor to permit the passage of fuel and fertiliser through the Strait of Hormuz, established a UN mechanism modelled on the Black Sea Grain Initiative to facilitate these efforts and appointed a personal envoy to boost the UN’s diplomatic response. 22 “ Note to Correspondents: on the Strait of Hormuz ”, UN, 27 March 2026. His focus on the war’s global consequences won plaudits but failed to have meaningful impact, as neither the Gulf states nor the U.S. showed serious interest in reopening the strait, except in full and without condition. The initiative has faded from memory even as the war has reignited and traffic through the waterway remains constrained. 23 Guterres shared a brief update about the UN mechanism at a 24 August press conference. See “ Secretary-General’s Press Encounter – On the United Nations’ Efforts to Uphold Navigational Rights and Freedoms ”, Office of the UN Secretary-General, 24 August 2026. Elsewhere, Guterres has deployed his dwindling political capital selectively. At the end of July, he travelled to Cyprus to revive his long-running mediation between Greek and Turkish Cypriots. He also made personal appeals to Sudan’s belligerents in support of a proposed humanitarian ceasefire in Darfur. The Secretary-General continued to press for Security Council reform, including at a high-level summit convened by France and Kenya in May, and in August he released a long-awaited review of UN peace operations mandated by the 2024 Pact for the Future (see Section III.9). 24 “ Review on the future of all forms of United Nations Peace Operations ”, UNGA A/80/798 – UNSC S/2026/600, 22 July 2026. Yet meaningful progress on these and other such priorities has eluded him. B. UN Reform The UN’s financial outlook has deteriorated sharply over the past year, largely due to Washington’s failure to pay its fair share. Since President Trump returned to office, the U.S. has ponied up only a portion of the nearly $4 billion in dues it owes the organisation. 25 In late August, the U.S. agreed to make a payment of $725 million to the UN regular budget, an amount reportedly calculated by Washington to avoid losing its vote in the General Assembly under Article 19 of the UN Charter. The U.S. is not the only member state withholding its obligatory dues, even if it is the largest and has accumulated the most arrears. China has regularly delayed its annual payments to the UN regular budget – in 2026 paying only at the beginning of September – though it traditionally does not accumulate arrears. See Catherine Pollard, “ Financial situation of the United Nations ”, statement to the Fifth Committee of the General Assembly at its 80th Session, 7 May 2026; “ Chandramouli Ramanathan (UN Controller) & others on the UN Budget ”, Office of the UN Spokesperson, 1 July 2026; Humeyra Pamuk and Emma Farge, “ US plans $725 million payment towards its large UN debt ”, Reuters, 21 August 2026. U.S. officials have openly stated their intention to place the UN on a starvation diet and withdrawn from several UN bodies. 26 “ Withdrawing the United States from International Organizations, Conventions and Treaties that Are Contrary to the Interests of the United States ”, White House, 7 January 2026; Emma Farge, Olivia Le Poidevin, Simon Lewis and David Brunnstrom, “ Diplomatic efforts seek to avert Trump split with UN refugee agency, sources say ”, Reuters, 21 July 2026. Yet, to the relief of many diplomats and UN officials, Washington no longer appears intent on a wholesale retreat from the organisation. Since the end of 2025, it has provided nearly $5 billion in voluntary funding to Office for the Coordination of Humanitarian Affairs (OCHA), UNICEF and the World Food Programme, agencies that have embraced the administration’s reform agenda and retained bipartisan support in Congress. While these contributions have been critical in sustaining key UN operations, they remain well below Washington’s historical level of support and are heavily earmarked to align with U.S. priorities. 27 “ OCHA-Managed Humanitarian Funds Receive Landmark US$2 Billion Contribution from United States ”, UN OCHA, 29 December 2025; “ United States Pledges Additional $1.8 Billion in Life-Saving Humanitarian Funding to OCHA’s Humanitarian Reset & Shares Powerful Results from the Trump Administration’s UN Humanitarian Reform Agreement ”, U.S. Department of State, 14 May 2026; “ United States Announces More Than $1 Billion in Assistance to UNICEF and World Food Program to Address Global Humanitarian Needs ”, U.S. Department of State, 16 June 2026. Source: UN OCHA’s Financial Tracking Service / CRISIS GROUP Though Washington has shown interest in working with UN aid agencies, the Trump administration is still bent on paring down the organisation. The first wave of cuts prepared under the UN80 reform banner were severe: member states agreed to a nearly 15 per cent reduction in the UN Secretariat’s 2026 budget and a 19 per cent culling of UN staff. 28 Vibhu Mishra, “ General Assembly approves $3.45 billion UN regular budget for 2026 ”, UN News , 30 December 2025. Humanitarian and development agencies that traditionally rely on voluntary contributions were dealt harsher blows, even as many attempted to narrow their aid appeals (see figure below). 29 “ UN80 Initiative: Progress Report ”, UN May 2026; LinkedIn post by Ronny Patz, “ Post on UN System staff data for 2025 ”, July 2026. Diplomats and UN officials alike are now coming to grips with the real-world consequences of a smaller UN, and it is likely to shrink further. 30 “ A Generational Collapse: Tracking the Toll of Trump’s Humanitarian Aid Cuts ”, Refugees International, 5 February 2026; “ Funding Cuts: Six Critical WFP Operations at Risk ”, World Food Programme, 15 October 2025; “ Beyond the Breaking Point: The Continuing Impact of Funding Cuts on Women’s Organizations in Humanitarian Settings ”, UN Women, July 2026. Washington and Beijing will almost certainly propose additional trimming to the Secretariat during the next round of budget negotiations in December. 31 Jeff Bartos, “ U.S. Closing Statement at the UN General Assembly Fifth Committee’s 80th Main Session ”, speech to the UN General Assembly, 30 December 2025; Sun Lei, “ China Closing Statement at the UN General Assembly Fifth Committee’s 80th Main Session ”, speech to the UN General Assembly, 30 December 2025. Funding to OCHA for Prominent Conflict-affected Countries (USD, 2024-2025) Myanmar received an additional $208 million in 2025 in a flash appeal to respond to the country’s earthquake in March 2025. Source: Data from UN Office for the Coordination of Humanitarian Affairs, Financial Tracking Services, last accessed 10 August 2026. While the UN imposed a raft of cost-cutting measures, reforms pursued through other strands of the UN80 process are likely to take longer to bear fruit. After initial hesitation, member states agreed to review the organisation’s mandating practices. 32 “ Report of the Mandate Implementation Review ”, UN80 Initiative: Workstream 2, September 2025. In March, the General Assembly approved changes to how new UN mandates are created and fulfilled but sidestepped the more politically sensitive task of streamlining its existing portfolio of over 40,000 mandates for everything from sustainable development to disaster risk reduction. Diplomats have also welcomed the Secretary-General’s willingness to propose structural reforms to the UN system but have baulked at specific proposals to merge various UN agencies (see Section III.8), often due to a mix of national interests (which could involve political or financial ties to a specific office) and principled concerns that the changes could weaken the UN’s work in these areas. 33 Smaller organisational changes have already taken place, including the creation of the UN’s Peacebuilding and Peace Support Operations Office, merging units within the UN’s Department of Political and Peacebuilding Affairs and the Department of Peace Operations. For more, see “ Shifting Paradigms: United to Deliver – Report of the Secretary General ”, UN80 Initiative Workstream 3, 18 September 2025; “ Report of the Secretary-General: UN80 Initiative Progress Report ”, UN80 Initiative, 26 May 2026. The General Assembly is unlikely to approve many more of Guterres’ proposals before the end of his term. A separate liquidity crisis has jeopardised the UN’s solvency for much of the past year. Again, much of the responsibility rests with the U.S., which is the UN’s largest funder, and which over the past decade has increased the percentage of its obligatory dues that it has either delayed or withheld entirely from the organisation’s coffers. 34 Wasim Mir, “ Financing the UN Secretariat: Resolving the UN’s Liquidity Crisis ”, International Peace Institute, March 2020; Damilola Banjo, “ The UN Chief’s Plan to Ease the Organization’s Cash Crunch ”, PassBlue, 14 June 2026. For details, see footnote 25. UN peacekeeping operations have been among the hardest hit by the organisation’s cash crunch. In October 2025, the Secretary-General instructed all peacekeeping missions to cut their budgets by at least 15 per cent, resulting in the repatriation of nearly 13,000 uniformed and civilian personnel (see figure below). 35 “ Letter from the Secretary-General to all United Nations Personnel ”, 10 October 2025; “ How UN Peacekeeping Operations are Adapting to Contingency Measures ”, International Peace Institute, July 2026. The effects have been particularly severe in South Sudan, the DRC and the Central African Republic, where UN missions have scaled back patrols, closed bases and suspended local dialogue initiatives, among other activities. 36 “ How UN Peacekeeping Operations are Adapting to Contingency Measures ”, op. cit.; Erica Gaston and Catharina Nickel, “ Defaulting into Transition: How Financial Cuts are Affecting Peacekeeping Realities ”, UN University Centre for Policy Research, 31 March 2026; “ UN Peacekeeping Operations: Closed Consultations ”, Security Council Report, 28 April 2026; Thibault Camelli, “ UN Peace Operations Gone Broke: How the United Nations’ Financial Crisis is Dismantling Peace Operations ”, NYU Center on International Cooperation, 30 June 2026; “ Less presence, less protection: the costs of UN peacekeeping cuts ”, press release, Norwegian Refugee Council, 2 September 2026. Source: “Peacekeeping – Troop and Police Contributors”, UN, 10 August 2026 / CRISIS GROUP In June, member states agreed to temporarily ease the UN’s liquidity crisis by amending what the Secretary-General called a “Kafka-esque” 75-year-old administrative rule that required the organisation to return unspent funds from the budget to UN members as credits, regardless of whether the organisation had in fact ever collected the money. 37 Letter from the Secretary-General to all UN member states on the organisation’s financial situation , 28 January 2026. This little-noticed rule gained prominence only in recent years, as U.S. arrears ballooned. 38 “ General Assembly Endorses New Methodology for Unspent Funds, Adopts $5.1 Billion Peacekeeping Budget ”, Office of the UN Spokesperson, GA/12766, 30 June 2026. While the rule change offered a short-term reprieve for an organisation that had been concerned about meeting payroll ahead of the General Assembly’s High-Level Week in late September, it is unlikely to reverse many of the most severe contingency measures already put in place. C. The Search for a New Secretary-General The process of choosing Guterres’ successor, which began in November 2025, is approaching a crescendo. Members of the Security Council held their first straw poll at the end of July, and they will continue to take these informal soundings until one candidate receives at least nine votes from the fifteen-member body with no objection from any of the five permanent members. Eight candidates are in the running. They are: Ivonne A-Baki (former Ecuadorian ambassador to France and the U.S.), Michelle Bachelet (former president of Chile and head of UN Women), María Fernanda Espinosa Garcés (former foreign minister of Ecuador and president of the 73rd General Assembly), Rafael Grossi (director-general of the International Atomic Energy Agency), Rebeca Grynspan (former second vice president of Costa Rica and head of the UN Conference on Trade and Development), Olara Otunnu (former Ugandan foreign minister and former UN representative for children and armed conflict), Carolyn Rodrigues Birkett (Guyana’s permanent representative to the UN) and Macky Sall (former president of Senegal). 39 María Fernanda Espinosa Garcés currently serves on Crisis Group’s Board of Trustees. Rumours abound of others weighing entering the race, and many diplomats lament that their preferences may well be in vain since those of the five permanent members will be decisive in the race’s outcome. 40 Colum Lynch, “ Are we headed for big power stitch up in race for UN leader? ”, Devex, 26 June 2026. Unofficial Results from UN Security Council Straw Polls Source: “UN Security Council straw polls”, 1 for 8 Billion / CRISIS GROUP UN member states have various priorities in assessing the candidates. Many are keen to restore the organisation’s credibility as a peacemaker, as Crisis Group noted in April. 41 Daniel Forti, “ Prioritising Peace: What the UN Should Ask of its Next Secretary-General ”, Crisis Group Commentary, 16 April 2026. Reflecting this concern, nearly all candidates identified conflict prevention and the UN’s role in war and peace as central priorities in their vision statements, General Assembly hearings and public debates, though they differed as to how these goals should be pursued. 42 See the vision statements prepared by each candidate at “ Selection and Appointment of the Next Secretary-General ”, United Nations. Diplomats have also urged candidates to articulate their priorities for UN-led development assistance, as the next Secretary-General will need to outline a framework to succeed the Sustainable Development Goals that expire in 2030. Separately, calls for the Security Council to select the organisation’s first woman Secretary-General continue to resonate. Six of the eight candidates in 2026 are women, compared with only ten of the previous 48 formally declared candidates in the UN’s 80-year history. 43 Susana Malcorra and Nudhara Yusuf, “ In the Race for U.N. Secretary-General, Might a Woman Finally Lead? ”, Just Security , 18 March 2026; tweet by Loraine Sievers, @SCProcedure, 12:07pm, 21 August 2026. But views differ among permanent members about the importance of choosing a woman to head the UN. On one hand, China’s ambassador to the UN declared that Beijing would be “very happy to see” the UN appoint its first woman to the top job. 44 “ Press Conference: Ambassador Fu Cong, Permanent Representative of China to the United Nations and President of the Security Council for the month of May 2026 ”, UN WebTV, 1 May 2026. On the other hand, many speculate that the U.S., toeing the Trump administration’s line on “gender ideology” and “discriminatory equity ideology”, would object to any woman candidate. U.S. sources, for their part, suggest that the U.S. will not oppose any aspirant just because she is a woman. 45 U.S. officials and lawmakers have expressed opposition to Bachelet due to her support for abortion access during her previous stints at the UN. Tessa Gervasini, “ Republican lawmakers oppose former Chilean president’s UN bid over abortion views ”, EWTN, 27 March 2026. In theory, it is Latin America’s turn ..., but the candidacies of Africans Sall and Otunnu produced debate about how strictly states should adhere to the practice. The UN also has an informal convention of rotating the Secretary-General position among geographic regions, which is sometimes honoured in the breach (Guterres was selected though the convention would have favoured a candidate from Eastern Europe), that may come into play this time. In theory, it is Latin America’s turn (with Latin America understood to encompass the Caribbean), but the candidacies of Africans Sall and Otunnu produced debate about how strictly states should adhere to the practice. 46 Solomon Dersso, “ AU’s rejection of Macky Sall’s UN Secretary-General candidacy is a win for Africa’s diplomacy and warrants withdrawal of the candidacy ”, Amani Africa, 8 April 2026; Catherine Osborn, “ Latin America’s turn atop the U.N.? ”, Foreign Policy , 24 April 2026; Sebastián Tobar, “ Latin America has a rare chance to shape the United Nations ”, Devex, 2 July 2026. It is unclear whether the permanent members will stick to convention when making the selection, but they are under political pressure to choose someone from Latin America. Lastly, the deliberations have aggravated longstanding rifts between the Security Council’s five veto-wielding powers and the rest of the UN’s membership over who gets to choose the next Secretary-General. Though the permanent members often clash when sitting in the Security Council, they have uniformly rejected reforms that could dilute their influence over the selection process. 47 Damilola Banjo, “ The P-5 tighten their grip over selection of the next UN boss ”, PassBlue, 16 September 2025. Their agreement to include Otunnu in the Security Council’s 30 July straw poll before he could participate in a husting organised by the General Assembly provoked diplomatic blowback from advocates pushing for a fair and transparent process, including from the president of the General Assembly herself. 48 Letter from the president of the General Assembly to the president of the Security Council for July , 28 July 2026; “ Letter to the president of the General Assembly and president of the Security Council for July 2026”, 1 for 8 Billion, 29 July 2026. A-Baki’s entry four days before the second straw poll heightened anxieties that new candidates could parachute into the race shortly before a vote to avoid prolonged public scrutiny. 49 A-Baki did appear in a public meeting with the General Assembly and an informal dialogue with the Security Council before its 21 August straw poll. How the Council’s permanent members balance their prerogatives over the push for transparency could affect the next Secretary-General’s political credibility before she or he assumes the office. III. Ten Challenges for the UN Even as the UN is mired in interlocking difficulties, the organisation can still contribute to conflict resolution and crisis management in many domains. The following list features countries and issue areas where the UN confronts either major challenges or opportunities in the year ahead. It is intended to demonstrate the myriad factors affecting how the UN and its member states respond to conflicts and emergencies around the world. The list is not exhaustive, however, and it excludes cases that Crisis Group has highlighted elsewhere or in years past, such as Afghanistan, the DRC, South Sudan, Ukraine and others. 1. Continuing UN engagement in southern Lebanon In August 2025, the U.S. and Israel strong-armed the Security Council into shutting down the UN peacekeeping mission in southern Lebanon (UNIFIL) – first established in 1978 and significantly upgraded by Resolution 1701 twenty years ago – by the end of 2026 (though the phased withdrawal of troops will extend considerably past 31 December). 50 “ Resolution 2790 ”, UNSC S/RES/2790, 28 August 2025. While questions about southern Lebanon have long vexed the Council, the latest conflagration between Israel and Hizbollah raises the stakes even higher. 51 Heiko Wimmen and David Wood, “ Entrenching a Meaningful Israel-Lebanon Ceasefire ”, Crisis Group Commentary, 19 June 2026. The danger is now that the UN will terminate its 48-year blue helmet operation without clarity on what kind of international presence, if any, might follow. Much will now depend on the trajectory of U.S.-backed negotiations between Israel and Lebanon, which to date have failed to produce a viable security arrangement. The two states signed a “framework agreement” on 26 June, under which the Lebanese army is to assert control of “pilot zones” in southern Lebanon, ensuring that Hizbollah no longer has a military footprint in these areas. 52 “ Trilateral Framework Between the United States of America, the State of Israel and the Republic of Lebanon ”, U.S. Department of State, 26 June 2026. Yet the scheme, which is meant to “serve as the mechanism for phased and verified (Israeli) redeployments”, has already run into trouble. 53 Ibid. Lebanon complains that Israel has kept attacking Lebanese territory, including with lethal airstrikes and the systematic destruction of villages, and authorised “pilot zones” only in areas that it never occupied. Israeli officials, for their part, make Hizbollah’s full disarmament a condition for the Israeli army’s withdrawal. 54 Maayan Lubell and Maya Gebeily, “ After US criticism, Israel ties Lebanon withdrawal to Hezbollah disarmament ”, Reuters, 13 August 2026. Beirut officially outlawed Hizbollah’s military activities in March, but, in practice, it cannot risk trying to compel the group to disarm. 55 Lebanese political and military leaders have resisted calls to deploy the Lebanese army to confront Hizbollah by force. They fear that such a move could trigger disastrous domestic consequences, such as the military fracturing along sectarian lines. Crisis Group Middle East Briefing N°94, Containing Domestic Tensions in War-hit Lebanon , 27 February 2025. See also Michael Young, “ Pushing Beirut into an armed conflict with Hezbollah is insane ”, Diwan (blog), Carnegie Middle East Center, 14 May 2026. Even if the terms of the deal were to be spelled out more precisely, the belligerents would almost certainly refuse to sign up to the underlying bargain. Hizbollah rejects the direct Israel-Lebanon negotiations outright, insisting that Lebanon entrust Iran, the group’s patron, with securing a full Israeli withdrawal as part of Tehran’s negotiations with Washington. 56 “ Hezbollah insists on linking Lebanon to Iran-U.S. negotiations ”, Asharq al-Awsat , 13 July 2026. Though Israel has participated in the trilateral talks with Lebanon and the U.S., it refuses to accept another arrangement like Resolution 1701, under which its troops withdrew from Lebanon after the 2006 war while Hizbollah remained under arms. Debates about a future international presence will also be shaped by U.S. and Israeli scepticism. Israel has long questioned the value of UNIFIL in helping Lebanon constrain Hizbollah, and it has shown little appetite for a replacement that might obstruct its own military operations. The U.S. does not oppose an international mission per se, but it is wary of replicating a UNIFIL model that it deems ineffective. 57 Crisis Group interviews, diplomats and UN officials, Beirut, July 2026. The U.S. and its Israeli partners have long argued that UNIFIL has failed to deter Hizbollah military operations south of the Litani River (even if it has no mandate to confront the militant group by force) and is too expensive. For background, see David Wood, “ Helping UNIFIL Restore Stability in Southern Lebanon ”, Crisis Group Commentary, 14 August 2025. Washington has sidelined the monitoring mechanism attached to the November 2024 ceasefire, in which UNIFIL and France (the Council’s penholder on Lebanon) were represented. Instead, an annex of the June framework agreement provides for a U.S.-headed “military coordination group”, through which Israel and Lebanon will manage tasks that UNIFIL or a successor force might have helped tackle, including “deconfliction, verification and overall implementation”. 58 The parties did not officially release this annex to the framework agreement, but they have not challenged the authenticity of a text leaked to the media in late June. “ The Lebanon-Israel ‘security’ annex agreement revealed ”, L’Orient Today , 29 June 2026. Other Council members and Lebanon strongly favour retaining an international presence, having reluctantly agreed to UNIFIL’s termination at the end of 2026 to avoid a U.S. veto that would have abruptly ended the mission in August 2025. 59 “ UN Interim Force in Lebanon: Vote on Final Mandate Renewal and Drawdown* ”, Security Council Report, 28 August 2025; Jamie Prentis, “ Lebanese MPs urge UN to extend peacekeeping mission ”, The National , 24 July 2026. The framework agreement does not mention the UN or Security Council resolution 1701. The annex, however, proposes a future role for a “mutually agreed-upon third-party entity” to verify that non-state armed groups have been cleared from each “pilot zone”. 60 “ The Lebanon-Israel ‘security’ annex agreement revealed ”, op. cit. To date, Israeli, Lebanese and U.S. negotiators have struggled to flesh out what such verification would entail, making it difficult for interested nations to commit troops to a mission that might prove dangerous. Yet even if the framework agreement eventually falls by the wayside, any other attempt to reach a deal that would link Israel’s withdrawal from southern Lebanon and cessation of airstrikes with an end to Hizbollah attacks on Israel and disarmament of the group would in all likelihood hinge on some sort of third-party verification. International partners have begun debating options for a new multinational presence. In June, the Secretary-General proposed a follow-up UN mission involving both armed and unarmed troops. 61 The report, mandated by the Security Council in Resolution 2790, proposed three different deployment sizes: the largest option would entail 5,525 uniformed personnel, the middle one 3,370 and the lightest footprint approximately 1,980. See “ Letter dated 1 June 2026 from the Secretary-General addressed to the President of the Security Council ”, UNSC S/2026/453, 1 June 2026. France and Italy have also announced plans to create a new multinational coalition in southern Lebanon as a successor to UNIFIL. 62 “ Lebanon president welcomes French, Italian efforts to form coalition to succeed UNIFIL ”, Arab News , 26 June 2026. In parallel, the European Union is weighing a separate mission comprising civilian and military personnel to advise and possibly train Lebanese forces – outside southern Lebanon – in addition to the €180 million it has already committed to support the Lebanese army. 63 Louay Faour, “ European powers seek greater role in south Lebanon’s post-war security architecture ”, The New Arab , 12 July 2026; Lili Bayer, “ EU diplomatic service proposes mission to train Lebanese forces, documents show ”, Reuters, 24 June 2026;“ European Peace Facility: Council adopts EUR 100 million assistance measure in support of the Lebanese Armed Forces ”, press release, Council of the EU, 4 June 2026. Any new multinational mission would have no choice but to work alongside the Lebanese-Israeli-U.S. security arrangement, even if that is not fully defined. Any new multinational mission would have no choice but to work alongside the Lebanese-Israeli-U.S. security arrangement, even if that is not fully defined. States wishing to participate in a mission would almost certainly demand Security Council authorisation prior to sending troops to southern Lebanon so as to guarantee their legal and political protection. Given U.S. veto power, Washington’s support on the Council remains indispensable, meaning that UN members cannot circumvent the trilateral mechanism championed by the Trump administration. Between now and the end of December, diplomats should monitor the evolution of security arrangements on the ground in southern Lebanon, while seeking to work out with Washington what kind of international deployment, if any, would be beneficial to Lebanon and its stability. It is unlikely that any security arrangement, whether the June framework agreement and/or some future deal, will either fully disarm Hizbollah or completely dissuade Israel from conducting military operations in Lebanon. But withdrawing UNIFIL, with no immediate successor in place, could leave a vacuum that makes an already tense situation even more volatile. By inheriting UNIFIL’s most valuable functions – in particular, monitoring and on-the-ground deconfliction – a new multinational mission could set up a guardrail against fresh escalation. Ideally, that force would eventually assume other roles in bolstering a sustainable security arrangement for southern Lebanon that becomes durable enough to stand on its own feet. 2. Adapting the UN’s political strategy for Sudan The UN continues to be on the margins of diplomacy aimed at halting Sudan’s devastating civil war. Secretary-General Guterres’ appointment of Pekka Haavisto as the new UN envoy in February has offered the organisation an opportunity to refresh its approach. Ramtane Lamamra – the UN’s previous diplomatic lead – struggled to find a bridge between the main warring parties, the Sudanese army and the paramilitary Rapid Support Forces (RSF), or to coordinate the array of mediators working to resolve the conflict. The UN has had varying degrees of success in securing local deals over aid access, and it continues to prepare for a possible role in overseeing aspects of a mooted ceasefire. 64 See the Sudan entry in Crisis Group Briefing, Ten Challenges for the UN in 2025-2026 , op. cit. It is hard to see the UN leading efforts to stop the war, given the number of powerful foreign states backing the belligerents, but it should use the coming months to support other diplomatic tracks and raise global awareness of the urgent need to end the fighting. 65 “ Sudan: Closed Consultations ”, Security Council Report, 17 April 2026. Nearly eighteen months ago, UN officials acknowledged that Sudan’s plight had become the world’s largest humanitarian catastrophe. 66 “ UN Sudan Annual Results Report 2024 ”, UN Sudan, 4 June 2025. Conditions have only deteriorated since then. An independent UN panel determined that mass killings, rapes and other atrocities committed by the RSF in October 2025 in El Fasher, Darfur – the city that hosted the headquarters of the former UN peacekeeping operation UNAMID – were “indicators of a genocidal path”. 67 “ Sudan: Hallmarks of Genocide in El Fasher - Report of the Independent International Fact-Finding Mission for the Sudan ”, UN Office of the High Commissioner for Human Rights (OHCHR), UN Doc A/HRC/61/77, 19 February 2026. Diplomats and UN officials alike are sounding the alarm about similar risks in El-Obeid, North Kordofan. 68 “ Sudan: Imminent offensive on El Obeid must be halted – Türk warns of catastrophic impact on civilians ”, press release, UN Office of the High Commissioner for Human Rights, 18 June 2026; “ Joint Statement of G7 Foreign Ministers on El Obeid, Sudan ”, U.S. Department of State, July 2026; “ Security Council Press Statement on Sudan (SC/16392) ”, UN Security Council, 20 June 2026. The two warring sides and their outside backers still believe there is more to gain from fighting than from negotiations. As matters stand, the country is in effect partitioned between the army and the RSF. 69 Crisis Group Africa Report N°211, Divided Sudan, Elusive Peace , 13 April 2026. To date, political negotiations have yielded few results. Much of the diplomatic focus has fallen on the Quad, a platform involving the U.S. and the three Arab powers with the most sway over the conflict parties – Egypt, Saudi Arabia and the United Arab Emirates. Its September 2025 roadmap, however, has won over neither belligerent, while Riyadh and Abu Dhabi, at loggerheads in conflict settings from Libya to Yemen, are doubling down on backing the army and RSF, respectively, stymying agreement within the Quad about what to do. 70 “ Joint Statement on Restoring Peace and Security in Sudan ”, U.S. Department of State, 12 September 2025; Comfort Ero and Alan Boswell, “ Latest Sudan Conference Shows Diplomacy is Backsliding ”, Crisis Group Analyst’s Notebook, 17 April 2026. In parallel, the UN is working alongside the African Union (AU), the EU, the Intergovernmental Authority on Development (IGAD), a Horn of Africa body, and the Arab League to support Sudanese-led civilian political dialogues as part of a nascent diplomatic track called the Quintet; these mediators convened a meeting in Berlin in April and another in Addis Ababa two months later. 71 “ Sudan: Quintet Joint Statement on de-escalation of the conflict in Sudan ”, European External Action Service, 11 February 2026; “ Quintet Statement on Ongoing Consultations with Sudanese Political Actors ”, African Union, 6 June 2026. Sudanese participants cannot agree on how to move forward with the talks, however. Having completed an initial tour of Sudan and the region, Haavisto can begin revising the UN’s diplomatic strategy. 72 “ Pekka Haavisto (Personal Envoy of the Secretary-General for Sudan) on the situation in the country – Press Conference ”, Office of the UN Spokesperson, 25 June 2026. He will need to reassure all parties that the UN will be an independent, impartial counterpart, even though the army-led government is the legally recognised one in New York. Haavisto needs to build rapport with others across Sudan’s fragmented political spectrum, including armed, political and civil players that are enlisted in the war, on one side or the other, or are non-aligned, as well as the various African, Arab and other countries directly involved in the conflict in one way or another. He will also need to reach out to the RSF, even if its deeds have earned it widespread and deserved condemnation. Lamamra struggled to maintain this balance, with critics seeing him as weighting his engagements too heavily toward the army-led authorities and its allies. 73 Crisis Group interviews, opposition political figures; RSF officials and allies, October-November 2025. Haavisto now has a chance for a reset. Haavisto should also strengthen the UN’s contributions within the Quintet. He could begin by stepping up outreach to various civilian groups between official Quintet meetings, with a view to mending fences between them. He could also help institute more consistent interactions between the Quintet and the army-led government, which has so far proven reluctant to get involved with a political process that is independent of its authority and takes place outside the country. 74 “ Quintet Statement Ahead of Visit to Khartoum, the Republic of Sudan, 8-10 September ”, Delegation of the European Union to the African Union, 8 September 2026. The army is instead pursuing its own “national dialogue” inside Sudan, which few of its political or armed opponents look likely to join. Behind the scenes, the UN should ... search for opportunities to bolster and connect the two diplomatic coalitions driving peace efforts [in Sudan]. Behind the scenes, the UN should also search for opportunities to bolster and connect the two diplomatic coalitions driving peace efforts, neither of which appears to have momentum at present. One way forward would be for Haavisto to work closely with counterparts to quietly float proposals for how Sudan could be governed whenever the main belligerents and their outside patrons summon the political will to seek an end to the war. Haavisto could help communicate these proposals to Quad and Quintet members, the two warring parties, and Sudan’s other main political movements and figures. Though it is hard to imagine a breakthrough any time soon given the entrenched positions on both sides, the UN should separately continue planning for a possible role in backing humanitarian access and ceasefire arrangements between the army and RSF should regional support for peace efforts eventually rise. 75 The UN is not formal member of the Quad, but it has worked informally with the U.S. to scope out technicalities of a monitoring mechanism for the prospective humanitarian truce that was outlined in the Quad’s September 2025 roadmap. Lastly, the UN can redouble its efforts to draw world attention to Sudan’s war and humanitarian disaster, if nothing else to caution states about possible spillover. The next Secretary-General should make this task a priority – including by paying a solidarity visit to refugee camps in countries neighbouring Sudan – and also warn of the mounting risks to states in the Horn and Red Sea regions should the conflict fester. 76 Alan Boswell, “ As the Horn of Africa Nears Boiling Point, Time for Urgent Diplomacy ”, Crisis Group Commentary, 17 July 2026. The UN’s new leader should ensure that Haavisto and other UN envoys covering the Horn, central Africa and the Middle East remain in close contact in the hope of identifying opportunities to break the diplomatic deadlock among states in these areas. 3. Encouraging a role for the General Assembly in Gaza’s ceasefire Having repeatedly called for a ceasefire to halt Israel’s campaign against Hamas in Gaza from 2023-2025, the General Assembly has devoted little energy to discussing whether the mechanisms created to uphold it are working. The Security Council’s November 2025 endorsement of the Trump administration’s ceasefire plan in Resolution 2803 – including its highly unusual authorisation of a Trump-chaired Board of Peace to serve as Gaza’s transitional administration – has erected a de-facto firewall between the UN and the diplomatic apparatus overseeing the Palestinian enclave’s future, at least until the Board’s UN mandate expires at the end of 2027. 77 “Resolution 2803”, op. cit. With Gaza’s reconstruction at a virtual standstill and Israel tightening its grip on the territory, UN member states risk sitting idle as the U.S.-dominated Board veers further off course. 78 Crisis Group Middle East Report N°257, Hollow Promises: Resetting Gaza’s Ceasefire , 24 August 2026. The Board’s backtracking on the terms of its own fifteen-point roadmap – which features a scheme for decommissioning Hamas’s weapons agreed to by Palestinian factions but opposed by Israel – is just one of many troubling developments. The Security Council is, unfortunately, unlikely to consider corrective action until the Board mandate’s 2027 sunset. In the interim, member states should at a minimum use the General Assembly to assess the Board’s performance and to catalyse diplomatic pressure for putting Gaza on track toward recovery and Palestinian statehood. The General Assembly was the hub of UN diplomatic activity on Gaza throughout the war, as both President Joe Biden and President Trump blocked the Security Council from taking meaningful action. UN members convened the Assembly’s Emergency Special Session on the Occupied Palestinian Territories (its dedicated format for discussing the broader conflict) on eight separate occasions, and they debated five failed Security Council resolutions. 79 The General Assembly debated the nine vetoed resolutions under a Liechtenstein-led veto initiative, established by the General Assembly in April 2022. For full list of General Assembly meetings convened under the veto initiative, see “ Living with the Veto ”, Security Council Report, 23 March 2026, p. 8. Member states adopted five major General Assembly decisions on various aspects of the conflict, including the New York Declaration of September 2025, which bolstered recognition of Palestinian statehood. 80 “ Admission of new Members to the United Nations ”, UNGA A/RES/ES-10/23, 10 May 2024; Advisory Opinion of the International Court of Justice ”, UNGA A/RES/ES-10/24, 19 September 2024; “ Support for the mandate of the UN Relief and Works Agency for Palestine Refugees in the Near East ”, UNGA A/RES/ES-10/25, 16 December 2024; “ Protection of civilians and upholding legal and humanitarian obligations ”, UNGA A/RES/ES-10/27, 13 June 2025; “ Endorsement of the New York Declaration on the Peaceful Settlement of the Question of Palestine and the Implementation of the Two-State Solution ”, UNGA A/80/L.1/Rev.1, 10 September 2025. Though these measures had limited impact on the ground, they signalled growing international opposition to the war’s trajectory. The Security Council’s endorsement of Trump’s ceasefire plan upended these dynamics. By agreeing to the U.S.-drafted resolution (unenthusiastically supported by regional mediators and the State of Palestine), they in effect outsourced all responsibility for Gaza’s recovery and governance to the Board of Peace. 81 In Resolution 2803, the Security Council authorises the Board of Peace to set up a transitional administration (supervising a Palestinian technocratic committee, as well as matters including reconstruction of Gaza, public services, humanitarian assistance, movement of persons in and out of the strip and the envisioned International Stabilisation Force. “Resolution 2803”, op. cit.; Forti, Gowan and Rodenbeck, “What to Look for as the Gaza Peace Plan Comes to the UN Security Council”, op. cit. Since then, the UN has been further isolated from diplomacy on Gaza. It neither participates in any of the Board’s structures nor has it been asked to help stand up the International Stabilisation Force envisaged by the Council-approved Trump plan. 82 Sigrid Kaag, who was the former UN Gaza Humanitarian Coordinator and the former UN Special Coordinator for the Middle East Peace Process, is a member of the Board of Peace’s Gaza Executive Board. The Board’s High Representative Nickolay Mladenov (a former UN Special Coordinator for the Middle East Peace Process) has briefed the Council and submitted a report (as required by Resolution 2803), but the General Assembly has discussed the situation only once – indirectly – since November 2025. No member state has asked to reconvene the Emergency Special Session despite worsening conditions under the tenuous truce. 83 General Assembly Annual Event of the Committee on the Exercise of the Inalienable Rights of the Palestinian People Commemorating the Nakba, 15 May 2026. The inattention seems particularly negligent given that Gaza’s circumstances are diverging from not only Resolution 2803, but also the array of General Assembly resolutions and international legal orders about Palestine. 84 Crisis Group Report, Hollow Promises: Resetting Gaza’s Ceasefire , op. cit. The lack of tangible progress in nearly a year after reaching a purported ceasefire makes international actors complicit in a brutal status quo: Gaza’s people are in effect hostage to diplomatic forces outside their control. Unless something changes, they will remain under siege, subject to bombardment and denied a future until the Board of Peace decides that Hamas has met Israel’s demands. Washington would likely veto any Security Council action perceived to criticise Israel – which receives unconditional backing from the U.S. at the UN – or to cast doubt on the legitimacy and efficacy of Trump’s peace efforts. But that ought not to be a justification for inaction in the General Assembly or elsewhere. UN members should use the General Assembly to challenge the Board of Peace’s unhelpful domination of the diplomatic space. UN members should use the General Assembly to challenge the Board of Peace’s unhelpful domination of the diplomatic space. The next meeting of the Global Alliance for the Two-State Solution, scheduled for September, could kickstart that endeavour. Member states should also consider reconvening the General Assembly’s Tenth Emergency Special Session to continue these efforts beyond High-Level Week. In addition, members should use these forums to offer political backing to the Palestinian technocratic committee as a means of asserting Palestinian ownership of reconstruction. These platforms provide an opportunity to reaffirm the necessity of the UN-led aid distribution network in Gaza, which remains the most capable one in the strip. Members might also signal the costs they would impose on Israel (bilaterally or in regional blocs) if it continues to obstruct provisions of the ceasefire and prevent the Palestinian technocratic committee from working in Gaza. 85 For example, on 8 September the British foreign secretary announced a raft of measures against Israel responding to its construction of illegal settlements in the West Bank and obstruction of the Trump ceasefire plan for Gaza. See Ed Miliband, “ Foreign Secretary Oral Statement on Israel-Palestine ”, speech to UK Parliament, 8 September 2026. For background, see Crisis Group Report, Hollow Promises: Resetting Gaza’s Ceasefire , op. cit. States should also consider tasking the Secretariat with preparing a report to evaluate follow-through on the New York Declaration, adopted a year ago, by the beginning of the 82nd General Assembly session in September 2027. The Declaration commits its signatories to a range of measures to end the war in Gaza, to facilitate a credible pathway toward Palestinian self-determination and to support a sovereign Palestinian state living peacefully alongside Israel. 86 “ Endorsement of the New York Declaration on the Peaceful Settlement of the Question of Palestine and the Implementation of the Two-State Solution ”, op. cit. Such a report could be useful as the Council considers whether to renew the Board of Peace’s mandate, which it must do by 31 December 2027. Member states could ask the Secretary-General to focus on whether the Board is advancing commitments to reduce civilian suffering, rehabilitate Gaza and preserve a viable political horizon – and whether it is acting consistent with Security Council, General Assembly and International Court of Justice interventions on these matters. While UN members cannot circumvent the deeply flawed ceasefire plan altogether, they can work through the world body to keep a global spotlight on Gaza. It is past time for the General Assembly to recover a sense of urgency for mobilising diplomatic pressure in support of the ceasefire and keeping space open for the Palestinians to pursue self-determination. 4. Reinforcing security and justice support to Haiti International efforts to help restore security in Haiti have reached a decisive phase. The Gang Suppression Force (GSF), a multilateral mission authorised by the Security Council in September 2025 and backed with UN logistical support, landed in Haiti in June. 87 “ Resolution 2793 ”, UNSC S/RES/2793, 30 September 2025. Expected to be at full strength by the end of the year, the force faces the daunting task of confronting armed gangs that have held much of the country hostage for years. 88 Crisis Group Report, Undoing Haiti’s Deadly Gang Alliance , op. cit.; “ Situation of human rights in Haiti ”, UN Office of the High Commissioner for Human Rights A/HRC/61/74, 23 March 2026. International efforts to staff, fund and equip the GSF are essential to ending this painful chapter in Haiti’s history. But even if this force puts gangs on the back foot, it will only be the start of a far longer campaign to bring peace to the country. Haiti’s government and international partners should work closely with the UN to build exit ramps for individuals willing to abandon the gangs and reinforce new judicial bodies to investigate and prosecute gang crimes. The GSF’s close working relationship with the UN could help it avoid the problems that plagued its predecessor, the Kenyan-led Multinational Security Support mission. A new UN support office services the force’s logistics needs (ranging from supplying rations and fuel to covering its medical services and constructing bases) and channels monetary contributions its way. 89 “ Budgets for the periods from 1 October 2025 to 30 June 2026 and from 1 July 2026 to 30 June 2027 for the United Nations Support Office in Haiti ”, UNGA A/80/630, 10 February 2026. Reasonably predictable funding from the UN’s assessed budget has enabled eight countries to pledge enough troops to surpass the initial target of 5,500 personnel, though as of publication only around 1,200 troops are on the ground. 90 As of publication, the GSF included personnel sent from Chad, El Salvador, Guatemala, Jamaica, Mongolia and Sri Lanka. A separate UN trust fund has nearly $226 million in voluntary donations, which have been promised to cover the wages of deployed personnel. 91 As of 30 June, the Trust Fund had $233 million in total pledges, with $184 million in cash receipts. The UN had spent approximately $67 million of the cash receipts leaving $117 million in hand. “ Contributions to the Trust Fund for the Multinational Security Support (MSS) mission for Haiti authorised under SCR 2699 (2023) and Gang Suppression Force (GSF) authorised under SCR 2793 ”, UN, 13 July 2026; “ United Nations Integrated Office in Haiti: Report of the Secretary-General ”, UNSC S/2026/574, 14 July 2026, p. 10. Informal ties also reinforce the force’s partnership with the UN. The Standing Group of Partners, the ad hoc political body with the job of overseeing the mission, appointed UN peacekeeping veterans to the force’s highest ranking civilian and uniformed positions. 92 The Standing Group of Partners includes the U.S., Canada, El Salvador, Guatemala, Jamaica, Kenya, and the Bahamas. “ Special representative named for U.S. backed-Gang Suppression Force in Haiti ”, Miami Herald , 2 December 2025; “ UN-appointed anti-gang force commander arrives in Haiti to lead expanded mission ”, Haitian Times , 15 May 2026. These officials are coordinating with senior staff in BINUH, the UN political office in Haiti tasked with engaging Haitian counterparts on governance and human rights, and in the force’s logistics support office. The UN headquarters gave wide-ranging assistance to the force as it went about its technical preparations, including by helping prepare its concept of operations and carry out pre-deployment training. 93 Crisis Group interviews, diplomats and UN officials, New York and Port-au-Prince, February, April and June 2026. Difficulties will inevitably arise once the GSF begins going after the gangs in earnest. Civilians are at risk of becoming collateral damage once the mission launches offensives. 94 The Multinational Security Support mission, by contrast, never mustered more than 1,000 police personnel, struggled to secure funding and battled the gangs only alongside the national police. Troop-contributing countries that have taken part in previous UN peacekeeping operations will need to ensure that the soldiers they send to Haiti are prepared for a hostile environment. The Standing Group of Partners and the Security Council should be vigilant in monitoring how the force polices its members’ conduct and metes out any necessary discipline, especially given the history of international personnel committing sexual abuses while serving in Haiti. 95 “ Citing unpunished sex abuse, rights groups urge halt to Sri Lankan troops Haiti deployment ”, The Miami Herald , 28 June 2026. Any gains will be short-lived if Haiti and its partners do not take steps to dismantle the criminal groups for good. Once the force reaches full capacity, member states hope that it can quickly impose a modicum of security. 96 Crisis Group Report, Undoing Haiti’s Deadly Gang Alliance , op. cit. But any gains will be short-lived if Haiti and its partners do not take steps to dismantle the criminal groups for good. Offering individuals the opportunity to leave the gangs safely, with support for new livelihoods through a program of disarmament, dismantlement and reintegration, will be critical for winding down these groups. 97 The Haitian government and the UN do not use the more common term “demobilisation”, which refers to dissolving non-state armed groups as defined under international humanitarian law. Instead, they refer to “dismantlement”, which envisages individual rather than collective action. “ Letter dated 29 May 2026 from the Secretary-General addressed to the President of the Security Council ”, UNSC S/2026/449, 29 May 2026, p. 3. Important steps have already been taken to this effect. First, in early 2026 Haitian authorities reactivated the National Commission for Disarmament, Dismantlement and Reintegration, which the UN has offered to support in a range of ways. 98 “ Letter dated 29 May 2026 from the Secretary-General addressed to the President of the Security Council ”, UNSC S/2026/449, 29 May 2026. Secondly, the Security Council revised BINUH’s mandate in January to include assisting the state in designing and running a program to find exit ramps for gang members. 99 “ Resolution 2814 ”, UNSC S/RES/2814, 29 January 2026. The UN is also providing technical support to newly established special judicial units, mandated to address complex corruption cases and serious human rights violations, which will also be indispensable to any long-term campaign to weaken the gangs. The hope is that these courts will be able to address the links between powerful actors and criminal activity that have long gone unpunished. The government is working toward providing stronger security protection for the judges taking on these cases, as in the past many have recused themselves after being threatened. 100 In May, the Haitian government launched two specialised judicial units to investigate and prosecute mass crimes, sexual violence and financial crimes, with technical support from the Office of the High Commissioner of Human Rights and the UN Office on Drugs and Crime. These units, which are expected to start work soon, could help bring to justice the main perpetrators of crimes committed by gangs, as well as their main supporters. “ United Nations Integrated Office in Haiti: Report of the Secretary-General ”, op. cit., p. 5; Crisis Group telephone interviews, Haitian government and UN officials, July 2025. The focus of the Haitian authorities and their foreign counterparts, understandably, is on combating the gangs by force. But they should simultaneously lay the groundwork for dismantlement that is robust enough to ensure former members are not drawn back into the gangs’ orbit, whether by poverty or the weakness of local security forces. The UN should make sure these long-term objectives do not get lost in the push for tactical victories, particularly because they will require considerably more funding than is now available. 101 Estimates of the needs range from $13.5 million for minimal assistance to over $150 million for a comprehensive suite of DDR and judicial sector programs. “ Letter dated 29 May 2026 from the Secretary-General addressed to the President of the Security Council ”, op. cit. For that reason, donor countries should not just fund the multinational force but also include both dismantlement projects and justice reform in their support to the country. 102 Canadian-French support for establishing two specialised justice units is a model worth replicating. “ Specialised Judicial Units in Haiti ”, UN Office of the High Commissioner for Human Rights, June 2026. In May, the Secretary-General presented to the Security Council several options for backing disarmament, dismantlement and reintegration initiatives and strengthening Haiti’s judicial system. UN member states have yet to weigh in on which of these options they would be willing to help fund. “ Letter dated 29 May 2026 from the Secretary-General addressed to the President of the Security Council ”, op. cit. 5. Preserving UN operations in the Central African Republic UN peacekeepers have been at the forefront of international efforts to protect civilians and back peace initiatives in the Central African Republic (CAR) since first being dispatched to the country in 2014. The U.S. and China, two of the Council’s permanent members, have suggested that the mission, known as MINUSCA, should now begin preparing to exit, citing the progress the country has made toward stability. (Their own interest is to lower the cost of UN peacekeeping.) Elections held in late December 2025 without a major disruption may bolster their case. 103 Charles Bouëssel, “ Central African Republic: Consolidating Security Gains after the Elections ”, Crisis Group Commentary, 27 January 2026. But when renewing MINUSCA’s mandate in November, diplomats should ensure that the mission retains sufficient capacity to protect civilians and deter armed groups in the country’s troubled east, since it is the only entity that can provide a buffer against worsening instability in that region. MINUSCA continues to fill gaps that the Central African authorities cannot plug. A guarantor of the 2019 peace agreement, the UN mission oversees local peace dialogues and disarmament programs across the country. 104 The Union for Peace in the Central African Republic, Return, Reclamation and Rehabilitation and the Patriotic Movement for the Central African Republic are the most prominent armed groups participating in these disarmament programs. See: “ The Situation in the Central African Republic ”, UNSC S/2026/494, 15 June 2026, paras 8-10. Though CAR’s allies – Rwanda and Russian paramilitaries from the Wagner Group – helped Bangui regain control of towns across the country after a 2021 rebel offensive, MINUSCA is the only external partner tasked with protecting civilians from violence. In many areas outside the capital Bangui, local institutions depend on the mission to build and repair government offices, supply logistical assistance and offer physical protection. The threat of insurgency in CAR is much lower than it was a few years ago, but pockets of insecurity persist along the country’s eastern borders. 105 Bouëssel, “ Central African Republic: Consolidating Security Gains after the Elections ”, op. cit. Fighters from the ex-Séléka rebel coalition, which seized power in 2013 and plunged the country into civil war, as well as allied militias are active in the north east, most recently attacking CAR state forces and UN peacekeepers on 30 June in Am-Dafock, on the Sudan border. 106 “ Central African Republic Situation Report No. 74 as of 30 June, 2026 ”, UN OCHA, 2 July 2026; “ MINUSCA strongly condemns the attack against Am Dafock and the firing targeting the Mission’s base ”, press release, UN OCHA, 30 June 2026. Separately, the Zandé self-defence militia based in Haut-Mbomou prefecture, in the south east, continue to assail civilians and state forces. 107 Crisis Group Africa Report N°319, Central African Republic: Reining in the Zandé Militia , 20 November 2025. UN peacekeepers are often the only force capable of deterring or responding to urgent threats [in the Central African Republic]. Intercommunal violence, opportunistic crime and conflicts between nomadic herders and sedentary farmers remain prevalent nationwide. 108 Crisis Group Africa Report N°317, Violence and Herding in the Central African Republic: Time to Act , 28 May 2025. Women and girls are vulnerable to rape in many places as a result. Spillover from Sudan’s civil war exacerbates these risks: Central African rebels have become war entrepreneurs, providing fighters for both the RSF and the Sudanese army in exchange for money, while over 40,000 Sudanese refugees have fled into north-eastern CAR. UN peacekeepers are often the only force capable of deterring or responding to urgent threats. These developments should give Council members pause when they are considering a drawdown for MINUSCA. In November 2025, the U.S. pushed the Council to task the mission with charting an exit strategy ahead of the mandate renewal, owing in part to their assessment of CAR’s improved conditions and their scepticism about renewing UN operations indefinitely. 109 A draft is expected to be circulated by 15 September. “ Resolution 2800 ”, UNSC S/RES/2800, para 48; “ Central African Republic: Vote on MINUSCA’s Mandate Renewal ”, Security Council Report, 12 November 2025. U.S. and Chinese diplomats have found common cause in lobbying for reductions to the mission’s budget. 110 Crisis Group interviews, UN diplomats, New York, November 2025. See also UN Security Council, “ Provisional Verbatim of the 10,041st Meeting of the United Nations Security Council ”, UNSC S/PV.10041, 13 November 2025; “ Provisional Verbatim of the 10,111st Meeting of the United Nations Security Council ”, UNSC S/PV.10041, 25 February 2026; and UN Security Council, “ Provisional Verbatim of the 10,181st Meeting of the United Nations Security Council ”, UNSC S/PV.10181, 23 June 2026. Separately, the UN’s liquidity crisis has already forced the mission to repatriate nearly 4,000 troops (more than one quarter of the total) and close 21 operating bases that allowed MINUSCA to intervene in a range of conflict-affected areas outside Bangui. 111 UN leaders used the financial constraints as motivation to reposition MINUSCA personnel in a more mobile posture to get the most out of the smaller footprint. Crisis Group interviews, UN officials, July 2026. Some of the temporary bases had been set up to support the UN’s election assistance to CAR. “ Report of the Secretary-General on the Central African Republic ”, UNSC S/2026/494, 15 June 2026. Though the UN’s financial crisis will make it hard to restore MINUSCA to its mandated strength, Council members should make sure that debates about the mission’s long-term future do not undermine its ability to consolidate the country’s security gains in the short term. In line with the November 2025 resolution, the Central African government and MINUSCA have begun work on a transition plan. A confidential report envisages MINUSCA shifting to a role of strategic support, with some state authority tasks transferable in the short and medium term, while others (notably protection of civilians) remain non-transferable. It also highlights major budgetary challenges Bangui faces in meeting these responsibilities. Diplomats should use the mandate renewal to draw an explicit link between rising insecurity on CAR’s eastern borders, making sure that the mission retains sufficient capacity to conduct operations in that part of the country. They should also encourage MINUSCA to make non-military efforts to prevent further escalation through local political dialogues followed by various forms of disarmament. Council members should ensure that MINUSCA’s leadership is working closely with UN envoys in the Horn of Africa to better anticipate and react to any spillover from Sudan’s war. All Security Council members acknowledge MINUSCA’s importance in helping CAR achieve a degree of stability through protecting civilians, restoring public services and supporting political dialogue, even if they continue to debate when and how those parts of its work should be whittled down. For the moment, the Council should help CAR consolidate gains rather than push for a hasty downsizing that would generate risks in a country where the UN has already invested heavily for the past decade. 6. Rallying around the International Criminal Court The Trump administration’s “sweeping campaign” to dismantle the International Criminal Court (ICC), announced in July, is the latest salvo in its assault upon the international order. 112 The campaign reportedly includes highlighting the court’s harms through high-level diplomatic outreach, threats to revisit U.S. assistance if states do not reject the Court’s ability to prosecute U.S. officials, visa revocations, travel bans and additional sanctions on ICC personnel. “ State Department Launches Campaign to Dismantle International Criminal Court’s Threat to American Sovereignty ”, U.S. Department of State, 13 July 2026; Victor Jack, “ US pressures NATO allies to destroy International Criminal Court ”, Politico , 9 September 2026. It is not the first time that the U.S. has openly clashed with the ICC or sanctioned its personnel. 113 As of publication, “nine of the eighteen Judges, both of the two Deputy-Prosecutors, the former Prosecutor and one staff member have been sanctioned by the United States”. See “ The ICC strongly rejects new US sanctions designations ”, press release, International Criminal Court, 19 August 2026. But its latest move to obstruct the Court’s work by sanctioning its president and threatening its member state backers is a regrettable escalation that risks setting a precedent for U.S. efforts to bend other parts of the multilateral system to its will. A number of the UN’s most powerful member states (including the U.S., Russia and China) never joined the Court and generally resist its efforts in situations where they have deemed interests, member states that do back the court can chart their own course. Those that have not already done so should make clear their continued support for a strong, independent ICC, noting its role as the only permanent tribunal mandated to pursue individual accountability for international crimes, including those linked to conflict. The current schism between the U.S. and the ICC is the latest episode in what has been a rollercoaster relationship. 114 Stephen Pomper, “ The International Criminal Court’s Case against the United States in Afghanistan ”, Just Security , 13 November 2017. The U.S. never ratified the Rome Statute – the treaty establishing the ICC – even though it played a central role in negotiating the text and signed the document. Washington has long worried that the Court would prosecute U.S. servicemembers for their conduct abroad. In the early years of the Court, the George W. Bush administration purported to “un-sign” the treaty and pressured ICC member states to pledge they would not hand over U.S. personnel to the Court. Though the U.S. later cooperated closely with the ICC in some matters, the prosecutor’s decision in 2017 to investigate the conduct of international forces deployed to Afghanistan prompted the first Trump White House to place certain Court officers under sanctions. 115 For example, the Bush and Barack Obama administrations supported cases involving situations in the DRC and Sudan, and the Biden administration provided evidence to the Court regarding alleged Russian war crimes in Ukraine. Stephen Pomper, “ The US and ICC May Still Steer Past Each Other – Why and How ”, Just Security , 5 April 2018. The Biden administration lifted those, several months before the ICC prosecutor announced that he would “deprioritise” work in Afghanistan that was unrelated to the Taliban. 116 Nahal Toosi, “ Biden lifts sanctions on International Criminal Court officials ”, Politico , 2 April 2021; “ Statement of the Prosecutor of the International Criminal Court, Karim A. A. Khan QC, following the application for an expedited order under article 18(2) seeking authorisation to resume investigations in the Situation in Afghanistan ”, press release, International Criminal Court, 27 September 2021. For a brief moment, even some of the ICC’s staunchest critics in the U.S. Congress lined up behind its work on Russia’s war in Ukraine, applauding its indictment of Russian President Vladimir Putin, among others. 117 Bipartisan letter from U.S. senators to U.S. President Joseph Biden , 24 March 2023; “ House Resolution Supports ICC Arrest Warrant for Putin & Lvova-Belova ”, press release, Office of Congressman Mike Quigley, 18 April 2023; Bipartisan letter from U.S. congressional representatives to U.S. President Joseph Biden , 6 June 2023. But relations soured again when the ICC issued arrest warrants for Israeli leaders Benjamin Netanyahu and Yoav Gallant in late 2024 and have only gotten worse since the second Trump administration came into office. 118 Brian Finucane, Stephen Pomper, and Mairav Zonszein, “ All Eyes on The Hague: The ICC Prosecutor’s Move against Hamas and Israeli Leader s”, Crisis Group Commentary, 24 May 2024. The latter imposed a fresh wave of sanctions on several Court officials in February 2025. 119 “ Imposing Sanctions on the International Criminal Court ”, White House, 6 February 2025. Trump has allowed that this new campaign is in part an effort to defend his political allies in Israel. 120 “ TRANSCRIPT: President Trump Holds a Cabinet Meeting at Camp David, 7.31.26 ”, Senate Democrats, 31 July 2026. Concerns about the Court’s future come during a period when respect for legal restraints on the use of force is wilting. 121 Stewart Patrick, “ What’s Driving the Trump Administration’s Push to Dismantle the ICC? ”, Carnegie Endowment for International Peace, 15 July 2026. Many states are demonstrating brazen disregard for international humanitarian law. 122 Mirjana Spoljaric, “ Speech given by the International Committee of the Red Cross at the UN Security Council Open Debate on the Protection of Civilians in Armed Conflict ”, New York, 20 May 2026. The Court has struggled to counter this trend. Even with 125 member states, its leverage is limited, particularly when big non-member state powers are implicated in alleged crimes that fall under its jurisdiction. The Security Council, which has the authority to refer cases to the ICC, has done so only twice – in Darfur (2005) and Libya (2o11) – a reflection of its divided geopolitical backing. Some Court watchers point to its institutional failings, including lengthy procedures and a number of prominent failed prosecutions. Sexual abuse allegations against former prosecutor Karim Khan (which he has denied) led to his dismissal from office at the end of July and dented the Court’s legitimacy. 123 “ Independent Expert Review of the International Criminal Court and the Rome Statute System – Final Report ”, 30 September 2020; John B Bellinger III, “ The ICC Has Real Flaws. Dismantling It Without an Alternative Is Not the Answer ”, Council on Foreign Relations, 16 July 2026. But there are limits to what the ICC can achieve without strong political backing, as it depends on member states and the Security Council to enforce its judgments. 124 For example, South Africa (a state party of the Rome Statute) failed to enforce the ICC arrest warrant for former Sudanese President Omar al-Bashir when he visited South Africa in June 2015, while Mongolia hosted Russian President Putin for a state visit in 2024. “ Al-Bashir case: ICC Pre-Trial Chamber II decides not to refer South Africa’s non-cooperation to the ASP or the UNSC ”, press release, International Criminal Court, 6 July 2017; Stephen Pomper, “ Assessing the ICC’s Impact in Ukraine ”, Just Security , 6 February 2026. Unfortunately, Washington’s campaign has resonated with other states who are now looking to abandon their commitments under the Rome Statute. At the end of June, Burkina Faso, Mali and Niger formally initiated their withdrawal from the ICC, calling it an “instrument of neocolonial oppression in the hands of imperialism”. 125 “ JOINT COMMUNIQUE OF THE STATES OF THE AES CONFEDERATION RELATING TO THE WITHDRAWAL FROM THE ROME STATUTE OF THE INTERNATIONAL CRIMINAL COURT ”, The African Centre for Democracy and Human Rights Studies, September 2025. Whatever the ideological justification, leaving the Court also has the practical benefit of shielding these regimes and their Russian partners from international accountability for acts committed once withdrawal becomes effective (which takes place after a year’s delay). Even though the three states were motivated primarily by parochial interests, the Trump campaign can only have made it politically easier for them to make this move. 126 Tweet by U.S. State Department Bureau of African Affairs, @AsstSecStateAf, Bureau of African Affairs, 2:21 pm, 17 July 2026. Other states have been more clearly motivated by desire to improve relations with Washington. Though the ICC has been investigating the situation in Venezuela since 2018, Caracas only submitted its withdrawal papers to the UN in July, after the U.S. announced its campaign. The same month, Chad also announced its withdrawal from the ICC, citing bias against Africa and the Court’s limited effectiveness. With little risk of domestic backlash, President Mahamat Déby may be seeking to bolster U.S. support for joint counter-terrorism operations in the Lake Chad basin and for Chadian troops deployed to the GSF in Haiti. 127 Crisis Group, “On Our Radar – Chad”, 7 August 2026. Colombia’s new president looks to be mulling withdrawal from the Court as part of an effort to move closer to the U.S. and discredit his country’s own ICC-backed transitional justice court, which was created by a 2016 peace agreement with former rebel fighters. 128 Lucía Martínez, “ Colombia ICC withdrawal: Reports say Bogotá may quit the war crimes court ”, Rio Times , 18 August 2026. While the Court’s critics tend to disparage it as feckless, it serves an important function in reinforcing and applying international legal rules relating to mass violence. While the Court’s critics tend to disparage it as feckless, it serves an important function in reinforcing and applying international legal rules relating to mass violence. It keeps the prospect of accountability on the table even in situations where the ability to enforce its decisions is limited. 129 Crisis Group Briefing, Causes of Peace in an Era of Hard Security , op. cit. Its diminution is likely to erode the force of international humanitarian law yet further. The Court’s member states should work together to limit the damage. While they may not be the world’s most powerful, there is strength in their numbers. They should encourage states that are vulnerable to U.S. pressure to stay the course and do what they can to buttress the Court’s resiliency. At a practical level, countries could offer basic banking services to ICC officials who have been targeted by U.S. sanctions. Member states should also use their negotiations of the annual General Assembly resolution on the ICC, scheduled to take place between October and November, to drum up public support for its work and galvanise pushback against the U.S. attack on this pillar of the international justice architecture. 7. Recalibrating UN operations in Myanmar Myanmar’s installation of a nominally civilian administration in April, following elections stage-managed by the military four months earlier, has created a dilemma for the UN. The elections have not restored state authority or legitimacy, and Naypyitaw does not have a credible strategy for ending the country’s armed conflict, either through negotiation or military victory. 130 Crisis Group Asia Briefing N°188, Myanmar’s New Administration: Military Consolidation, Not Transition , 3 June 2026. Humanitarian conditions continue to deteriorate as fighting, economic decline and fear of conscription grip the country. 131 “ Myanmar Humanitarian Update no. 51 ”, UN OCHA, 9 March 2026. Even so, more of Myanmar’s regional neighbours are giving the new administration de facto recognition, with Min Aung Hlaing – the coup leader who is now president – recently visiting India, China, Laos, Thailand and Vietnam. Beijing maintains a firm position limiting discussion of Myanmar at the UN, while Secretary-General Guterres has shown little willingness to invest political capital in the issue. Absent new diplomatic momentum in the near term, UN officials will need to calibrate engagement carefully to reduce harm, sustain livelihoods and support development without conferring legitimacy on abusive forms of rule. Much of this work will fall to the new UN leadership in Yangon. In October 2025, Guterres appointed veteran official Gwyn Lewis as resident and humanitarian coordinator ad interim, ending the ineffective practice of rotating the position among agency heads. 132 Lewis has the ad interim designation because the Secretary-General does not want to acknowledge the authorities politically by writing to seek their agreement to the appointment. See Crisis Group Special Briefing N°12, Ten Challenges for the UN in 2024-2025 , 10 September 2024. The resident coordinator will need to shape the UN’s engagement with the new administration while ensuring the organisation can continue delivering essential humanitarian and development assistance. Just as importantly, the office should provide clear strategic direction to the whole UN country team so that agencies operate according to a consistent approach within current political constraints. UN officials will also need to manage relations with Myanmar’s ethnic armed groups. Aid agencies already deliver assistance in parts of the country outside state control, working through local partners despite the absence of formal agreements with Naypyitaw. As the devastating March 2025 earthquake showed, the UN remains one of the few organisations capable of delivering international aid at scale to civilians in much of the country, including areas outside government control. 133 Richard Horsey, “ Support Vital for Myanmar’s Quake Victims, Despite Military Obstacles ”, Crisis Group Commentary, 1 April 2025; “ End of Mission Report United Nations Disaster Assessment & Coordination – Earthquake 7.7M Response – Myanmar (29Mar-16Apr 2025) ”, UN OCHA, 23 February 2026; “ First person: Myanmar aid workers brave conflict and harsh conditions to bring aid to earthquake victims ”, UN, 30 April 2025. The World Bank and the Asian Development Bank have become the largest and most consistent providers of assistance to Myanmar’s people, but they rightly cannot channel funds through a government they do not recognise. Their support is therefore delivered off-budget – outside state systems – and depends on UN agencies for fiduciary oversight and distribution. The resident coordinator will need to mind the political sensitivities of the UN role in providing this support, as well as the differing approaches of neighbouring states – including Bangladesh, China, India and Thailand – toward informal cross-border assistance. 134 Thomas Kean, “ Time to Reset Bangladesh’s Approach to the Rohingya ”, Crisis Group Commentary, 8 July 2026; Crisis Group Asia Briefing N°186, Fractured Heartland: Shan Politics and Conflict in Post-coup Myanmar , 27 November 2025. The next Secretary-General will have an opportunity to reset the UN’s overall strategy [in Myanmar] and provide stronger political backing for the envoy. The same balancing act applies to the UN’s diplomatic track. Special Envoy Julie Bishop, who has struggled to translate her high-level regional access into meaningful entry points for UN diplomacy, has burned most of her bridges with Myanmar’s leaders by taking an increasingly strident public line – for example, returning from Naypyitaw to tell UN member states in June that the election was designed to entrench military rule and that Min Aung Hlaing’s proposed 100-day peace plan inspires no confidence. 135 “Special Envoy on Myanmar’s remarks to the General Assembly”, UN Department of Political and Peacebuilding Affairs, 19 June 2026. The next Secretary-General will have an opportunity to reset the UN’s overall strategy and provide stronger political backing for the envoy. 136 The envoy role was mandated by the UN General Assembly in December 2017 to support UN engagement on a range of political priorities. “ Situation of human rights in Myanmar ”, UN General Assembly, UN Doc. A/RES/72/248, 23 January 2018. An important test will come at the UN General Assembly. Since the 2021 coup, China and the U.S. have informally maintained the status quo by leaving in place the incumbent ambassador, Kyaw Moe Tun, who was appointed by the elected government and later aligned himself with the parallel National Unity Government. Naypyitaw is expected to press its case to have its nominee recognised as Myanmar’s permanent representative when the Credentials Committee meets in November. China committed in a 17 June statement with Min Aung Hlaing in Beijing to support Myanmar’s “full, equal and constructive participation” at the UN, repeating this formula in the General Assembly two days later. 137 “ Joint Statement of the Republic of the Union of Myanmar and the People’s Republic of China on Accelerating the Building of a China – Myanmar Community with a Shared Future (17 June 2026) ”, Republic of the Union of Myanmar, 18 June 2026; and informal meeting of the General Assembly plenary convened to hear the Special Envoy’s briefing on Myanmar, 19 June 2026. It is unclear what diplomatic capital Beijing may expend to this end. A decision has been put off each year because the permanent members who sit on the Credentials Committee – China, the U.S. and Russia – have preferred the status quo to a divisive vote, and because any consideration of the competing credentials for Myanmar could prompt a similar debate about the Taliban authorities in Afghanistan. 138 The Committee, appointed at the General Assembly’s first plenary meeting under rule 28, met once in the 80th session, on 25 November 2025. Its report proposed a single postponement of the competing credentials for both Myanmar and Afghanistan, adopted without a vote. See “Report of the Credentials Committee”, A/80/547, 25 November 2025, paras 8 to 10, approved by the General Assembly on 12 December 2025 (Resolution 80/114). The credentials debate could coincide with the International Court of Justice’s expected ruling in the genocide case against Myanmar that was filed by The Gambia. 139 Public hearings in The Gambia v. Myanmar case closed at the International Court of Justice on 29 January 2026, and judgment is pending. The Court will rule both on whether Myanmar committed genocide and on whether it failed to prevent and punish genocidal acts. A finding that Myanmar committed genocide would be the first time the Court has held a state responsible for such a crime. In the two previous genocide judgments, Bosnia and Herzegovina v. Serbia and Montenegro and Croatia v. Serbia , the Court found a failure to prevent and punish in the first and no proven specific intent in the second. See “The concluding stage of The Gambia v. Myanmar genocide case before the International Court of Justice”, Global Centre for the Responsibility to Protect, 10 February 2026. Although the case’s outcome remains uncertain, a finding of state responsibility arriving at the same time as a credentials dispute would intensify international divisions over the issue of the Myanmar administration’s legitimacy. It would also narrow even further the UN’s room for manoeuvre in Myanmar, since Naypyitaw would view it with even more antagonism. The cost for regional leaders of associating with Min Aung Hlaing might rise as well, complicating high-level visits to the country though probably not turning the tide on diplomatic normalisation. The UN does not have the leverage to achieve major change in Myanmar. But the organisation is crucial for delivering humanitarian and other support to vulnerable civilians. A credible operational strategy, backed by sustained political support from headquarters, will therefore remain essential to efforts to alleviate public hardship and the effects of armed conflict. 8. Protecting the UN’s gender work in conflict settings The UN’s reform agenda has raised thorny issues about how the institution should organise its work to support women and girls. In late 2025, Secretary-General Guterres proposed merging the UN Population Fund (UNFPA) with UN Women as part of the UN80 initiative. 140 Other proposed mergers under UN80 include combining the UN Development Programme and the UN Office for Project Services; the UN Institute for Training and Research and the UN System Staff College; and the World Health Organisation and the Joint United Nations Programme on HIV/AIDS. UNFPA leads the UN’s work on sexual and reproductive health, while UN Women (approximately one third the size of UNFPA) advocates for normative shifts on gender issues, including the Women, Peace and Security (WPS) agenda, and distributes funding to NGOs for related programming. 141 With an annual budget of $1.53 billion, UNFPA’s model focuses on service delivery through 3,569 staff in 150 countries. “ As-Is Analysis: A Baseline for the UNFPA - UN Women Strategic Merger Assessment ”, UN80 Initiative, Work Package 4, Working Document, 6 March 2026. Whether the merger will come to pass is not clear. Amid aid cuts and pushback against gender equality worldwide, many member states and UN officials worry that combining these entities would hobble the UN’s work on gender, including efforts to support women and girls affected by conflict, for years to come. The Secretary-General’s proposal included a request for a UN-prepared report (published in March) that evaluated the risks and benefits of a merger – an idea that had been discussed and discarded in 2023. 142 Member states and UN officials report a sense that, whatever its findings, the study was meant to recommend a merger because the Secretary-General and Deputy Secretary-General wished to show that they were serious about making large-scale reforms to make the UN more efficient. For more, see “ Independent Review of the UN System’s Capacity to Deliver on Gender Equality ”, Dalberg, 11 February 2023. The merger it proposed would bring together UNFPA and UN Women in a new entity with a unified voice. It would also save the UN between $32 and $38 million per year, which the UN would urge member states to reinvest in the new entity’s work. 143 “ Preliminary Findings from the Strategic Merger Assessment of UNFPA and UN Women ”, UN80 Initiative, 30 March 2026. The assessment acknowledged, but did not suggest ways to mitigate, the risk that member states could eliminate important but contentious areas of work – including a number of sexual and reproductive health services and work on LGBTQI+ protections – during negotiations to create the new entity. 144 Given that the U.S. has been spearheading the pressure on the Secretary-General and his deputy to show their willingness to streamline the UN, combined with U.S. positions against the UN’s gender equality and WPS, many member states and UN officials point out that this merger proposal is like offering the U.S. a prime opportunity to weaken the UN’s gender work for years to come, by opening a negotiation on a new mandate where no negotiation or new mandate is necessary or desirable. [The] separate mandates [of UN Women and UNFPA] help the UN respond to distinct political, security and humanitarian issues. There are other risks, too. Though both agencies work on gender issues in conflict-affected countries, their separate mandates help the UN respond to distinct political, security and humanitarian issues. 145 In 2025, UNFPA was active in efforts to ameliorate 50 humanitarian crises, while in 2024 UN Women was working in 43. See “ 2026 Humanitarian Action Overview ”, UNFPA, April 2026; and “ Humanitarian Action Annual Report 2024”, UN Women, 2025. In Afghanistan, for example, UNFPA runs programs including menstrual health education and support for midwives, all in compliance with Taliban edicts. 146 “ Youth centre provides life-changing menstrual hygiene information and supplies to Afghan girls ”, UNFPA Afghanistan, 28 May 2026. Though interactions between the Taliban and UNFPA personnel are sometimes “tense”, the authorities recognise the need for the agency’s services. 147 Crisis Group interview, UN official, New York, July 2026. UN Women’s Afghanistan office is on shakier ground. The Taliban consider UN Women to be among their loudest critics and reject the agency’s frequent calls for repealing highly restrictive decrees as interference in Afghanistan’s internal affairs. 148 Mohammad Farshad Daryosh, “ Potzel criticizes bans on women, girls in Afghanistan ”, Tolo News, 8 March 2023; “ IEA-MOFA statement regarding SRSG briefing to UNSC ”, press release, 22 June 2023. While UN Women supports livelihood projects that the Taliban see as consistent with their goals of keeping the economy afloat and help the agency maintain an in-country presence, its normative positions are a persistent source of friction. Combining the two UN entities may have the effect of imputing these positions to UNFPA and create unnecessary risks for the latter. 149 “ Empowering Afghan Women and Energizing Economies ”, UN Women Afghanistan, 2025. UN efforts to support more than one million Rohingya refugees from Myanmar living in Cox’s Bazar, Bangladesh, also show why keeping UN Women and UNFPA separate is helpful in providing support for women and girls affected by conflict. 150 Kean, “ Time to Reset Bangladesh’s Approach to the Rohingya ”, op. cit. UNFPA offers health services in response to prevalent sexual violence and high pregnancy rates. It must be politically adroit in its engagement with Bangladeshi authorities, given local sensitivities around sexual and reproductive health. 151 Crisis Group telephone interview, humanitarian health practitioner, 25 June 2024. See also Cristal Downing, “ Amid Aid Cuts, a Renewed U.S. Policy Increases Health Risks for Women and Girls in Conflict Areas ”, Crisis Group Commentary, 3 March 2025. By contrast, UN Women supports women refugees (including through vocational training) and is involved in politically complex conversations with Dhaka about supporting eventual refugee return to Myanmar. 152 Kean, “ Time to Reset Bangladesh’s Approach to the Rohingya ”, op. cit. Currently, the conversations about health care and political matters are separate, so if the two need to raise their issues with authorities at similar times they can do so separately – even if in coordination – without having to choose one topic over the other. UN officials worry that the appointment of a single UN interlocutor to coordinate with the authorities on both immediate humanitarian priorities and longer-term political objectives could pit the new organisation’s teams against each other when deciding which issues should take higher priority in senior-level engagement. 153 The merger assessment considers this single interlocutor model to be a strength of the proposal, but UN officials consider it a weakness because of the potential trade-offs that would have to be made internally when deciding the priorities to be addressed in government engagement. Crisis Group interviews, UN officials, January-July 2026. Member states across the geographic and political spectrum have expressed concerns about the proposed merger. A coalition including Canada, Poland, South Korea and Sweden – which includes top contributors to both agencies – wrote to the Secretary-General saying they were “not in a position to support such a proposal” given the lack of clarity on how the two mandates could be safeguarded. 154 Canada letter to the UN Secretary-General , 15 May 2026. Separately, Russia and China also emphasised the need to protect the two mandates, albeit voicing different concerns. Russia pointed out that member states have no agreed-upon definition of “sexual rights”, saying it is therefore “inappropriate” for the proposed new entity to work in this domain. China, for its part, stressed that the process of merging two entities should be member state-led and transparent, suggesting that it objected to how the recommendation came about. 155 For more, see Letter from Russia to the UN Secretary-General , UNGA A/80/710, 20 April 2026; Remarks by China on the UN80 initiative , 8 June 2026. In response to requests from member state governing boards for alternative proposals, UN Women and UNFPA distributed their own papers, first in June and then in August, suggesting ways to align some of their work without a merger, including through shared data analytics and joint projects on gender-based violence in some locations. 156 The second of these papers also went into further detail on the costs of a merger, including the initial four-year financial impact ranging from a $9.9 million loss to a $38.2 million gain, after which savings could reach $35.1 million, depending on transition costs and organisational design. According to the UN’s own assessment of the merger, savings would be reinvested in the new entity. “ Further evidence and analysis on both the merger scenario and on alternative options to enhance alignment, impact and efficiency”, UN Women/UNFPA, 7 August 2026. Member states and UN officials should consider whether these proposals would satisfy the desire to increase efficiency without risking the mandate dilution implied by a merger. In so doing, they should shy away from politically ill-timed proposals that would threaten hard-won gains and could weaken UN support for women and girls in conflict and other crises in the long term. 9. Recasting discussions of the future of UN peace operations Diplomats routinely cite peace operations as one of the UN’s flagship contributions to peace and security. But the Security Council has not authorised a large-scale blue helmet force for over a decade, and the number of troops and police personnel serving under the organisation’s banner has halved in the same period. There have also been few new UN Special Political Missions (SPMs), which are solely or largely civilian in nature. As noted in the introduction, the Trump administration has pushed for budget cuts to UN missions of all kinds, questioning their expense, efficiency and apparent lack of concrete goals. To guide discussions about how to revitalise this atrophying tool, the Secretary-General published a review of all forms of peace operations. 157 “ Review on the future of all forms of United Nations peace operations: report of the Secretary General ”, UN General Assembly A/80/798 – UN Security Council S/2026/600, 22 July 2026. The review came out in August, having originally been requested by member states in late 2024. Though this study covers political missions – and makes a strong pitch for the UN to reinvest in prevention and good offices, discussed in the next section – many of its more technical recommendations are specific to operations with military and police components. A number of UN members, including the U.S., have complained that it says nothing startlingly new. 158 See, for example, “ The future of United Nations peace operations: Implementation of the recommendations of the High-level Independent Panel on Peace Operations ”, UNGA A/70/357 – UNSC S/2015/682, 2 September 2015; “ Declaration of Shared Commitments on UN Peacekeeping Operations ”, UN Secretary-General, 16 August 2018; “ The Pact For The Future ”, UN General Assembly A/RES/79/1, 22 September 2024, paras 42(a)-42(g); “ Chair’s Summary – UN Peacekeeping Ministerial 2025 ”, 14 May 2025. But it is a solid overview of the challenges facing UN operations and a starting point for diplomatic discussions of solving them. UN missions face new challenges like disinformation campaigns and cyberattacks for which they are ill prepared. The report’s diagnosis of the problems facing peace operations is hard to dispute. As it notes, the UN is often tasked with propping up weak ceasefires and political processes amid endemic violence. UN missions face new challenges like disinformation campaigns and cyberattacks for which they are ill prepared. A divided and distracted Security Council provides limited political support for UN personnel on the ground and does not update their mandates in a timely fashion when they encounter changing threats (Council diplomats admit this judgment is fair). 159 “ Provisional Verbatim of the 10,137th Meeting of the UN Security Council ”, UNSC S/PV.10137, 15 April 2026. The Secretary-General stakes out a series of sensible, albeit technocratic, responses to these issues. He suggests that the Security Council should direct UN operations to find political approaches to ending and mitigating conflict; work out “compacts” with states defining shared commitments to making missions work; and take a flexible approach to reviewing and revising mandates. His paper calls for a further Secretariat report examining the capabilities UN missions need to become more agile, while hammering home the need for missions to become more cost-effective and accountable for their performance. UN staffers and diplomats will spend much of the year ahead following up on these proposals, but even if they can fix some of the process issues, broader political questions about the future of UN peace operations will remain. In today’s fraught geopolitical environment, the space for mediators – hailing from the UN or elsewhere – to craft sustainable peace processes will likely remain limited. 160 Crisis Group Briefing, Causes of Peace in an Era of Hard Security , op. cit. Embattled governments in regions such as the Sahel and countries like Haiti want international forces to neutralise their opponents rather than coax them to the negotiating table. Guterres and most UN officials agree that as a rule the UN should not become directly involved in peace enforcement, even if the Security Council backs ad hoc missions like the GSF in Haiti that the UN system can support logistically and administratively. The fundamental challenge facing the UN is to rebuild a case for conflict parties and other actors to invest in mediation processes and peacebuilding efforts that minimise violence, and that UN peace operations are qualified to offer these efforts support when useful. There may be an audience for this argument. As Crisis Group has noted, efforts to crush insurgencies through force alone in cases such as the Sahel have gone awry. 161 Crisis Group Africa Report N°314, Northern Mali: Returning to Dialogue , 20 February 2024; Crisis Group Africa Report N°321, Understanding JNIM’s Expansion Beyond the Sahel , 20 February 2026; Crisis Group Briefing, Causes of Peace in an Era of Hard Security , op. cit. While the UN still has a lot of work to do improving how peace operations work, Guterres leaves them with a helpful to-do list. The next Secretary-General’s overarching challenge will be restoring the organisation’s standing as an actor that can deploy peace operations to backstop other peace initiatives when they show promise. 10. Repositioning the Secretary-General’s approach to crisis management When the next Secretary-General takes office on 1 January 2027, she or he will have a brief window of opportunity to overhaul the UN Secretariat’s strategy-making and crisis response mechanisms. Incoming UN leaders typically shake up their executive offices in their first months and table broader proposals for reorganising the Secretariat for member states to consider. 162 Thomas Weiss and Tatiana Carayannis, “ Windows of Opportunity for UN Reform: Historical Insights for the Next Secretary-General ”, International Affairs , vol. 93, no. 2 (2017). In the course of selecting a new Secretary-General, member states have emphasised that the winner should concentrate on peace and security. Many candidates have promised to engage on crisis diplomacy personally, a point emphasised in Guterres’ review of all forms of peace operations. 163 “ Review on the future of all forms of United Nations peace operations: report of the Secretary General ”, op. cit., paras 24-29. But it is necessary to improve the institution’s systems for generating policy options for dealing with new and persistent conflicts, which have grown rusty in recent years. They will also have to prepare for the fall-out of global risks like the El Niño climate pattern on conflict affected states, which will test the diplomatic, humanitarian and development arms of the UN system. Though Secretary-General Guterres made streamlining the UN’s peace and security pillar an early priority, organisational glitches have proliferated on his watch. 164 For more, see proposed budget for 2018-2019 related to the peace and security reform , UNGA A/72/772, 1 March 2018. Guterres has kept a tight grip on decision-making. Officials dealing with peace operations and political affairs, whether in New York or around the world, often feel out of the loop. As crises have proliferated, senior decision-makers in the Secretariat have become debilitatingly cautious, and inter-departmental turf wars (a perennial feature of life at the UN) have festered. Security Council members complain that when they ask for options papers from the Secretary-General – as they have done in cases including Gaza, Sudan, Haiti and Lebanon – the results come slowly and are generally mediocre at best. 165 Forti, “ Prioritising Peace: What the UN Should Ask of Its Next Secretary-General ”, op. cit. UN officials agree that a high priority for the next Secretary-General is to sort out [the] option-generating and decision-making mess. UN officials agree that a high priority for the next Secretary-General is to sort out this option-generating and decision-making mess. Some believe it is a matter of a change in culture (and, in some cases, personnel). Others argue that it is necessary to centralise the UN’s systems for producing options and crisis coordination in a new planning cell inside the Secretary-General’s office, to speed up the process of responding to new conflicts and Security Council requests for help. The next Secretary-General would be well advised to resolve this top-level wiring issue – which will require fairly slight budgetary and managerial effort – before embarking on any wider reform of the Secretariat’s Departments of Peace Operations and Political and Peacebuilding Affairs, which will require more extensive inter-governmental negotiations, and more battles over turf. The new Secretary-General’s choice of senior officials dealing with peace and security will also come under scrutiny. The veto powers typically insist on inserting nominees to run significant departments, often as bargains during the final stages of choosing the Secretary-General. An unwritten division among the major powers has emerged: France fills the post of Under Secretary-General for Peace Operations, the U.S. takes political affairs, the UK deals with humanitarian affairs, China handles economic and social affairs, and Russia names the head of the Office of Counter-terrorism. UN officials and other member states grumble about this carve-up, but successive Secretaries-General have concluded that it is a political necessity to gain support from the Council’s permanent members. 166 Thant Myint-U, “ The Next Secretary-General, Secretariat Reform and the Vexed Question of Senior Appointments ”, NYU Center on International Cooperation, 11 April 2016. Some Secretariat staff worry that the Trump administration will lobby for a hardline loyalist to oversee the Department of Political and Peacebuilding Affairs, undermining the Secretary-General’s authority. While it may not be possible to ignore the veto powers entirely, however, both Guterres and his predecessor Ban Ki-moon were able to resist appointing nominees from Washington, Paris and London whom they deemed unsuitable. 167 Ben Donaldson and Fred Carver, “ Backroom Deals: The trade in promises for support between member states and candidates for UN Secretary-General ”, 1 for 8 Billion/Platforma CIPÓ, June 2026. To show at least a modicum of autonomy, the next Secretary-General should follow suit, potentially asking the veto powers for informal shortlists of candidates for particular roles. Equally or more importantly, she or he should look for strong appointees from non-veto capitals to fill key posts in the executive office – including Deputy Secretary-General, Chief of Staff and Political Director – who can buttress top-level decision-making and help balance the influence of P5 proxies in internal debates. 168 Daniel Safran-Hon, “ The Next Secretary-General’s First Decision: Who Runs the 38th Floor? ”, IPI Global Observatory, 13 May 2026. These senior officials could take on direct mediation roles as well. 169 Daniel Safran-Hon, “ UN Peacemaking Needs More Diplomats, Not More Doctrine ”, IPI Global Observatory, 26 August 2026. For all the qualities of her or his advisers, the Secretary-General will also need to get personally involved directly in conflict prevention efforts and peace processes. The new Secretary-General’s team will need to set up a series of early visits for the boss to key capitals in various regions so that she or he can signal that the UN is reinvesting in the business of conflict management. Whereas Guterres was discouraged by early failures in his peacemaking efforts, his successor should embrace a more persistent attitude toward the UN’s role in peacemaking. In the years ahead, the organisation’s biggest failure may not be to fall short of lofty expectations in crisis diplomacy, but to eschew engagement altogether. 170 Richard Gowan and Daniel Forti, “ Make the U.N. great again: The uphill struggle facing the next Secretary General ”, Time , 22 August 2026. IV. Conclusion The UN’s fortunes over the next twelve months will depend in no small part on who its members select as the next Secretary-General. She or he will face considerable pressure to hit the ground running and deliver quick wins for an organisation whose credibility has waned. Doing so will require the expenditure of limited political capital on a range of priorities. Member states will no doubt push the next UN chief to translate their vision for the organisation into plans for its peace and security, development and human rights pillars. The new Secretary-General will also be tasked with stabilising the organisation’s wobbling finances and spearheading a reform agenda. If the past year at the UN was defined by transition, then the coming year may be shaped by how quickly its new leader can deliver. But the next Secretary-General cannot mend all that is fraying at the UN without renewed support from its members. At a moment of worsening geopolitical competition, a more pragmatic approach may be for states to come to a more limited interpretation of the UN’s role in world affairs. Central to that vision would be the organisation’s potential as platform to reduce global risks through communication and deconfliction, rebuilding its credibility as a peacemaker, and helping alleviate the worst of civilian suffering. The organisation will surely also have a role to play in helping the most vulnerable weather global economic shocks, including those linked both to conflict (as in the case of a prolonged closure of the Strait of Hormuz) and to other drivers (such as the El Niño climate pattern). Much of the debate about the UN’s work over the past year has centred on its shortcomings. That focus is understandable considering the worrying state of the international order. But as this briefing has shown, there are many crises where the UN is the only multilateral body with the mandate, legitimacy and capacity to open space for diplomacy. The organisation’s next leader would be wise to double down on those virtues. It may be an imperfect construction of the UN’s role in world affairs, but it is nonetheless an essential one. New York/Brussels, 14 September 2026 Related Tags More for you Special Briefing / Global Causes of Peace in an Era of Hard Power Commentary / Global Prioritising Peace: What the UN Should Ask of Its Next Secretary-General Also available in Français",en,2026-09-22T19:03:53+00:00
461,Négociations de paix en Ukraine : le rôle du directeur de la CIA révélé - baonghean.vn,Google Actualités — négociations de paix,2026-09-14T04:56:01+00:00,https://news.google.com/rss/articles/CBMiswFBVV95cUxOMEItYUlWLUhIc2ExdFM3Q3cxWUtYZ3BaX1JpUWNJU1hHY25RQjVXNzAtR1l0UGhpRGJ6SDk1UnI3T2lNcTczamtEZ0NLa1h2bXI1TW5pS0Q5YWJGdXA1YkwxaVlRNjRBSmVzdld4bXN6d3YyeW1VcXFId3JrdkxZd1FaWUpJdmZzRzFrMTI5UjZxMzg0NFQ1N1JkVzA5MF9WVWV3R1NsM1pkV1FHWXNWOE9KMA?oc=5,Négociations de paix en Ukraine : le rôle du directeur de la CIA révélé baonghean.vn,fr,2026-09-22T19:03:53+00:00
237,CNBC Daily Open: Peace talks amid pipeline shocks - CNBC,Google News — peace talks,2026-09-13T07:00:00+00:00,https://news.google.com/rss/articles/CBMijgFBVV95cUxPYnZjOFNPVTZOQm85ZHd2UjRac0JNSnlnZjVSRGR5M3VoUHNnYUF2UmpKZTcydDZHQTVmc2EtRGN4dUxFQzVPTjMzRXhXMkZ1SmtSU1dnaHR4Z2RLMWVoeGRUX0hIdzVPQjdNbnd2NHc4MGRxTlhQRHlxMDZvOThTZnpJVnhOSFYyYWdrX3B30gGTAUFVX3lxTE1JWDVfUEs3TTVXMUhuSGt3RTF5YWsxNHo5UC16OHRxWVB1TENoYVZweGpOZl8xRHliMDN2Um9BVEF1X3hVaGhxSWFZX0ZBUm94ZzhwTGtPbWxFd0FJeFNUWWV6aHFCQTNxLS1QX2VDX3o0aEhFYXpCLVJBZ2duOTl3d2RwdlBJaXp6Q2lzNTVWWkFoYw?oc=5,CNBC Daily Open: Peace talks amid pipeline shocks CNBC,en,2026-09-22T19:03:53+00:00
436,"Négociations de paix en Ukraine : les États-Unis espèrent une annonce rapide des « prochaines étapes », la Russie rejette la proposition de tenir un sommet à Miami. - Vietnam.vn",Google Actualités — négociations de paix,2026-09-13T02:10:29+00:00,https://news.google.com/rss/articles/CBMixAFBVV95cUxOZ3ZfUWpvdkVjZGFuNEJCRlFuU1FLel8tUnp0Um45UTJ4aGFqcEFuTTNZNHVYeTlRVlg1WGlwMG0xQmdva0Y0OU5oRmtxLTVvZ1hIWGlJYVZnZFhodlV5UUxsYjF3WUUtX2ZSRzBUck05X05ZRzBTM1UwclpwVm1UYjJBdjdCblRTOWlIQmVmVC1XTGh5ZWVXTjNndmE0TXZKZEFmZ3RuUGR0MWc1RHFJeGpPOWxMRFJ4Wm5KZE13TG85SWdj?oc=5,"Négociations de paix en Ukraine : les États-Unis espèrent une annonce rapide des « prochaines étapes », la Russie rejette la proposition de tenir un sommet à Miami. Vietnam.vn",fr,2026-09-22T19:03:53+00:00
22,‘Where do we go?’: How Israel’s ‘yellow line’ is closing in on Palestinians,UN News,2026-09-12T12:00:00+00:00,https://news.un.org/feed/view/en/story/2026/09/1168320,"Ola Ishtiwi sits with her children in front of the remains of her home in the Al-Tuffah neighbourhood in eastern Gaza City, a few metres away from a series of painted cement blocks Israel has placed to mark what has become known as the “yellow line”.",en,2026-09-22T19:03:53+00:00
274,Ukraine preparing for new round of peace talks in October - Українська правда,Google News — peace talks,2026-09-12T07:00:00+00:00,https://news.google.com/rss/articles/CBMiZEFVX3lxTE12MWtqTVhleUJZb1JNYnVKQXEwRkNYdVVhN3VwcW5vTExZYUxiWkl0NjVfQ2NuZW1KOWQ2MjdwLTJCaUVxVVprY1BBdVVJbW5qQUkxTjdsR0s3Ry1sTjVHeHNLR1XSAXBBVV95cUxNWWVUbGUza0tkNDNtZ2pkZWRQLTVRUXliQk42bGJScFNSQ2pzU1BQUXZ3QUVZMEFPaHJaOEUwYlhkSXMwR3ZOcVByMVZQWGhYWjlIMy1FNlFjc3UxUlEzZGxtbzNPUDNsc2FKQm5NbFhq?oc=5,Ukraine preparing for new round of peace talks in October Українська правда,en,2026-09-22T19:03:53+00:00
231,"Russia refuses to stop attacking Ukraine during peace negotiations, Lavrov says - The Kyiv Independent",Google News — peace talks,2026-09-12T07:00:00+00:00,https://news.google.com/rss/articles/CBMiqwFBVV95cUxNU0M2Q3JxTEoxQTJTR1lMVEdrRldUQWZCUU5QT2IyYlVja0NzdEtkNXBBQ3Y2STFHQkI3REd4ZEx3LVppNkYzMkg0a1ZGbFhqTWVYRW5MMjgxOWxCWkNSazlxaFhTOXNEMUNJUmJBSTBJSzN4OFV6YTJIUGV2ZEJaTzJGLWNqV3N2cUtVdVdnTFRtWVZqc0FIeGk2MDBFNF9TT3Mwczg4amNEblk?oc=5,"Russia refuses to stop attacking Ukraine during peace negotiations, Lavrov says The Kyiv Independent",en,2026-09-22T19:03:53+00:00
51,Chicago teens sustain ‘peaceful’ community as warriors - Chicago Tribune,Google News — conflict mediation,2026-09-12T07:00:00+00:00,https://news.google.com/rss/articles/CBMilgFBVV95cUxOTkhKamgzVEJESjBaTC03M29MLTF2V0Rqb09Gb0tIb2w5N2x0VU1mU2t6Skk4LXhNRWhTRWZocmNyZm1waW8zcFA3TV9QcTJ3cERRa0Z1U2FyRmpYcWFDcjQ3Y3JuS090ay1ZdE9YSHBfbUIzd3NnbFBqNnF5UklfaVB2dUV0YVN0aVJNM0JxUk1RTVRyaUE?oc=5,Chicago teens sustain ‘peaceful’ community as warriors Chicago Tribune,en,2026-09-22T19:03:53+00:00
24,"Terrorist propaganda is outpacing global efforts to stop it, UN report finds",UN News,2026-09-11T12:00:00+00:00,https://news.un.org/feed/view/en/story/2026/09/1168313,"Terrorist groups are recruiting, raising money and even planning operations through propaganda that is now “embedded” in every stage of their work, a new UN report warns – and governments are struggling to keep pace.",en,2026-09-22T19:03:53+00:00
23,Security Council LIVE: Ambassadors mark 9/11 with counter-terrorism push on AI and drones,UN News,2026-09-11T12:00:00+00:00,https://news.un.org/feed/view/en/story/2026/09/1168318,"The Security Council met to mark 25 years since the 9/11 attacks with a briefing on counter-terrorism as ambassadors take stock of a threat that has morphed dramatically since resolution 1373 built the council's counter-terrorism machinery in 2001. Briefers highlighted militants' growing use of artificial intelligence, drones and encrypted platforms for recruitment and attack planning.",en,2026-09-22T19:03:53+00:00
422,Pourquoi les États-Unis relancent les négociations de paix à l’Est - Valeurs actuelles,Google Actualités — négociations de paix,2026-09-11T07:00:00+00:00,https://news.google.com/rss/articles/CBMitwFBVV95cUxNU1pnUmhXV3dEeXRoWGNyQUhGRUJYVmVna1UzSW5sMVg5NGcwbk42TUd4MTBRQm41TXlSdjZNSFROUW5FWDkwSWdtbkw5aGlpTkdKZ1Bvbm1VbEFvWEhTby13S3N6OTZ6NUYtTDU1WjZpZ1hGMlY3SXRYVC03c3piM2VjOFVmZVJRRVVtV0g2Rk1EYjN1Vk82ODJFNDJuMUdCNHFaYVExbndTQzJ5bDlpbG4tRVRTVnM?oc=5,Pourquoi les États-Unis relancent les négociations de paix à l’Est Valeurs actuelles,fr,2026-09-22T19:03:53+00:00
28,Human cost of violence in South Sudan ‘continues to grow’,UN News,2026-09-10T12:00:00+00:00,https://news.un.org/feed/view/en/story/2026/09/1168307,Independent human rights investigators voiced deep concern over growing risks to both civilians and South Sudan’s political transition following their latest fact-finding mission to the world’s youngest nation – their 14th in a decade.,en,2026-09-22T19:03:53+00:00
27,Security Council LIVE: Fresh attacks prompt emergency meeting on Yemen,UN News,2026-09-10T12:00:00+00:00,https://news.un.org/feed/view/en/story/2026/09/1168309,On the heels of reported Houthi attacks on Saudi Arabia on Tuesday and the capture of another key port by the militants on Yemen’s Red Sea coast – including the seizure of eight UN vehicles from a key aid hub there – the Security Council is meeting on Thursday at 3pm in New York to discuss the latest developments.,en,2026-09-22T19:03:53+00:00
26,"‘An assault on humanity itself’: Guterres pays tribute to 9/11 victims, survivors and first responders",UN News,2026-09-10T12:00:00+00:00,https://news.un.org/feed/view/en/story/2026/09/1168310,"Twenty-five years ago, the heinous terrorist attacks of 11 September 2001 against the United States claimed thousands of lives and represented “an assault on humanity itself”, the UN chief said on Thursday.",en,2026-09-22T19:03:53+00:00
25,Ukraine: Drone attacks on Chornobyl are ‘gambling with the safety of millions of people’,UN News,2026-09-10T12:00:00+00:00,https://news.un.org/feed/view/en/story/2026/09/1168312,"A drone strike on the protective structure at the Chornobyl Nuclear Power Plant could have endangered the safety of millions of people, UN Development Programme (UNDP) Administrator Alexander De Croo told reporters via video link from Kyiv on Thursday.",en,2026-09-22T19:03:53+00:00
277,Italy urges Zelenskyy to involve Rome and Warsaw in peace talks - Українська правда,Google News — peace talks,2026-09-10T07:00:00+00:00,https://news.google.com/rss/articles/CBMiZEFVX3lxTE0zR0JCb3EyTjZINFRlSmpmU3JseUoxS1MxTHp3Z244WGl5ODNZeUlGZGJuLTVPMmJDcE5sb2JTQS12R1FjX2hHT1JSdVA2SmZackNzVElMZmpCVEUzay1vR0tmd2PSAXBBVV95cUxQQVVjeHBYVi0wVHhWb1RPLUZMaG5LYXJDc2dGbjlLNWp4M3d2b3p6TzFLOVQyU3JobjFKUE5tbkFfRVVVWWp1NEZncTNDemdKblRVcldlb011ZlNHOFVBLVg4TlFVQ2t6VU9SVUptT3RO?oc=5,Italy urges Zelenskyy to involve Rome and Warsaw in peace talks Українська правда,en,2026-09-22T19:03:53+00:00
30,Guterres urges leaders to invest in peace as conflicts deepen,UN News,2026-09-09T12:00:00+00:00,https://news.un.org/feed/view/en/story/2026/09/1168301,"The UN Secretary-General appealed on Wednesday for world leaders to invest in peace as violence, division and conflict exacerbate suffering worldwide.",en,2026-09-22T19:03:53+00:00
29,UN hails Libya election deal as Security Council urges Libyans to seize the moment,UN News,2026-09-09T12:00:00+00:00,https://news.un.org/feed/view/en/story/2026/09/1168302,"The UN Security Council has welcomed a breakthrough agreement between Libya's rival political blocs, calling it ""an important step"" towards the country's first national elections in over a decade – while pressing all sides to move quickly from paper to practice.",en,2026-09-22T19:03:53+00:00
149,Theodore Roosevelt's mediation and the peaceful end of the Russo-Japanese War - Britannica,Google News — peace mediation,2026-09-09T07:00:00+00:00,https://news.google.com/rss/articles/CBMitgFBVV95cUxPSDlOVGFOLVBUX3VGNGZ0eTV1QUJKd3hDckk0bTVqMjl5Sk9LR096ZDhiWi1YYTIyVG90VEw4SkdZNHRoRFYwalJLNm5LUlRwVUQtUHdxWlEzekduUHlVaERUWkNkN0tyM3B3WE5qc2hZT1JJMks2NDJKekMtcFIwMGxPNWVYd0FISVVRQ2tnRHNPLVN5RmswZlZCcGhRUXRKZGx4bVFHVFBqYW1JVkRBdkZOVzBudw?oc=5,Theodore Roosevelt's mediation and the peaceful end of the Russo-Japanese War Britannica,en,2026-09-22T19:03:53+00:00
145,The Mediation Center to Host 5th Annual Peace in the Park Celebration - The Savannah Tribune,Google News — peace mediation,2026-09-09T07:00:00+00:00,https://news.google.com/rss/articles/CBMisAFBVV95cUxNY3pucmM2UUxuQno3VTU1RTFxMmdLZDlSazJZclRXb3dqTHdxY3pScW50UG1IUVBxVU1KQkk4NzB4UThWcWhQb1lkNEJGSlVGczYwT3NHYmNzd1FDZGd1X3BFTFM1Ry1EcTJmWTdWbll5RlpnRmdIdVdWcFJsZ0xoUU9iV084M3h6Y2l5eW9GZmhFSnJzcFhDUDJpbWh1Y3JxeWhMYjExTGtoY2VTazF5Mw?oc=5,The Mediation Center to Host 5th Annual Peace in the Park Celebration The Savannah Tribune,en,2026-09-22T19:03:53+00:00
59,WTOC+ series: Mediation Center staff discuss turning conflict into growth - WTOC,Google News — conflict mediation,2026-09-09T07:00:00+00:00,https://news.google.com/rss/articles/CBMipwFBVV95cUxQUzZRR2JsTkZFdHdGOF81cWdyb0JoTmZlYkcwUkg2Ti1sel93dUYzTXBvQ3VKOFBOaVVsUTZWaFZBQlc2bktwRnkyMUQ0Q2FkNWpNakVDNndwVzV5ODRmX0NLTHpSVHdpaWdDeHEzNlVXR3FjdVpzWFFKeEdGSEV6Y1VydndKOXZBZEY2SWdreE1MT1dHMEUwcnFfMkQxWVRGRVJaUTdMOA?oc=5,WTOC+ series: Mediation Center staff discuss turning conflict into growth WTOC,en,2026-09-22T19:03:53+00:00
250,De la Espriella government shuts down peace talks - Justice For Colombia,Google News — peace talks,2026-09-08T07:00:00+00:00,https://news.google.com/rss/articles/CBMiiAFBVV95cUxOemdMcU9kd1FYSEVJcjgtLUw0QWhfRGEzcFkzUUY1OWpIZW1oQWliMWFvdk5EZDlOQllFNnVReXBUenFKNkdOY0YzcVJDNVFITlBLOGs0R19qX0l6eHRuMkZySzZJWjBzV2ZBbWMweXZraU1ZTGNzU09zUGVSV3MyV2ViYWY2aHVU?oc=5,De la Espriella government shuts down peace talks Justice For Colombia,en,2026-09-22T19:03:53+00:00
55,"A Toolbox for Peace in Times of War: Arms Control, International Cooperation, and Conflict Resolution - DIIS",Google News — conflict mediation,2026-09-07T12:00:14+00:00,https://news.google.com/rss/articles/CBMiwAFBVV95cUxQUTNTcTNjVVhRcU1sY1RLeFBvcGw0ODlzZ0JlU2Jib3J4QjI4MTVrUU9JQ18tZXo4elA1cnVFcS05UjVvOXNONldMSHNBYmYtZ3pyR0pWaHJqSkhhSU1GY1lUTW9hYm9RbEJfV0pjUWppREg4QWpaNlN3bGtyQTgzWEk2Sjl5VFMyR19QMUo4S0w0dlhuWEZ0RkppdmY0VFlRc1dmREtwVm9Ea044T0QxeFZHbDJNT3FvMGdNMU10OEE?oc=5,"A Toolbox for Peace in Times of War: Arms Control, International Cooperation, and Conflict Resolution DIIS",en,2026-09-22T19:03:53+00:00
423,Guerre en Ukraine : la Russie ouvrirait la porte à une reprise des négociations après ses élections du 20 septembre - Ouest-France,Google Actualités — négociations de paix,2026-09-07T07:00:00+00:00,https://news.google.com/rss/articles/CBMingJBVV95cUxPVjRaRjN3ZDBoSGFzS2ExZmRDdmRLYkdON3lveFJmTWd5TEFESDY5UmYxbXc5OTNOSmFwT0JWZFUzQVZXQ2lOVHpnY3h5ekdIVzhDcGZMS0pydlVHZWV1V2tEU1dOUGJmT2NtaXVQYmR4MmlTWGNINUlZd2l1NGozckhLbTJBOWtwaGhPVDJfWlZYeVBqaUxkUEk5UnFEa01jTXJIZWVYbDFnN2F1aFZWV2ZjY2JmRFBWcy1UMmVJU3lILUxlNm1vYWtrSUkzSFNzSE1tMjk0WkNueGNjVmdORnBBQmJiakxGZ0E4bGxtNUZXczJUTDI3Q3ZNLThsbnU0MTcxcXN6dC1vLUlna0VNTl9FSkZOaks4em4zdWxn?oc=5,Guerre en Ukraine : la Russie ouvrirait la porte à une reprise des négociations après ses élections du 20 septembre Ouest-France,fr,2026-09-22T19:03:53+00:00
421,"L’espoir d’une reprise des négociations de paix en Ukraine, la Russie confirme - 20 Minutes",Google Actualités — négociations de paix,2026-09-07T07:00:00+00:00,https://news.google.com/rss/articles/CBMiuwFBVV95cUxOREl4Ylh5dDFwQ2V3cnExQW45VERlSU9TWTBVQ2lDT0UwcW8tYnc2TUxrWjkxTVdQR2RMelJFVnhwNE1KczlPbjlNa3BZRzR6a2dBV0pGdExKWUhMZUQ4cG43TWtqSVpnajd2V1FSbUt6QkQzNXpMbHNXdW5JYzF6V1JvcGRnODlTS2NfQ0VKbkR1WGV5U3BueXNWOVJnRmxjRFhRZVNTUkFFS3VFX0lMOVRzR2U4RGdRU0Y0?oc=5,"L’espoir d’une reprise des négociations de paix en Ukraine, la Russie confirme 20 Minutes",fr,2026-09-22T19:03:53+00:00
268,"Russia-Ukraine peace talks could begin next year, ex-MI6 chief says - ft.com",Google News — peace talks,2026-09-07T07:00:00+00:00,https://news.google.com/rss/articles/CBMihAFBVV95cUxNTG1iQkpZMXZYaGxmaEpuUWVwRC1KTTJVNDhKTUhmbWJ6dnJXeUVuT0lYVS13ZzRJamxTa2FwTDRPazNUSVFkWEZGdGVmd2RvZDQwd2lnWC1TUlA4QnFWVGxwandyR2hIbWNBU1VzYkJSeHM3VzAtcVU3cGxvTUNRTTFaVlA?oc=5,"Russia-Ukraine peace talks could begin next year, ex-MI6 chief says ft.com",en,2026-09-22T19:03:53+00:00
247,Will Trump succeed in restarting Russia-Ukraine peace talks? - Al Jazeera,Google News — peace talks,2026-09-07T07:00:00+00:00,https://news.google.com/rss/articles/CBMipgFBVV95cUxOQlFxWl8zMlF5dEktbFRnbm1FS0V0eXhOcFFJb0JhNVlvWVEwZ1k2Zk1HaFRkZlhyUWhhSGhnUVVKdHBqWkpKX2huREtTUF9TYnFjRjliMXNiTDFuQVRLdDE4Y2RjeEFVbmIyMkxPeUhsT25zU002M29TWnB3cUN3YnVTRkR4RTRaclJib3VKRHVsNEFNYTFTWGc2NS1Xa3lnTVhieWNn0gGrAUFVX3lxTE1nTTFIU2hXV1JqXzFuTi1wU1JUaWJzSDA4ZldvdGltbHRYV25FTkxjT0VwY3RPRjE0RU1sU0ZCY3g5emNOanhZZ2s5ajQ5ZzBrSFBfa21INEUtR1JCR2FkQlJsQTFXYkc0dTA0VGVOdmpUQUFVX053U1R3bUZmVE9ZaTIwd25Eb2VBcWRzZW1XLUk0dkRUNHJTX052eVpQazBMQzRyb20yTUNFaw?oc=5,Will Trump succeed in restarting Russia-Ukraine peace talks? Al Jazeera,en,2026-09-22T19:03:53+00:00
240,Russia leaves door open to new Ukraine peace talks - Vatican News,Google News — peace talks,2026-09-07T07:00:00+00:00,https://news.google.com/rss/articles/CBMipwFBVV95cUxPU3QtSkFqdzFvSGhlVHk0YWNyeE51WU5XYlZXRnFGaHIzZU1RaHA5bzZKNFZUVGtyWDFXMm9PZ1ZIQWVMOE96VUpsVGhoell6NHltNjlXREt3YjBNNFpTTEtlc3FnNlZQbi1mV2JwczlvZUxWZGlTeUhTRUhiT3I4Vm9MQ3BKOXU2YVpvZFlCWk03ZlN2TGJPQ3A3QmQ1QmZyTVZWcU5qTQ?oc=5,Russia leaves door open to new Ukraine peace talks Vatican News,en,2026-09-22T19:03:53+00:00
428,"Zelensky : « Les prochaines négociations de paix avec les États-Unis, la France, l’Allemagne et le Royaume-Uni » - vidéo - Agenzia Nova",Google Actualités — négociations de paix,2026-09-06T07:00:00+00:00,https://news.google.com/rss/articles/CBMiogJBVV95cUxQWFl4djJKeGV5WnhKdzBPbkN3T3U1Ukt4VTBvNDFmNW90a1lIZmRxMGhlMmVZQmZtbXNJclJGWVZmLXpseEJ5c1ZhRUw0ejVpRXNvamNoaXd5T0M2dDhIY2p1akJjQk9lUW9faW1xUDhzMWo2X2JqeUJMN3pVN3Y2dDlyWkR4VlJkVUJ2c2hfc29iR0NoXy1xT3RxZm5sV3RvRDJ4dnRjN20yUTJ3SGwxeVUybjkyQk5FajVpVmt6WHVIT0pLWGZxa2g1d1pJU181R0I5SkVyRU1hTklFZ2FISVRJOHNxMGZSSFBpSFdCclhCVkYwU2lXbWxGcjlnZnNjYkdyb0hJb2dUcVk2WHk4LWhCc0RRbnZHWXZJcnlDVzFKZw?oc=5,"Zelensky : « Les prochaines négociations de paix avec les États-Unis, la France, l’Allemagne et le Royaume-Uni » - vidéo Agenzia Nova",fr,2026-09-22T19:03:53+00:00
282,Pope says he hopes latest efforts to resume peace talks on Ukraine will bear fruit - Українська правда,Google News — peace talks,2026-09-06T07:00:00+00:00,https://news.google.com/rss/articles/CBMiZEFVX3lxTFB4SktBb2dYUHFkM3BRWWtpRUNCOFNlY21HeExZQTQzOWx0cml5UTl3LXI4LTNzTGFnNVRjN2wtcGhlZFlWZ0dOV0xLRGw0RWtwc2s2M2RkNUtnYUxhejc3Si1QQW3SAXBBVV95cUxOSXg0QWxJVkJLd0RtRXp4YmxOczlmbEF2Z2xnaDFUaEZ4MnRaT0o4M1lDSk9fSEFpcjhyMUtTQlVObmh3dzJlbnpBVzRRdC1wcjduRjVoSktYSWsyM0pmZFpuODdzSW05MnEzQ0xocjk1?oc=5,Pope says he hopes latest efforts to resume peace talks on Ukraine will bear fruit Українська правда,en,2026-09-22T19:03:53+00:00
278,Peace talks rich in symbolism but fundamental differences between Russia and Ukraine remain - bbc.co.uk,Google News — peace talks,2026-09-06T07:00:00+00:00,https://news.google.com/rss/articles/CBMiXEFVX3lxTFBBaS1QVUo0NEVNa1l1RFFwLVNBUVM0UlpwNV81OUlVOU1mWFRkay1YWV84R3dPVVJHU2V3OXl4OUQ0dEtGN3I5V0ZhMXIwYVFUOGR1UXgzQzRoVTZn?oc=5,Peace talks rich in symbolism but fundamental differences between Russia and Ukraine remain bbc.co.uk,en,2026-09-22T19:03:53+00:00
257,"Here Is Where Ukraine Peace Talks Stand, as a New Round Approaches - The New York Times",Google News — peace talks,2026-09-06T07:00:00+00:00,https://news.google.com/rss/articles/CBMigwFBVV95cUxNVVg3WW1yWWRWSFdZeVk3dXZ5ZTA0SUpScFVxUFJPS1FZZmZrdTlydWpUQWJOWmM3LVlsSThlY09FM05nbnFEb3RObVdDNGlObHhSSVZyWGYtZTQ2WXJBNktyRlpCUVpuTGxpUEZRQ2EzcVRwd3Q5ZVFLRVBDQ1ZibEh6MA?oc=5,"Here Is Where Ukraine Peace Talks Stand, as a New Round Approaches The New York Times",en,2026-09-22T19:03:53+00:00
248,"Witkoff and Kushner, in a first, visit Ukraine for peace talks - Axios",Google News — peace talks,2026-09-06T07:00:00+00:00,https://news.google.com/rss/articles/CBMifkFVX3lxTFBKc0VKWnRSY1g3TDJKYmd3X3AyX3dNTDNUZEdMaG54UWxUUE1ORl9FVUNKdVNURUhGM09YSUlsZ0o4Z2RqZ0l2aFEzVEZ2SkhQRnFxdHhxVnNjNjEtN1FuNGE0aF9oRy1VQUZxNXRvamNIZ0ZISWYya0RaTjI4QQ?oc=5,"Witkoff and Kushner, in a first, visit Ukraine for peace talks Axios",en,2026-09-22T19:03:53+00:00
245,U.S. envoys ‘very encouraged’ after peace talks in Moscow and Kyiv - NBC News,Google News — peace talks,2026-09-06T07:00:00+00:00,https://news.google.com/rss/articles/CBMirgFBVV95cUxPUF9BT1NzbENzSURjVk0tcURDWnlITXBBT0JCT2V2eFRuTnE2djBkZkhzS1JoQU1IdmFVZlBIYlg0WVV4QzJMUEluUDZMTlAwOHBfZVBzR0tMQ2hHZFJ3YW5oSjEzZG1CWEpXbjBlNXFmMFl6WWxRNzZQa3dtdUdIRldKN2F3ZThfYWpwNUFoQ0tvamVKYU1BMzJGUzY1amdsZUdQelQ3bjUyVjFRWmc?oc=5,U.S. envoys ‘very encouraged’ after peace talks in Moscow and Kyiv NBC News,en,2026-09-22T19:03:53+00:00
430,Guerre en Ukraine : Les émissaires de Trump à Moscou pour des négociations de paix - 20 Minutes,Google Actualités — négociations de paix,2026-09-05T07:00:00+00:00,https://news.google.com/rss/articles/CBMipwFBVV95cUxPVVVoUXhCVWg0SnhOQk9ZRFN6eVFKejM0d1VnX3BlZUdaTG1aY1RTaTV3Y25lc3JSRG9GemxrckwwSlZHcGQxaWlmRGw0WFowTUVHcV9jSVM0MnEtbkUyZlQxMWNGN3d2dTJiZ0JyYlg1b3RmdDdXSWRrcUZsUzFkTnpVTmthdHdtWHBpVnVfUkxPWnNwRW9yS0R3d3c1cFBqODE2ZnNaYw?oc=5,Guerre en Ukraine : Les émissaires de Trump à Moscou pour des négociations de paix 20 Minutes,fr,2026-09-22T19:03:53+00:00
425,Ukraine : Zelensky se dit prêt à suspendre les frappes sur les villes liées aux négociations de paix - Anadolu Ajansı,Google Actualités — négociations de paix,2026-09-05T07:00:00+00:00,https://news.google.com/rss/articles/CBMi8wFBVV95cUxPQ2IxQmVyMHdjUEI3RzNwNW5fNmhvdmhtZTF6NmhYek15Z3BPaklaektTUnBwVUJNcXdqTFlWb0o1SXBsLXZlMzhvRWV1aU5TT3NNUGJMN2FNbFppN2ptdHoxMEdfdkdvQjF0RDY0MXVNeWphSnlHTzJ2bkhIWUp6UXE4dFJZbHVVb00wTXl3M1pUdlhfa09QRFdISFFUNVA2Q24wV09jbUpWOVFzcURJb1M5WnZSYWpLY1JKUUdrUVZpa1dvQ2JvczI3OENDQk1wOWNvRXVTRTg5Qm9KaTlnTW5iMWczS1dKU1FPb1pmV25Gakk?oc=5,Ukraine : Zelensky se dit prêt à suspendre les frappes sur les villes liées aux négociations de paix Anadolu Ajansı,fr,2026-09-22T19:03:53+00:00
81,China’s mediation in Myanmar: With mind and muscle - Melbourne Asia Review,Google News — conflict mediation,2026-09-03T09:29:04+00:00,https://news.google.com/rss/articles/CBMikgFBVV95cUxOcFlGbTZIeTlyb19BM0hyY2I0b3RWanZaUWJJZE1xenpnaVUyUzl0bVVpeFpaMTZ1akh2Uk1wUG9OcE1jZkJOZFZwZGpCM3J6MTlTVm1PZHdxUFlJZl9qQ05DTnM0Y3RCcF8tQWdXRWRSdU1CbVN2dVYyZ0VEWDRWd1JRY1dsblY4U0pZU3pVb2EzZw?oc=5,China’s mediation in Myanmar: With mind and muscle Melbourne Asia Review,en,2026-09-22T19:03:53+00:00
437,Poutine : Moscou épargne les dirigeants ukrainiens pour préserver la possibilité de négociations - Anadolu Ajansı,Google Actualités — négociations de paix,2026-09-02T07:00:00+00:00,https://news.google.com/rss/articles/CBMi7gFBVV95cUxOWWx1MVZfZ3dVdUFVWE5RSWxqWkdkRmdObHo3TUZYX3NGaENOcVd3ZjZZTDVwWEtHRk1rdnZHWXlYTW9fZlhWU25HZzFYWXVaVm5PTTFCc0h2bkF6VE41V2pWVWpfempnMDl5dEp0UTRRT1pzQzIyUVZva1dIRTBBSEppYlVQX2cwbm9FSzF0Z3RtME5VandhaWFsQzNnQ19xM2VTUEYyY3ZHSU9GZDE1b3FSc3J2SDI1MUNhdS1taVZiMWZOQTgyaXlEQUJ1Q1ZEVXBPNW93LVpvQ3FWQzBqeno3SkJLUzJzaFBYam9B?oc=5,Poutine : Moscou épargne les dirigeants ukrainiens pour préserver la possibilité de négociations Anadolu Ajansı,fr,2026-09-22T19:03:53+00:00
147,Community Corner: The Mediation Center to Host 5th Annual Peace in the Park Celebration - WSAV-TV,Google News — peace mediation,2026-09-02T07:00:00+00:00,https://news.google.com/rss/articles/CBMiugFBVV95cUxOX0VQX2NlU0R0SFpGTld1OEhUM0dQWkV6WHpqdWhkb0Jramo5ZVlUbUxhZGxYU1daTWtnb2ZXZE1YMVkyNjhQUjdUZ28tRVdwTEd4X3Nsb2dnTUwwcDI1X3F2MHN0UUNRZkxlSzJDTmoyMGw2ZmV0Qk5Sb291X1IxSkJVRjZyRnI4VUFwcmFiT0x5dTZBakFQLU9SVGJGaklZODF1d0xGTk1lbzZjU1ViYnpYUHhyZ2R6S1HSAb8BQVVfeXFMTkVWN2tsU3JHUGV0WlFOWG40bUh1eHFTMno2VFlkOVNrVW14UTg4VTVzUEZIdDBFVU9KQ1RCYmVabUJUc0prN3Q1dFFxYUNyY1pycUw3dnFoUUhNUTR5VG5MbDFnWTZUUzFLcmtvNDJxeXVoeVhjLS0yTkRtdE1lV21YWTl4UlhJNEZjSkNiQXdzVTdPem4wRUozN01OVWVhVng5NUMxTlV1Nmh2NkwxMWEtU1BTMGZfN2lRVVRHYVk?oc=5,Community Corner: The Mediation Center to Host 5th Annual Peace in the Park Celebration WSAV-TV,en,2026-09-22T19:03:53+00:00
424,Guerre en Ukraine : la Russie pose sa condition clé pour négocier la paix avec Kyiv - L'Indépendant,Google Actualités — négociations de paix,2026-09-01T07:00:00+00:00,https://news.google.com/rss/articles/CBMizgFBVV95cUxQV1BhMTZHMGJhODdvdDU3ZGxESVJRSG5KZHMzWnVkc185aWtHVlNyMG5ZRi16UlVDX0hNNDJscndpZUVRVmZCTmw1TVRlTmpjWmx2b0RWOVBwWTJtLVJ1SDFta2U4ak1SV0cyTklLOU9XZUxDUWgzcGt6WXhuOUtSZGhUM3hoMFpjbFhKb0xsSURIQkktMWg5T2lIREtheG1wZnJEbnh0UDBCQV9MYnA4cVBoVjlxUktPbHVPMTNTQXhjNThiUTdBT2dMLU1rZw?oc=5,Guerre en Ukraine : la Russie pose sa condition clé pour négocier la paix avec Kyiv L'Indépendant,fr,2026-09-22T19:03:53+00:00
244,Iran’s President Signals Willingness to Resume Peace Talks. What Stands in the Way? - Time Magazine,Google News — peace talks,2026-09-01T07:00:00+00:00,https://news.google.com/rss/articles/CBMiqgFBVV95cUxQTDl4cFBSVHRXdklINHNBMUZXc1lxMEhkUnV1TmRWMmdPdjlyYkpURktRdFM0aTZIYXNOUjVPUVM4R2EyUXVnbS02a3EyWGxxbjE3cmZuQmZSM1BOdlBYbWhtRGdGX3d5RUxTQ0FfcmdZdngtdjV0Nk1zR00wVXREbGQ4d1pkdE1UeXc2OEJkcGdSN0RkQ3ZrdXVRVGRWb3V0YWtEc0VIeUNoZw?oc=5,Iran’s President Signals Willingness to Resume Peace Talks. What Stands in the Way? Time Magazine,en,2026-09-22T19:03:53+00:00
327,"Un conflit d'intérêts au sein du service de médiation de l'aéroport ? ""Il y a une volonté flamande de tout contrôler"" - lalibre.be",Google Actualités — médiation de conflit,2026-08-28T07:00:00+00:00,https://news.google.com/rss/articles/CBMiqgJBVV95cUxPQU54ZElUNTJ3cV96eTdxYllpWjZFN0FnVGNKZ2JGMWd5U0lUVzI0U0J6Q21vY1JUUXpKVS1ab0w3ZnkzRGFQemFEWXFDcnpNVWo5eVd1NV9EVm9RbC01V1o3QWJQeTd0RmFrY180UVVpZGVmNkt4RWxDdEtwcHh0b1hJMGt1c2Vwa1AwUW51cU1pQUZhT2RSdHZtQ0F3eW81MnFLY19EVG9Ya2lGQmRHRDNoSGxCM0lGMmpGdDI5UmFOSG8tR1VrT1NCRjNjR1JTNnc1RVBfTnl3Ml9hTjZjMFhTRnozRHFON1gtMGdSaEZYX1F0MllCckJxVmZFVGRvZ3R4bzVfZjgxQTAydEFvOWNSbll0eVA0a3pLQ1ZlaEFoUWFia2I5WnFn?oc=5,"Un conflit d'intérêts au sein du service de médiation de l'aéroport ? ""Il y a une volonté flamande de tout contrôler"" lalibre.be",fr,2026-09-22T19:03:53+00:00
280,Kremlin Says Ukraine Peace Talks on ‘Deep Pause’ - The Moscow Times,Google News — peace talks,2026-08-28T07:00:00+00:00,https://news.google.com/rss/articles/CBMimwFBVV95cUxOWklva1BaTmNXa2hzOW9QU1h0ZEExQ3hvbTVOcHAzZ0tkUDM4TWpyZVFVeDNWcUsxOGVpZ2JHbUpEb1BqMDVKUDdqT3BQRU16QjU4Q2Fkb3dqbnJUMFVuLThXQ2tiRmhyVnBGZGJvWEpIU3pqY3JzeTBqSTVGQVhzQ0k4RWFWbTN5YkN5RlVaMDhDOFlna3A2OFVaNA?oc=5,Kremlin Says Ukraine Peace Talks on ‘Deep Pause’ The Moscow Times,en,2026-09-22T19:03:53+00:00
101,Taxi Conflict: Mediation Talks to Start on Monday - Smile 90.4FM,Google News — conflict mediation,2026-08-28T07:00:00+00:00,https://news.google.com/rss/articles/CBMie0FVX3lxTFA2LV9jOTR2YlZTTGw0MWMwWjF4OWUteUdlUi16eHpwbHRwNXVZU1M2MTJFNlV3N2lyRnV5YlVnOEU1OTVnTGxocVN3RlQzTE9BcUdlci1YdmZ1NFR3YVBEU2gtX043bE9mbExuajhVWDdZSXY5QjJweGFoYw?oc=5,Taxi Conflict: Mediation Talks to Start on Monday Smile 90.4FM,en,2026-09-22T19:03:53+00:00
255,Five college contestants to compete in inaugural Peace Talks - Goshen College,Google News — peace talks,2026-08-27T07:00:00+00:00,https://news.google.com/rss/articles/CBMimgFBVV95cUxON0c2ZUcxS2FlU3BZMEctN1JRbFpieDltR043YW10a0prY2REeVAxeGt4UHN6NVdkZnRkX21aaGtEeGh2bm9RXzZrRkVzbVpfcWpHcWdvbjZ5eU9zeEx1THNjUnZPYUthVlliLWlsUE5IcklnSG9Xdm94U1huZDNJZGI5U0FkYTlyYXJoM1gzekE2R21ZNUx5ckNR?oc=5,Five college contestants to compete in inaugural Peace Talks Goshen College,en,2026-09-22T19:03:53+00:00
450,Appels sur l'actualité - Plan de paix à Gaza : le retour de Mohamed Dahlan peut-il changer le cours des négociations? - RFI,Google Actualités — négociations de paix,2026-08-26T07:00:00+00:00,https://news.google.com/rss/articles/CBMi-wFBVV95cUxQaWpuSzlLVUpKaENNdldVdTlOdHEwakl5ZzU5cFN1cnZLdjBQWHZ3Nm1qZHhYeXJ1Z1dZNEFJd2FneVA4bEZqajhobVNwLUU4dmpxTWhEUW1oWTRPUC1KVENEdDY5OXJzOXVscjl2Y1dLNmJQSGdCNWZxSnNXVk1HZ0gxbFBhdTFDNjUwYkJ4enFhR1cwMGNqalc4ZWVsY2tFSlhpTndEQjF0QjdjYnd6cWdTcmpRcFBkclNobVpZNmlUb0FGYm93bGZjalhSd1RLNE1wM2U0eWU0ekJtRFhxenIzbUs2SU5CMnRZaWNsWWJCemEyY1gzVmFWYw?oc=5,Appels sur l'actualité - Plan de paix à Gaza : le retour de Mohamed Dahlan peut-il changer le cours des négociations? RFI,fr,2026-09-22T19:03:53+00:00
53,"'Accountability Is Deferred Rather Than Delivered' — Conflict Resolution Scholar Johannes Langer on Mediation, Amnesty, and the Limits of the ICC - Jurist.org",Google News — conflict mediation,2026-08-26T07:00:00+00:00,https://news.google.com/rss/articles/CBMikAJBVV95cUxOeUI0SmVUSXBIbVN2eEZNenVxLTFTMlY4TDBuQldYa3hMTGk3aE1PUTRScERScy1LeHh6U0RBQ3VsYXpCWUM0TDJSckNEekFGcUVzMS1NTlAwbHMtVERNUFpxZWtwYlg0Y1JUcTlTckx2U2VWT1lDVkpYVVRQS3lMbUVEeDlZTTBMWktJbnJmS2dHUHdOM1BzT2JGc290VTYzN05IVk82d19YLTJwczFHdUVGVFVRYm15MXZrS0xSQS1fLW13dXk5dDQ2YjFBcS1xaFZoTXJrWW5vd25XdkFmVmpfcW5xangzbFNNcHhIc1NYV3lodVY2a3BpVU9neHh5RkJyejVuWmYteERtX0tWdA?oc=5,"'Accountability Is Deferred Rather Than Delivered' — Conflict Resolution Scholar Johannes Langer on Mediation, Amnesty, and the Limits of the ICC Jurist.org",en,2026-09-22T19:03:53+00:00
448,"Guerre en Ukraine : ""Ma réponse est oui, absolument""... La multiplication des frappes contre Wildberries pourrait pousser la Russie à négocier la paix, estime le président finlandais - ladepeche.fr",Google Actualités — négociations de paix,2026-08-25T07:00:00+00:00,https://news.google.com/rss/articles/CBMipAJBVV95cUxOMkZibzg4aEZnamJ5b2dYMGxUYmpfTVM3RTJyVGpUN1RzN0ZGZkI1cm5yaGVGOWx2b3RPR0V2Z3dPV2xrZ2ZxYlJ1UDB3LV82X21VODNiTXBRX1hEYk5BMFBVUjJLYzluc2NHWE9mbmtma041bDlHYlM3dHg0VnVVdmM1V3lxR3FKSVVtTjgtNjdJanlXR0FqMFFsUnFUSzJzdjNfcUtJMEN1Y1pXZHNxNGhTQkxLZHVYNDQxVGNIZnVsOXEwMEZOejUzNFQ1RkpJX18wZFQ0RGl5Ml9MYkMwcVYtREVQRUJuRFNIYWtWajhFeGxDVHlJUFpVcGJrYmtCQTNsTFd1ckNWYU5JNUNmTnY0RDdidlhkX2lQNGdEbDZ5VkE5?oc=5,"Guerre en Ukraine : ""Ma réponse est oui, absolument""... La multiplication des frappes contre Wildberries pourrait pousser la Russie à négocier la paix, estime le président finlandais ladepeche.fr",fr,2026-09-22T19:03:53+00:00
427,"Guerre en Ukraine : les frappes contre le « Amazon russe » pourraient pousser Moscou à négocier la paix, selon le président finlandais - Le Parisien",Google Actualités — négociations de paix,2026-08-25T07:00:00+00:00,https://news.google.com/rss/articles/CBMivgJBVV95cUxPNUY3clZiNmo4M201QUdMU0dyMVZWZVFXN05CM0RkUkxGTDJBOHd3OHFiYlh5cTdFTU5xLVdzOExNRnNQay1WOFR4Y2t0MkNkYndsVnlra2lTVDF1a0VkWUpEdzJHOF9TY2lqeWpSVFo1aFBPN2tfU1FqaGM4Qkd6bGRLdzB1R09tOFZrRm1VZ2VxMEpwcy10dnd1MkhyLS0xWWItTGl1bkV0WWw4TVBrX0h0WFFaUld2RWVveWRnWUZOZnBrQnkzYWM2aHk0bUZrN0RDbVVGNTI0eV9haWRxNlVfck5mY2wzUnR3U1VXMXVTdGFieGR5Z0xnYzR4dkNZajdpYS1DRVRadmZhTFpUOGJoVjRraWN2SWc2TE9LSzlXaVFVLW1EdGRJLXYtOHdLUHBvUk0xZGhkZEVrOGc?oc=5,"Guerre en Ukraine : les frappes contre le « Amazon russe » pourraient pousser Moscou à négocier la paix, selon le président finlandais Le Parisien",fr,2026-09-22T19:03:53+00:00
433,La RDC et les combattants du M23 s'accordent sur une feuille de route pour les négociations de paix - RFI,Google Actualités — négociations de paix,2026-08-24T07:00:00+00:00,https://news.google.com/rss/articles/CBMi2wFBVV95cUxNcHZyZGJMYlNCOTQzVGJEMnNuRTFYU2QyS2FJem5LN1BMbDFTTVhNb0FBd2FfaTFYNGtoRU8wS2VFYVpkY051MEFSRUVpZTFhMjFVbU9tQW8zdVlEb3h6WVNnbXJJTDNNTWxSYjFCMUxNVDhXekhjclFnMnBhTTF0NVZzemx0RW11dGxBbUg2SWJXVTZYb1lRcUstd2FmbEpVUUVPa0Q0OUhBY2l0cWZ3aXVUWXV0cXpidjZDdnFsTVZ6VzRwYWVzMk54Q3Q1a2VROWJQYkJTamNEYTQ?oc=5,La RDC et les combattants du M23 s'accordent sur une feuille de route pour les négociations de paix RFI,fr,2026-09-22T19:03:53+00:00
431,"Un couloir de négociations de paix s'ouvrira du sommet du G20 jusqu'à la fin de l'été 2027, est - Actualités Ukrinform",Google Actualités — négociations de paix,2026-08-24T07:00:00+00:00,https://news.google.com/rss/articles/CBMi7gFBVV95cUxOLVBSTmMzcFVMWHlCcy1FZThTenhCNlBBUDZnR3hhTFR6OWVjdnFGV0t3dHpZUms1X21uRW5rcVQ2NlNrV1VoLXh3UXBrc29PT0lwX1dQSEdYMjFJZmw0ZUJZOV94WG1TQkZkaE5UTWFScVR0dVMzeVJ5TFRHZnJFZVBpRVRFZUZMdXJNdUhnSVl2UGxSUFdkMlpmUVdwMzRIN2g4YjJHRXJXM3B1OHhwSUdDbGhJYTNsLUZreDMwZnJJQVg4SXhvbkVIQnBmWWV2WC1KWmlrQkhHa2FZN2I3OG53dGdoNTBFMkR0QUd30gHzAUFVX3lxTFBielNXQzhodjN2OU5vNmNDT1lSZEI2VFFuM09YUUs1dTdyallBaERVZEZwNnZ0cUhEVU9EOTVlbXhXTE5ONWtLazJ3ZmR1SlhDd2FVeDlQbDFVS1QwSGlVS2k4T0lOTU0wdEN6ZDNveWlWMnlBWnRJRkdSR2w0QUxOU0tjT0NFYmEzaktrQUVUTGFtcDNJR2JxUUttZFN6UUJsOFlCY1piVVpXUmNOc2Izb1lPaXRBZEFJdlRDdHVlekp1eTNuZC1UOWRhSjdVaFhwTTlFTEtnY0otX0FDeFAwclo2Y3RJbFM2dDdnVWE5dWN3WQ?oc=5,"Un couloir de négociations de paix s'ouvrira du sommet du G20 jusqu'à la fin de l'été 2027, est Actualités Ukrinform",fr,2026-09-22T19:03:53+00:00
458,Négociations de paix - icibeyrouth.com,Google Actualités — négociations de paix,2026-08-23T07:00:00+00:00,https://news.google.com/rss/articles/CBMiakFVX3lxTE8xOEFyeTFSd042V0I0Mmt2bnlMeFkzMHROejJwRjlobkpUdk5DbEd4RmIwT3dPb0Y3dzZVWWRlNzBoM3B5c1F2M29GcDlmYW1JOThjQ0kxVGR2YkcyaThyWkRqWG5yV1ZrcGc?oc=5,Négociations de paix icibeyrouth.com,fr,2026-09-22T19:03:53+00:00
456,La RDC et les combattants du M23 s'accordent sur une feuille de route pour les négociations de paix - icibeyrouth.com,Google Actualités — négociations de paix,2026-08-23T07:00:00+00:00,https://news.google.com/rss/articles/CBMi1wFBVV95cUxPMzE0bDFfTUVvM09pdHVrOENkbVMzWjNwc3VLcW5TeWdGdk9zczY1Y3o5QXJPMlA3WEZiTEx4bGZmUl9BeW01NXhINlgwYVdGMkNyeGR5dWp5V1Z6RHM4VlRmWGxtVTZMbWwwQXNTS0sxTDJaY19MV29MTmE1dElMWWVzb0ZROVVhNmdPXzhHM2paTDhtLW5tcnl4TWxxUXdCeDNZNkt3VHZ6RjRTaTFyYTJYOGRxWEpXZ1o0dUJuTF90WDVlZE83OTFxZjExNTlfQkxSZU5ZQQ?oc=5,La RDC et les combattants du M23 s'accordent sur une feuille de route pour les négociations de paix icibeyrouth.com,fr,2026-09-22T19:03:53+00:00
60,An Expert on Conflict Says Your Relationships Are Doomed Without It - The New York Times,Google News — conflict mediation,2026-08-22T07:00:00+00:00,https://news.google.com/rss/articles/CBMie0FVX3lxTE9LTTRYaGkyc25GSERsdEtzMmdneGlIeUJOVnA4MFpaV2NqSlhrWnJUWWQ3M0dfbFc3dUo1U3RYZTU0VkNoLUxoNnZ3cF8wWE1BdzYycENCUGhRSVBhYldWYmRWLXo3ZEEtdnJ1dHh2NnFsYUFJVExHTUwxdw?oc=5,An Expert on Conflict Says Your Relationships Are Doomed Without It The New York Times,en,2026-09-22T19:03:53+00:00
354,6e arrondissement de Libreville : un vieux conflit foncier en passe d’être réglé grâce à la médiation du Ministère du Logement - mays-mouissi.com,Google Actualités — médiation de conflit,2026-08-21T12:10:25+00:00,https://news.google.com/rss/articles/CBMi9wFBVV95cUxPVjlBanRXVVpSdGFhSW53bVZMRGc0dzNfa05OMXhWOUUyUnJ6ZjFVYmhqTGZmZ0hGUFJ0VnhXLWZsdUxaYW1QQVlkaEd1OF9kMVRGdlpmekNUYmtUcnRWM21wcFNDYUoyZnZzSHlYZjBDVVJIajdtbTZOdjMtc2JZa0pPeEptdDl0amxtLWpxNGdLc09kcEVWeFdXekxOdzVPV2x4YVdtbGpHNjlNeGItUHNaMjhSMGJnTjR4b2ZmbV9OcmhOY2RCRDlQeVp4d0RveEZNOHVaYmNfakd1OV9rQl80ampwX25oZGx4YXhUQTByRjdlVUYw?oc=5,6e arrondissement de Libreville : un vieux conflit foncier en passe d’être réglé grâce à la médiation du Ministère du Logement mays-mouissi.com,fr,2026-09-22T19:03:53+00:00
464,"Guerre en Ukraine : La Russie prête à envisager des propositions pour la paix mais pose ses conditions aux États-Unis et rejette les ""exigences maximalistes de Kyiv et de ses soutiens européens"" - L'Indépendant",Google Actualités — négociations de paix,2026-08-21T07:00:00+00:00,https://news.google.com/rss/articles/CBMinAJBVV95cUxNdUhLWDJqUHZ5V2p5ZnM3eFIzMWlfcEdxQjN3SVNkWXM4R1JPemFTMFFndk1DUkEzalAxdTNnVGxBY0s3VzlPOWhLNXNoRVZNeE95Wlo3QWNSNGxubTB6Sk9YbzMxcGdkU1I0bF9YeklSQ3JCRDRQYWNGeEp3LWdXNXFTci14bkZySW42WHJNdHctc0o5bmRCazc3MDM0UmxSZklOR1Npb3dpQWlnVXBqMHJDa3A5TXdWalplV1VwUkNLOEJMNTBua3dlVF9wSktyZFFROFU0VWxldHVtMUxDa29LSGxTOG4zRm9Jb3JOZWVsekY0emd0NUp6WEstdWFsN3ZDamo4WC1kTnZ0VUV1NklOSXVmR01idlotXw?oc=5,"Guerre en Ukraine : La Russie prête à envisager des propositions pour la paix mais pose ses conditions aux États-Unis et rejette les ""exigences maximalistes de Kyiv et de ses soutiens européens"" L'Indépendant",fr,2026-09-22T19:03:53+00:00
75,"Norwegian foundation coordinated with Hamas on EU policy, documents show - The Jerusalem Post",Google News — conflict mediation,2026-08-21T07:00:00+00:00,https://news.google.com/rss/articles/CBMiakFVX3lxTE5SUjRtTGxTSkZGaUotelhOLUpJTTNsSUlneEI5N0JvWTN5eUZhckNIUTJ6Tnl2NW9id2NxZXZtblZ1ZzNwcFBpWFgzN3UxdDA4bElzR212blNWMV9PbXB3Yl8tSUwtOUdrSXc?oc=5,"Norwegian foundation coordinated with Hamas on EU policy, documents show The Jerusalem Post",en,2026-09-22T19:03:53+00:00
124,"Otunnu impresses, discusses UN reform, conflict resolution and AI - The Independent Uganda",Google News — conflict mediation,2026-08-20T07:00:00+00:00,https://news.google.com/rss/articles/CBMimgFBVV95cUxPblJCanZJa240RkxPMnhrYm9qQ3ZSb19vcE83WFlQWFhZSHV6WlQ4dU5GLVdNZjVwTkVGUXIxZEFVbDFxRExCYUU5R2NRaTRmTFVfSVN1UzEyNk0wdU54djlKNXdkakVDbTdOcWlhaGc2UXJqSllvZmhjZmdVTFpwelM1UXNTMjlVa2pNakY4RXktZDRXekFSYUN3?oc=5,"Otunnu impresses, discusses UN reform, conflict resolution and AI The Independent Uganda",en,2026-09-22T19:03:53+00:00
129,Two-Year Program In “Master Of Arts In Mediation & Conflict Resolution For Executives” 2026-2028 - Live Law,Google News — conflict mediation,2026-08-19T07:00:00+00:00,https://news.google.com/rss/articles/CBMi6AFBVV95cUxOY3I2YTZlbWpZcl83ektvZnBkQTNHMVRnZVMxeTVEN1NCTEctWnkzU29ONkVqRUYtZkpfRS1CNE1FZ1dLVVRYdDBOcHprNGE0SnJwZmNLbzBFeXB1S0FiNEVnbGlLcUFhVDlmaThDblktZXJZRHdxOWdzVHdVa1VKNmVaeFEzMko0cmhVV3R0M2NCRXlCaVNkdm0tVUktWks1Z3BwRER0d2lwRTZYVXcxa21jbEczYTBsOC1ZLVpHM1dmaTlZQWFpQVNqYUhucUlzM2oyMk9oYktITHl1RTFSNnd5UUhLY1hZ0gHuAUFVX3lxTFBiYXVXZFViT0xBWGtEZmdUaGNXcEtqYmJ6T1FDX1drb2pIMmlZMndRU1l2emFadUpJS0d5dEZQR1dlWlROY0RzN0YxeS0xUXBOSkFuYkNoWHAyaklrc3VjUU5ZdFhlNUdBVlFUa1V1dFExdDhBemxlT0ZkdFFFNV9oWTFkQ3NZNk5GYUhEaU9CZEdHZTFGbGtMOHVHY0NIYV9nM0lmYjJuS292SDZmVDhJVy1ncV9ZSFNqZmQtTGxSWDhZZXJUTW4xbnlLUTdSMVlJTWRpTzRVbGR1UXhJX1lMWG9SMFR0VGVzczEwNEE?oc=5,Two-Year Program In “Master Of Arts In Mediation & Conflict Resolution For Executives” 2026-2028 Live Law,en,2026-09-22T19:03:53+00:00
275,"Behind Peace Talks, Iran Hard-Liners Prepare for a Longer, Costlier U.S. War - WSJ",Google News — peace talks,2026-08-17T07:00:00+00:00,https://news.google.com/rss/articles/CBMiwAFBVV95cUxQcnJSaVhVRDBpM2o2QVRmZ2NtR1FhSGtDS2NKbFBBdU1pVEUxS3ZFTTh6eGh2cDlWT0hJR1hJblg3QzV0WW85M3VhYmxzd182S20zdUoxUlh0Mm8wT2FtZnltbWJBbnVLNWlfU3l1M1BPVDctRHREM0t5M1pieGhLbjU5VjctajFqTzE1eVVZMFdRMjNRNl9oTjF2N0lxaFJXNmtadnlNb1FrdzhORDQ1OTRlNEhOUnFxMEY5Q2tQUDA?oc=5,"Behind Peace Talks, Iran Hard-Liners Prepare for a Longer, Costlier U.S. War WSJ",en,2026-09-22T19:03:53+00:00
293,"Oil treads water as U.S.-Iran peace talks stall, Hormuz shipping slows - CNBC",Google News — peace talks,2026-08-16T07:00:00+00:00,https://news.google.com/rss/articles/CBMipwFBVV95cUxPYTNaUjl0QmNOYmVreFlWTmMyVmNmYnZOMDgzNzdlM0dBNXBIOUszQ2VlaHJTd243U2hCV1hQcm44LVNFTjZCRWl3OUF0b21DVUpVY0k0eHFTTWVkbC1DNTdGNTcyZDdhclJfeEpoVURWaVBYTnJDRDBLWkJfN2JWaGFqYm5PMXRNX2ZtWXpFSUtwZWJUUUlQc3NKNFF6V1JzN0ZfZGFiTdIBrAFBVV95cUxNTGVaaGlLcGZsOWZpZ0ZMcV80Y1VFRElNampTTXhYOXhfcF9hbTMycno0WGMxX25FN2FxOHJWTHgtZ1dTdkpEaVJpZkpIemx5TWFCLVZiSEQ4elpFazNUcWlTWlZDaFRjMG4yWE1YZVlYM2RGMmxySFY2eDlLRU9IbHFEak1BQzNPZGlrWndnemlWZVdHVGhuUTNEWVhxVWZjTmEtNmN2WUtLMTNp?oc=5,"Oil treads water as U.S.-Iran peace talks stall, Hormuz shipping slows CNBC",en,2026-09-22T19:03:53+00:00
57,Why UN Mediation in Yemen Needs an Overhaul - Arab Center Washington DC,Google News — conflict mediation,2026-08-14T07:00:00+00:00,https://news.google.com/rss/articles/CBMihAFBVV95cUxNY1FNQWFFX1VKcEJYZkh2a3Z5R0tfaExYbEdnUjVWQWlOUkNPbFlFSTJ5b3ptWnVJOXF4aW5mNW5QSUh5b0lOQlQyVkJCTEsyWEJockVQR0VmN1FWNGZKWHlEQVhMQlB3dGc0X3R1d1N5cHg3clpUR0RCRGxSalhjLTR3S0o?oc=5,Why UN Mediation in Yemen Needs an Overhaul Arab Center Washington DC,en,2026-09-22T19:03:53+00:00
445,Guerre en Ukraine : que cache cette réunion secrète entre Russes et Européens organisée à Vienne ? - Challenges,Google Actualités — négociations de paix,2026-08-07T07:00:00+00:00,https://news.google.com/rss/articles/CBMizgFBVV95cUxQdDVjbHUtOHp2Z1J5aEppT0JwYjZpQXNEY3h3emw1M3R3UllsOG1GRjlEdXhuQ3JXQjhQN3NzUHVFNjFMWjE1TGIya0FiUlN3bFVnS0djZk9HbVpMUHIzRWh1enpBdlhBNHZVTDltQ2RlV3hqRTM2b2FlSkZiMlk1Rk45ZFdtVmJkcUJJcl9fTEVHQnJEVmVXejU0YVJzOU5KUkpBWjBpSFAzWUlXTmJyXzJhR0tUeVUyUkZWMXd2eDljSFBjWUpPeTNQdk9Mdw?oc=5,Guerre en Ukraine : que cache cette réunion secrète entre Russes et Européens organisée à Vienne ? Challenges,fr,2026-09-22T19:03:53+00:00
153,Mediation Center marking International Peace Month - WTOC,Google News — peace mediation,2026-08-06T07:00:00+00:00,https://news.google.com/rss/articles/CBMiiwFBVV95cUxQWnYxUDVPT0VMMXZvUndBWWtCUy1Db2NYUFBVQml1Yk9XaWR5ZzBrczZxcEZ4ckstODNDZ1RNbDhNS3VqSmlvUlhMSkpSXzJOSmszdVE4bWtOTkl4S1BIdFZxUWdpOXZhb1BOcWNrZkZ2d0lWWUR0NUhpNmZVVGRlU3RkWXJYZVRrNU130gGfAUFVX3lxTE1jMzFjVVJUVjBpb3FXMmdYTVRESnVjOG0zTnRZaUhBOExTdEJJV2RMTHF0SjZHTVFLSUk2djNRWlYzLXZ1Wl9DTDJUWjZpeEhrTkx2Ny1jUG54alYtT2JGYnVZNXpQYjhrTnQ3WHl5NzdhSWxXdWRsVHlCRnJyeUc1M0FfT0ZrUmNvVlJRQmgzYnJsa3F2ZEQxbkN0WUdiWQ?oc=5,Mediation Center marking International Peace Month WTOC,en,2026-09-22T19:03:53+00:00
79,What does the Federal Mediation and Conciliation Service (FMCS) do? - USAFacts,Google News — conflict mediation,2026-08-06T07:00:00+00:00,https://news.google.com/rss/articles/CBMiswFBVV95cUxOUm0zcGJUOW12dlpwS3VHeU02S1F5X3BEcTFScDl6QWZyMmd5c3I2MzlBWHR1TndfclZaRFFsS2lYb0toS3J4OV9vRHpDRXdlZ25PcDVLZ2ItYlB6SmFyQjZmeGpUSjlieTBZS3FPZ2lZYlhSZF9VaTU3cWhDZmd3VVlPVnlRVXMwczlYTWNVZ2ZZUUxBWHRwYVNCWkZjOXdnUFFuaFpUMnB0eVVHeDQwTm45VQ?oc=5,What does the Federal Mediation and Conciliation Service (FMCS) do? USAFacts,en,2026-09-22T19:03:53+00:00
156,Hybrid Peace: Private Mediation in a Fragmented World - New Horizons essay by David Harland - hdcentre.org,Google News — peace mediation,2026-08-04T13:44:01+00:00,https://news.google.com/rss/articles/CBMiuwFBVV95cUxQYWROUzVIRmRvLS1VaHVvQ25hVVh5TjNxTC1CbUxRQkFZQkNMS25jVFBJeU5xUS1LZUJiOE5jT1lUMHFHMFpUY2xsUUhyOTdpYV9uM2IzakFaYjh5WTJBeFViRWtCc0NoUmdsaU9HN1QwT3pyMm5IZkpHYUczWC1helA1V1JmYmVkaW51Z284Nmx4RkZwUnhrRUE4ekZPTFg1TWxjbHg3M053TEwzVTdjR3k5TEtJYW80Z0JB?oc=5,Hybrid Peace: Private Mediation in a Fragmented World - New Horizons essay by David Harland hdcentre.org,en,2026-09-22T19:03:53+00:00
460,Soudan : les négociations de paix s'enlisent malgré les efforts de médiation - Africanews,Google Actualités — négociations de paix,2026-08-04T07:00:00+00:00,https://news.google.com/rss/articles/CBMisAFBVV95cUxON3Ric0FVcE5ONDFEWHQ4X2pZc014VE5OSDUyQlF2OVNtSzJDaHJqUWtkMG1LM0RyNGJQY2hZYXRvNXJ6UzVLclkwSWVFal95allZOGtEUkd3MVpWb3habExvSUZEZjhULUhMWXlJbHpXQTVjLVV2R3JiN0dzZ0tZV0Rvc1Z5OS1TTk9qaUJiY1ktZmUzZjNFMU1nbGgyMVBpVktjOTNqMWZUT3hrQmtlTdIBtgFBVV95cUxQM2RWRzJaY3RNdEVvUFBvajNJOU1zN01BZUM5WG1HZnhaZHZwaGIxMllmV3FJSFNMWFBJUzVrdk1Ia1FUN20tNll3MW5jdXhyT0NpdnREZWRjMVlENGlFSEJvRXhRTEtVX1ItUHB3VnBDb2VWZGp3SncwNHVnUlhUV1c1cXFWMEJuaWxpQ09yRWt2QnhJWFAySkxjOEh6LWI5bklya00yNk1uM2hFWjdIX2NoLTJWQQ?oc=5,Soudan : les négociations de paix s'enlisent malgré les efforts de médiation Africanews,fr,2026-09-22T19:03:53+00:00
287,"After peace talks stall, can a national dialogue help DR Congo find a way forward? - The New Humanitarian",Google News — peace talks,2026-08-04T07:00:00+00:00,https://news.google.com/rss/articles/CBMiywFBVV95cUxPUmpxUGhfQ0JneWRMZHpwYWY5OUpFWWpvTzVCR05nUG8zellZTm42UHFmbTRvQWNTQVBSZlVRSGtnRHk5TndXdnZSRnpNVmRvbmtEa20yRWw0Z0h5dGdzNnhjMmV1RXdxSVYxTjlaOTFxTnpCMG9Pc2cxcTZuMFI2aHg5c2FoRjZZSkdvRUUydXdHUXpVMXlwRTNwZGZEMElVal9JN3dTRW9UMEo3aUZaNHUzaDEtWEF2SDNyNmd6dkc4LTE1Ri15Rk54OA?oc=5,"After peace talks stall, can a national dialogue help DR Congo find a way forward? The New Humanitarian",en,2026-09-22T19:03:53+00:00
285,Iran’s ‘Last Chance’ for Peace Talks - foreignpolicy.com,Google News — peace talks,2026-08-04T07:00:00+00:00,https://news.google.com/rss/articles/CBMingFBVV95cUxNQm9vVTVla1hyMXJUN3JlT3U0cEpRdWplcXFyWXRqektEZVVIMXdaVDlBM1EyWExNTnFvdXFGbWVOTV91TTlDN0hEVFc1UllxRnY5RUZ3N1hCOWEwam8yTVk0RU56MXVGeXAtQTM4UHh0cEJQTmdPVTNVSGJyMlNIakd6SWQtVjVZWVZYNndGNTMwSjA5V3JMYjJSN2VrZw?oc=5,Iran’s ‘Last Chance’ for Peace Talks foreignpolicy.com,en,2026-09-22T19:03:53+00:00
230,Gulf shipping traffic steady amid uncertainty of peace talks - Reuters,Google News — peace talks,2026-08-04T07:00:00+00:00,https://news.google.com/rss/articles/CBMisAFBVV95cUxQaWpxYUZIYkdaMkhoNVRrM2ZkZ3NYdWh4aUJEb2pOa29zOFBROGFHdmxwNDZZOHhicHpOOGVlS0FGTC1QdHR4UmRVbmtacWZrc3J4empuUEt5dDNSZTJRb25obllvdEFaQTVQV1B1Q05wRlpwdVpVaEJHZW80MTBxWmViU2d3V0psZHMxMENsV0x3RzBJWXpZV0hlc3MyeWxSQ3dmZllIZzRkaGNvb2ppaQ?oc=5,Gulf shipping traffic steady amid uncertainty of peace talks Reuters,en,2026-09-22T19:03:53+00:00
52,Carter School alumna finds harmony between music and mediation - gmu.edu,Google News — conflict mediation,2026-08-04T07:00:00+00:00,https://news.google.com/rss/articles/CBMimwFBVV95cUxPMGgxbVdtOFE5eXRNcXpCa2lYaV9ac2J0YmZFcDdKUWdvWnZfUWZBTFNjbXVrQW1heFdkVVF4SjNiRzdXLWljaF9vSkVPTG43M0VTX2h5WkJHYnJ0NnY1cWxrSkVQQXpfeDMySm9qVk1oTHNRb09lUjgzd25aeklKMWFvTk1JWUhVLUhrcmJSV1hNR2R0U1BxY1ZRRQ?oc=5,Carter School alumna finds harmony between music and mediation gmu.edu,en,2026-09-22T19:03:53+00:00
296,Trump insists peace talks are taking place with Iran - NBC News,Google News — peace talks,2026-08-03T07:00:00+00:00,https://news.google.com/rss/articles/CBMipAFBVV95cUxPVTRVdUN4Y3k5eS1sb3pqUHk5MW95ZFcyNVhSLVV1X0R4WENjcVJ6aVBidlFLbURNcWdPLW1SSkVzcFI2bmJYejBteENUdWs3TjVub3RnR2Z4UkpiQVVNUUp0YzVCQmxIR3NqYmdOSmdEWU1tYWEtQndIcnprb2NubWFpNkJGQVVqWEZVYWlpeVY5M2ppWGVoYU5KaUdiNUw4SWtsZA?oc=5,Trump insists peace talks are taking place with Iran NBC News,en,2026-09-22T19:03:53+00:00
283,Iran’s ‘last chance’ in peace talks? - The Hill,Google News — peace talks,2026-08-03T07:00:00+00:00,https://news.google.com/rss/articles/CBMioAFBVV95cUxOOGE1U3REN3pndklEWEhJVnVXcFk3al9RZFhpb05pNVJZXzNxUjVfbW5wUnEyZHNCVHIwVUxReFpFMThOeWJ0ZEFBR2EyTUJfUElGQU00d0lWeXRVSmFQLTFKSXR0ZHg3cWtHeTFtUDRDVWRnd0UwQUNlS1N4azFUSW9HRWJManM3dXdqUDVvOTZUSThiVjJvNzktMElFUF9l0gGmAUFVX3lxTFBpNUZFUnBZNGNtX1NHejF5ek9lX2FxUWdsSWJUZzBZZ0pULXBEM1ZfY3FCQU1Pb05rMnhrcGg0WFAwd25MdU41R2ZadE0teVp1NWRaV0RyUVEwVTFhaVRYZ3NOZXBjeDV2OXBiUmlxT0FHU2R4OVI2ckpsZGxhVVFLSkNQTng3MTg3cFk3VGhpR21ZcFEtVC1OZ2hHX1I5cUt2a1BjT1E?oc=5,Iran’s ‘last chance’ in peace talks? The Hill,en,2026-09-22T19:03:53+00:00
281,Iran Denies Peace Talks After the United States Cancels Military Strikes - foreignpolicy.com,Google News — peace talks,2026-08-03T07:00:00+00:00,https://news.google.com/rss/articles/CBMimgFBVV95cUxQcGhBVTkxMzZZVFp0TndUeWVKc01zcnJzWjZwRWRXQmt5TDE5UHFhajlMenFTTFBlXzdHTHZnRGNYb0RVVnJqY0hBYUNUZGlvRWlVT0UxbUhyeElyNVkwMGpoZ0N3aDdqekNzbF9hMFVpY3ZXdVNtLXJDZmkxeHFjN1J2RnpmMWtaSkVIYkhDdm1zUU9LUGNuVFVB?oc=5,Iran Denies Peace Talks After the United States Cancels Military Strikes foreignpolicy.com,en,2026-09-22T19:03:53+00:00
473,Donald Trump annule des frappes prévues contre l'Iran afin de laisser une chance aux négociations de paix - Anadolu Ajansı,Google Actualités — négociations de paix,2026-08-02T07:00:00+00:00,https://news.google.com/rss/articles/CBMi8gFBVV95cUxNaDFMeHZTeG1KSDVBbElpVkowQ2FwZGQ4XzBWUHRWVHltbm9nOWxrUkI4dklOSWltUUFqejgyeGhlaVBGWURqMXBXZ3hqNG5PZUVpZ2stU2ltOVp3Qjcxd3FNYWNVX2RaZFNwcy1uRG9IVzF2OThiQm9pakpsSy1SMFpYQmFfUjkySWI4S0NHNGc1aHZWWTY0cE9RWjQ0emNmYjRYSU1wZXhaZGtGSXVmSklXcTB6ZUFsVXNkR2dPR0Utd0tTVVZORTdObDB3WXR5MWNXMHpnTlBLX1p2cFowOV9tS0tzME1QdWJOclMwcUd1dw?oc=5,Donald Trump annule des frappes prévues contre l'Iran afin de laisser une chance aux négociations de paix Anadolu Ajansı,fr,2026-09-22T19:03:53+00:00
302,"President Trump Says Iran Peace Talks Will Resume, Postpones Attacks - C-SPAN",Google News — peace talks,2026-08-02T07:00:00+00:00,https://news.google.com/rss/articles/CBMivgFBVV95cUxQdFFyTlpNUnpWenVUMnBSX3dNdmo2RTZLaDJBbW8zWHhDRXhoUjJmS0xoeS13X0ZaWEMyclU2MlcwYmZWcDAyVVBBMWt6VFpPTlhiY3pWZVhRRmdROUpEdjZ3R0huUFRPN3hCMnhmRlh4dGphZmFpMExKamkxN0cxZjB3WTYxaWhEbE9XLUFrbWFzYUM5LXFJM0VmbXJoOVB5aERwZHk1UjVpYWozSEEydGJneTlZV3RuQ01JblNB?oc=5,"President Trump Says Iran Peace Talks Will Resume, Postpones Attacks C-SPAN",en,2026-09-22T19:03:53+00:00
297,"‘No deal is just fine,’ Sen. John N. Kennedy says on Iran peace talks - Politico",Google News — peace talks,2026-08-02T07:00:00+00:00,https://news.google.com/rss/articles/CBMihgFBVV95cUxQaGFsZkFpZVdHcDIwQXAwdHhTVDNITHEzNjE5Q3d3c1dhRTUxQzRqQ2tBVmtDajlDWkphN3RaTzhCaWdTUHFIdzNyekhyTV9lV0tvcks0alNVMjIxd0NTWE93ei1UTnltdDFxMkpmbUhvSU9icW5OdEh3NVl3NXgxMW1WVkE5dw?oc=5,"‘No deal is just fine,’ Sen. John N. Kennedy says on Iran peace talks Politico",en,2026-09-22T19:03:53+00:00
446,"L’ONU relance les négociations de paix à Chypre, toujours divisée en deux - 20 Minutes",Google Actualités — négociations de paix,2026-07-29T07:00:00+00:00,https://news.google.com/rss/articles/CBMiqwFBVV95cUxNX0c4TGlVMFI4eDgxeEJfVF9qLXA4dDE1YldyZnlwNm5XclZjanZqX2ZsWndVNFJ5ak9ibDBzZC1ZYTY3bkc2U1VPU0RIak9LaDdEWWd4T1h0dnN1bjUtRkFJbFluMTl1Si1BZWxqVjJ1ZW9PTGtDZ3ZrZWFHVXFjRWt3WGxUc05mVWlJUFlEazhNUjlodDdaTFhoUjExZlNhMTd3N1VOZUJ2RWs?oc=5,"L’ONU relance les négociations de paix à Chypre, toujours divisée en deux 20 Minutes",fr,2026-09-22T19:03:53+00:00
319,Zelenskyy and Trump discuss Patriot deal and reviving Russian peace talks - Al Jazeera,Google News — peace talks,2026-07-28T07:00:00+00:00,https://news.google.com/rss/articles/CBMipwFBVV95cUxQLU5fX2ZoR1o2VnFtYlg2RHVnb3JHU0hWSFloQVRoVmVjZ3BCXzdwcVlDanJDVzZVQV9fcUVoVWQ4T1FQWkt3VHRxb3ZLb1NBUFhUS3d4ZHJVUmdzMEVDNHRKSzk3b3JoMXpfMnlDV1dqa3lEYjk1N2xQa3dSYkFlMUx4cmNNU2kwZkNGanRXREF2MDRHbWVldFcwNHk0NTlNVVJBR2VaMNIBrAFBVV95cUxPTU9jTWF5OHktQVNMR2dMbFhNVFQwM080eUM4TTk1WnFBZW9DRnFkX1VNbldNV0tfeXJ6aWlMYjFtNkUwc29ac3ZfWFhSUFpEbjJDR3dCSVUxWm5CTlBGNFRFaHBXcHlTbFdwcW5Fb05PdjAzMFZ4U0ZuTkJ3VkFsWGZ5OEFTVEtyTm1Cb2RzSThIZDRXWk1KTUVJcEJsNkpzZ0RDbmNmeV9FbXph?oc=5,Zelenskyy and Trump discuss Patriot deal and reviving Russian peace talks Al Jazeera,en,2026-09-22T19:03:53+00:00
221,IGAD Convenes Third Forum of Special Envoys to Harmonise Mediation Efforts for Sudan - IGAD,Google News — peace mediation,2026-07-28T07:00:00+00:00,https://news.google.com/rss/articles/CBMipAFBVV95cUxQNzYxTlRTNjNJOUVCU0tGVERkd2FHTGZLNHluY1g4ekhmZWh4bUxzYVpTNWFkc2xWQ3k5ZHpoa1k3bFVILTV5bGhnRXNiMWltMXA0QmpuYlctb3JpM1M2WlpTNlhSNTBzQnY0N2gxeVpuMG9sWFJtV25iclNqRjFwQ0pPaUNpcnhwS0s2ODhKRjMxMTFwQ0stYnA5bHZUOEdsY211YQ?oc=5,IGAD Convenes Third Forum of Special Envoys to Harmonise Mediation Efforts for Sudan IGAD,en,2026-09-22T19:03:53+00:00
291,"U.S. and Iran pause fighting, Trump dismisses concerns of dwindling stockpiles - CNBC",Google News — peace talks,2026-07-27T07:00:00+00:00,https://news.google.com/rss/articles/CBMibkFVX3lxTE51SzJtbzRPcjctRkx3Z0x3aGJUdm5zaEtkNExTLXYwczlGNUNxZ2V3VTZ4Wm9BOG1JUHdpM3licHFJVWU3d1RGRlE2bFlMN1NNSEFIQ3pPaS00TmpPcVdrODNaSFlWVDBSWTRqZTRn0gFzQVVfeXFMUDNxZFJCcW1MQVBXb3JrWWxhSFVLTVBOQlhFOVl3Nm9PT2xtLURudDkydFdsaUM5RmZUWUx3S1JpUjNCZkNTLU9EVWw0MWxCRlhvNWpQRGJscFE2bmZnNVRVUUJMOFIwRnJtX25RN2EtcWJMSQ?oc=5,"U.S. and Iran pause fighting, Trump dismisses concerns of dwindling stockpiles CNBC",en,2026-09-22T19:03:53+00:00
178,Rethinking Peace in the Middle East: The Rise of Regional Mediation - Next Century Foundation,Google News — peace mediation,2026-07-25T07:00:00+00:00,https://news.google.com/rss/articles/CBMiqAFBVV95cUxQT2hyei1ad2o4UE51TS1fQTU3dF9pZUtqaTdVbFF3SFlZaHc4NG9LV1hOU2Q5am1ycGlQMWdjSVRwdjZ6M3I1cXFRakwwRGVGN2huMmpWM2d4bU13Sk5pU19wTHd0cE9ESk5neGNCbjhRYkREanlpQWZBWjJjakFUOVdVR0s5R0d6UFhQQzJueThxejdvSS1jeGRDNWk4dWpzZGNtU1JidXg?oc=5,Rethinking Peace in the Middle East: The Rise of Regional Mediation Next Century Foundation,en,2026-09-22T19:03:53+00:00
77,"August free ‘Finding Solutions, Growing Peace’ series talk focuses on conflict as opportunity - Big Island Now",Google News — conflict mediation,2026-07-25T07:00:00+00:00,https://news.google.com/rss/articles/CBMixgFBVV95cUxQUERKNmVQelBnZzJkY3VuaWJaTWc1dXNFdmdQbHhyZTh0SXFkN1IxbWFSWVQtX1cxUGJ1bzNma3lwTXVISklJa2FiSGZvbjdtdFF2ZFZud0w2bkhfb3RyLXdpbFo1ZlFmSks3ZnpMMURBanMxTmlId3lOc0dRb2NRWW1DUFdJUGhDa0hSOEdwWlMxRjZKa25ScEs2aXRIRkt5NjFLQ3JvR2VsQ0NpbThqbGM5NlFVT2J4OVQ0a3NFbmYzaHRpNnc?oc=5,"August free ‘Finding Solutions, Growing Peace’ series talk focuses on conflict as opportunity Big Island Now",en,2026-09-22T19:03:53+00:00
303,Trump considers ‘massive attack’ on Iran; Pakistan reportedly seeks to restart stalled peace talks - CNBC,Google News — peace talks,2026-07-24T07:00:00+00:00,https://news.google.com/rss/articles/CBMieEFVX3lxTE1DT3ROTDZjaHVoV0g2VEdyOERTeHQyZU9hUW1QLTh4NVltaVF5LW8xTWdPNy1oeVRycXVwcVJyd3JqNTlfX1A3aFdzVlJzSXBucW5uM1lWRUR5Zi00VDBOSkFuMjMtZmE0LWdHVDFDMXdUbnpnUl9STNIBfkFVX3lxTFA1MmUxNnhZQ090aXloVFpVRkFvdWxhelcyYVZSUkZiQ2NHXzJEZWxaanZ5MjI3eWljemh0MEwtNl9vVjNkTDVNR2FjUUVGUUQ4ck9VVmZORExYbjM5T1NSYWtBalZ6TE9iTjhEclN2TWpRc0JhS2FRX0FkVDFDZw?oc=5,Trump considers ‘massive attack’ on Iran; Pakistan reportedly seeks to restart stalled peace talks CNBC,en,2026-09-22T19:03:53+00:00
122,Modern and Traditional Conflict Resolution and Peace Building - Borkena,Google News — conflict mediation,2026-07-24T07:00:00+00:00,https://news.google.com/rss/articles/CBMilgFBVV95cUxNUV8wRTZLem5sRC00QldzNEdSWU9rY1R0bDEyVkpfcEJ3ZE1lMUUtZTJZM1JDbjdvd2JPb2ZlMmxwbGdnWUJaUzlWdmU4aTJleHFwRDZ6MW1DS282amNzODgyeHp5d0NkOVNTM2hIVmpRLWdmb1ZZZkt1ZF9QdWhoOEhtdGJ3YW41VEg5U2N5VGZxbHRMR2c?oc=5,Modern and Traditional Conflict Resolution and Peace Building Borkena,en,2026-09-22T19:03:53+00:00
439,Ukraine : le Kremlin écarte toute accélération des négociations de paix malgré les contacts en cours avec les États-Unis - Anadolu Ajansı,Google Actualités — négociations de paix,2026-07-23T07:00:00+00:00,https://news.google.com/rss/articles/CBMilgJBVV95cUxORWN0MEZnMVBiSWZsQ1lnNlhGNmxWUktFdXBzc0JEZTFSejNPRG00ZVdEMnpsbV9BZnUwMHp6NnNwVzhmbGxRRmU0d0JsaHR2TUpra25rQ1BTTng1YWhMNWRrcDA0eXNOREhWOFhuYWRNLTNvc1FvaXNsZ2J6dVdjZVVzTHlpclF4TFBZZnBzVXF5M2FEMnROYXVDd21ETHIzZmNHV0Fqc09vY2x4eG9jNTVFXzdNQnYyRHBfVmhiaDdtRHpwODdqMDhpTlhEQVBGcTdicnJRektJUjJZMWlxWnRMNEJRR28xM1RtN01HcmtjZzB4MFhSc0N6SDVEX21LMk85alpJVmM2M09rT3RwejhKYWtqUQ?oc=5,Ukraine : le Kremlin écarte toute accélération des négociations de paix malgré les contacts en cours avec les États-Unis Anadolu Ajansı,fr,2026-09-22T19:03:53+00:00
192,Egypt Sees US-Iran Crisis ‘Bridgeable’ as It Pursues Mediation - Bloomberg.com,Google News — peace mediation,2026-07-23T07:00:00+00:00,https://news.google.com/rss/articles/CBMisAFBVV95cUxPWVpLQkh3ay1FS1haSG9Eak43ZlEyR1pLMExvbTd5Z0h6ZTVyT0ZvRnBNSTRKSjZvQ0k5b2dzZ25HMnFCTkF5U0NNNTk3RzJPQ1JqRUg3bGxsNmNSMEJnRjhpQUFMYVRnaW96UGdmMURDWThnRVdsYzk4S0IxV1RySm1BR3ZJcm9MMGtBbWE4dXV6U3E5X1RiX3JWN3RsOWVrSFRUVl9jMmV1dmRYQ3RHbg?oc=5,Egypt Sees US-Iran Crisis ‘Bridgeable’ as It Pursues Mediation Bloomberg.com,en,2026-09-22T19:03:53+00:00
173,The missing half of mediation - Al Jazeera,Google News — peace mediation,2026-07-23T07:00:00+00:00,https://news.google.com/rss/articles/CBMif0FVX3lxTFA2ckNYYmR3Q2NzZXdzbEtzRjlmbHQ4UkxXRjAwT01lTy12UXI0YXdxa3NuZWNkalRwYnRjSVNFSFhvMWowZ19NaGFSdGNwYm5pdkpRbi1iXzN2VzVlYzlSUnBITXBqZ3JkSXd1QVJiaVN0czdCaDFkaFZxTDNlQ3PSAYQBQVVfeXFMT1BzWVlpVExSLXRhNFNzbXZ4Wno3d0tMVHM2LTFJY00yT3RDOHhxbkFyMTAxR3JBT2pXdmtjdElIOHFJWF9lcUpjczR5RVBkYUQtbVBYeklxNEJqc25hamcwekx2eG53a2RiNU1WVjNXMV9JenUtMlN4X0M3c3NfT05DNHVF?oc=5,The missing half of mediation Al Jazeera,en,2026-09-22T19:03:53+00:00
83,Destin adopts conflict resolution over Holiday Isle park - The Destin Log,Google News — conflict mediation,2026-07-23T07:00:00+00:00,https://news.google.com/rss/articles/CBMiuwFBVV95cUxNNkwyR0tFX0lINkZOeGdyM1VUbGtOUGgySG9GT3dDMlZwSUJidmtLNVYyX2pVRnlCRG1ETE9hRHZDR3pBcGF6Y0ZfX21hb1U4M1lDMGNjMU52b0x4NjZVZXNsalFJaFB5QkRxSHlCQWt2TW1famNvNVZtTjF4VllwZTJ6Vm81ampNdjhMMmIyOUFEdjZMZUoydzBJWFhxd00zdHRrcHZlaUdnLTFiOFRtWHM5WkU0WFA0WGRz?oc=5,Destin adopts conflict resolution over Holiday Isle park The Destin Log,en,2026-09-22T19:03:53+00:00
432,Guerre en Ukraine : Volodymyr Zelensky appelle à nouveau Donald Trump à l'aide pour relancer les négociations sur un accord de paix avec la Russie - ladepeche.fr,Google Actualités — négociations de paix,2026-07-22T07:00:00+00:00,https://news.google.com/rss/articles/CBMinAJBVV95cUxQU09xTjVSYmRCR3h2VzExTmI3WVduM1ZBQXl5YS1tUDBTSG9nSWJoUE5BU3hqMm5WaGVsOFIxdGI1QVJYRE9TSlBsRG5mdTc4d0tXSGtlRGRyXzlhTXB5WTlrTnhqb2JtYW9fYjE3cEh6dDl1cVRJTHRPb2ZlMG8zbEE5aFlOUEk5TEY0X2JXUXRFcm16eFpjMFJFLU84UDVRcFRvR0RZdzVraEtEbDkzUEVzUGY0eUNaTkEzaTU2a3FSR2NaTEVNUnpydkliY1FZRWNody1qMU5LaVV1LW1ETksyZmk3a3EyS0VEUFpYczU3eVJyaDlfTnlleHg0VFExNzdjYmt6Vm9aS0FuZ0c1bE13eWtMcTY2UmpueQ?oc=5,Guerre en Ukraine : Volodymyr Zelensky appelle à nouveau Donald Trump à l'aide pour relancer les négociations sur un accord de paix avec la Russie ladepeche.fr,fr,2026-09-22T19:03:53+00:00
195,Iranian President says Supreme Leader called for end to “neither war nor peace” state as Pakistan pursues mediation efforts - Middle East Monitor,Google News — peace mediation,2026-07-22T07:00:00+00:00,https://news.google.com/rss/articles/CBMi-AFBVV95cUxPdnloVTBUM3A5bVNfZndBWHQ3NzVzSWZ1a3BnRDduV0p6VV9qVFFsd2hrWjRlR1owVEd2SUlvSzZ0SmdPN3JzdkF0Vnl0eHhtSUxCMXlkSDB6OTNKR0RGWnNMTkVEcmkybUlQZDZFYVIxZ0RyUENkZXlsN2lMRTFDUl9HVWRzWXhFN0FWa0VwSS1rbTdGRE1SZnZHWk1QRnJZSE5lcjJDTjJJd2hkYnJYS3JubkFpX192WXNHbERvZ2VwV2FOcjk2Yk1pN0N4UlNHMkJmNVU5bkFtWTlaQTl3OGZjdjAxQTk2ZGhsRVlBSWRFZ0ZBYW5KaNIB_gFBVV95cUxQUWh3NWI2U1NuT2ZuenBKV2tDb3RPODF4VTA1Nm1aYTdpSlFCcko0U2kwWkxUZHBkRThicEQ3NHdWR2l6TzV2Vk52endBWDhLNlB3VXhPZGxXekdVVTkwZkRXTXd1Z2JZTkN1QUdGeGtvcEJuMlE5c2tydWtqVEluTkZ2OVFyQjJGQUNHUGU4ZDFpdmJfcU9hTVpGNVlEYTFoUTlaUFFoNjhldEJ3STg3TGRQRUVMUmp4Vm9hWkc2enM3RDBJQ0h1NnRlSUY4a2lNSUJKdF94S05DUTkzMHdJSC1BcE1TUmNRRjNPakVSeng3ZFZMVmpTeXoyNXJpZw?oc=5,Iranian President says Supreme Leader called for end to “neither war nor peace” state as Pakistan pursues mediation efforts Middle East Monitor,en,2026-09-22T19:03:53+00:00
155,Mediation theory meets practice in Switzerland this summer // News - Kroc Institute for International Peace Studies,Google News — peace mediation,2026-07-21T07:00:00+00:00,https://news.google.com/rss/articles/CBMimgFBVV95cUxNNlFUWTdkSkxoZWMzSWVWZzJLc3F6MTZTdllRTXJtZHYwUmlXQlRnLU8wREZpZ2VHX0FuaDh1VzIzOFhBSUtOelpDcHRFZEtFOFVuc01SWnhDM0ZmTXVCb25fSHNhMDhKZUtSVS1aWDJsQU1zN3NseThVTm16QUxyLWRqc256ckFpR2Z2OFVSODNNb0dFUE1PYmRR?oc=5,Mediation theory meets practice in Switzerland this summer // News Kroc Institute for International Peace Studies,en,2026-09-22T19:03:53+00:00
74,"Denver anti-gun violence groups, police push for better conflict management in the wake of deadly shooting - CBS News",Google News — conflict mediation,2026-07-21T07:00:00+00:00,https://news.google.com/rss/articles/CBMiswFBVV95cUxOX2RkN0R6VUVwenlWVWgzbWFZR3A1Z2V1YTRucHdLMTZ2eU9YWWdHTFZEeVhNcC1zd2FYYjMwVnhBck1PTEt0bVRhMDlld2VXTjNHd2NtOVYwZ19UcHptWnFVajhJOG5yRUlRcDV1NFRDU05aeC16MWh0alctRURNUjBnV1cwRmlHdVNRcTBfeTBKUWFEWjM4YUE1UHVlZm03NTBCZm9YWFh2bWVmQVZDZktiTQ?oc=5,"Denver anti-gun violence groups, police push for better conflict management in the wake of deadly shooting CBS News",en,2026-09-22T19:03:53+00:00
301,Kremlin says there's no immediate prospect of resuming peace talks with Ukraine - Reuters,Google News — peace talks,2026-07-16T07:00:00+00:00,https://news.google.com/rss/articles/CBMiuAFBVV95cUxNQ2dZaWF5V0pGZC1vU252Qm9fY2dzeEJIRXV3aFhXemR6T1F1cXd2VEhoc2c5X2RZaEZjZ3JtZGRJa1JnWG9LRkpnY2JSWjYwMVNXalhRN0Frd1g0MzJYekdtdVVCZThfcGFsQTQxdGw3NzZyc2Y5VXBHNnY3MmxuckUwaHc5dFJOcTc1cGQ3d0EzMEFTemZVUWRMa25HZjVGc2IzaVdBV2NyOEtLZEZtQklSRE9yTnhH?oc=5,Kremlin says there's no immediate prospect of resuming peace talks with Ukraine Reuters,en,2026-09-22T19:03:53+00:00
317,U.S. launches fresh strikes on Iran amid stalled peace talks - NBC News,Google News — peace talks,2026-07-15T07:00:00+00:00,https://news.google.com/rss/articles/CBMirgFBVV95cUxNVDluSngza2ItS085aTl2YV9obTZCZmxkWTFCWG9DcWM2V0lUeDZkTG01bHBJcDkzUVQza3BUSGhSSU5WWFp1YTFQMkZfdy15UmhfclJmWjA4SU84NkNldF9lRDR4ckV2S1VleFV4SnJZSUowX2o0Y19SQTc4Y3pqcmxqRUhSa3c0RnhjbmVFMXRUUUFUNEhDWTd0YmRxN0lJMzZPQWtBZ3c1SWN0MHc?oc=5,U.S. launches fresh strikes on Iran amid stalled peace talks NBC News,en,2026-09-22T19:03:53+00:00
172,Event Report: Public Symposium with Libyan Ministers and Practitioners Held to Promote Japan–Libya Dialogue - 笹川平和財団,Google News — peace mediation,2026-07-15T07:00:00+00:00,https://news.google.com/rss/articles/CBMia0FVX3lxTFBQd1d1dzlscjFDZExmWlhIVTNyQWdxR2ltNWJPYUo4emt3eWlXdDFKa2FWMlVadlFxMEROVFBhNHJoUzJOR2dHbGE5VTdURWJONnQ2R1pvTVpnSDlXSVFCWHVxZElMWFBRT29B?oc=5,Event Report: Public Symposium with Libyan Ministers and Practitioners Held to Promote Japan–Libya Dialogue 笹川平和財団,en,2026-09-22T19:03:53+00:00
196,"Sudan security council welcomes peace mediation paper, confirms positive engagement - Sudan Tribune",Google News — peace mediation,2026-07-13T07:00:00+00:00,https://news.google.com/rss/articles/CBMiUEFVX3lxTE5mVEJRdVgxb05JOGg1WXlicGVSaUhUNjd3VWw5bklJaVVCcTlwQWlfNnJTTkdBbUR5VFRFYTFrMFpicWlfOGlnRGl5WWYxbXRw?oc=5,"Sudan security council welcomes peace mediation paper, confirms positive engagement Sudan Tribune",en,2026-09-22T19:03:53+00:00
467,« L'Ukraine dispose de deux mois avant une escalade de Poutine » : la mise en garde du président tchèque - parismatch.com,Google Actualités — négociations de paix,2026-07-10T07:00:00+00:00,https://news.google.com/rss/articles/CBMi5AFBVV95cUxNa3FpZFBNMGs4bFBrWGxXclp5WUtfcVNkNU1zR1BwOE5PUVdxYVRpb05PaHJDcWctNUFVVjN2Y3d2LW45YTI5MDVRRDVta2JaaGx2a1Q3U1UzZzI2TFVhMXpyZE4zazBuei1lZVh2T1J6bmw0TFdjZk9LTWFiSkdvRVg3MFpqUHpBWmNEc25ZUUdQSkJsTnhqR0R4WmhFSkRocVlOVnBSQkstSElkemh2MXVQS294R0RFY2Rib3JfZTRlWUoxN3hiYUZLX1hlTmM3MDZOX3Jqd1JnZ2NZMkh0VS1keFk?oc=5,« L'Ukraine dispose de deux mois avant une escalade de Poutine » : la mise en garde du président tchèque parismatch.com,fr,2026-09-22T19:03:53+00:00
331,La C.-B. nomme des médiateurs dans le conflit de travail des infirmières - lactualite.com,Google Actualités — médiation de conflit,2026-07-10T07:00:00+00:00,https://news.google.com/rss/articles/CBMiqAFBVV95cUxPb0xSMWFsckZpR1d3RzlHZmpXanE3VjBSWnM0SXhQU0dwYmxMWnRubnZCRHdqa0dmOFo4ZkdFRWliVTBQV0RjOUhQM2hzTk50Z1FnZ2lLOGFEQ1RhUlhSX0N5LUowM1BHTC1DM1hOaUVrdDFGdDVZQTZEYjFib2h5TFhoOEpHRW43ZGZidVhJUEFlT2V0WUYyNFgxa2RoaHJZMGRWWlRuWE0?oc=5,La C.-B. nomme des médiateurs dans le conflit de travail des infirmières lactualite.com,fr,2026-09-22T19:03:53+00:00
313,Trump Says Iran Peace Talks Will Continue Despite End To Ceasefire - Forbes,Google News — peace talks,2026-07-10T07:00:00+00:00,https://news.google.com/rss/articles/CBMi4gFBVV95cUxOa2NiN0M1Q2ZRUzRJOVlmdDhkUWZ0cHlmaWk3bDNuRUJQZlFMeF9kUVQxMzlyUmJWeU54T3lFLTRVdDktWGw5eGNEekxPNnBoX0RqbUJPSklUUTNpb2JHOTdkOVhFRXJDTHFDMjZPUWpIa3BtV1NPakdNMVJnbXRvYUlhMFlmaGRYc3JndGoxS3dtVWJlNnA4aExGY2lYckdyeUNvWDI5LVNuaGJlX181X3dpVFhiNnJiX2JsNjVlcHF1SVRRNFdUbGxVc0RPMV9nakNhd0VkaTVkTGNXSzlBLWh3?oc=5,Trump Says Iran Peace Talks Will Continue Despite End To Ceasefire Forbes,en,2026-09-22T19:03:53+00:00
299,"US-Iran war: Will peace talks resume, and when? - Al Jazeera",Google News — peace talks,2026-07-10T07:00:00+00:00,https://news.google.com/rss/articles/CBMilAFBVV95cUxNNS1tT1FpZHlmNTlrblgyWnlEOVB4Yk5lbW9hUlVCZ1BiYTFhU2RaNFdDekpxR20zVjl5ZWVLLW9NU2xqUnZ5UjA1Y1N2V3dSOTludGhqaHNjb1NDM0hNNk9tVXdwT0JVeVRTZmpwS0Zldjd6aWxUWl96MTFiTEYzUmI1TWszRTNLVWdqRkIyTUxqdWdh0gGaAUFVX3lxTFBrRUdnNUIwbHY3Sm93M1B5cDZudUdvdEltWjRIYnpULXg3bWd2bTF1d2s0T2lOdkNmM3RZRG83d3JOSFNla3NNclhyNmV1YTBGc2REYUFsanZTbG1mNEdyNHFtYmE0QlF3d0ttd1NZemktcU04NkRYVzVQcE1nWllCTGlyRDNXREVEdVlBeTF4UnRwaFZuU2xwNVE?oc=5,"US-Iran war: Will peace talks resume, and when? Al Jazeera",en,2026-09-22T19:03:53+00:00
270,"The Time Is Ripe for Russia-Ukraine Peace Talks, But Putin Could Escalate Conflict - cfr.org",Google News — peace talks,2026-07-10T07:00:00+00:00,https://news.google.com/rss/articles/CBMirwFBVV95cUxPSEZGXzZINjJ2VnlsMndycFg3cEV1cGJLcVlwek1fdl9KM1ctdERNOHpLSmVySkdjakpBMk9YZFd6S0QtN1laUDBINVNESlc0ZEdEYXJudDJuQS1pNGlnTHRHN09oYm1kZ3lkSVhieDYyUURad1JrRkN4ZkdHdF9HUzVmaklULTFQbGdOXzEyME13eVNyN29ndzFJQ1MtWF9ZeThCaTlxZHRMNHVRS3Jr?oc=5,"The Time Is Ripe for Russia-Ukraine Peace Talks, But Putin Could Escalate Conflict cfr.org",en,2026-09-22T19:03:53+00:00
180,Examining Sudan’s Humanitarian Crisis And The Failing Mediation - The Organization for World Peace,Google News — peace mediation,2026-07-10T07:00:00+00:00,https://news.google.com/rss/articles/CBMiigFBVV95cUxNZ1k0VkQ1N1YyczliSjUwV2VqSDR0X1daVHU0QkdSdjhYYUM1UWNSNXlQcUJJS3phZW81QXZxRS1fdXQxOFFlb3ptZjFPVS1vbkJiU3c1cG01SDlZVVBOd1pQb3ZPVXB4SGs1SlBYTHZqbmkzejB4RnRTWXN3UmpiNkJMbGtxb0JmQnc?oc=5,Examining Sudan’s Humanitarian Crisis And The Failing Mediation The Organization for World Peace,en,2026-09-22T19:03:53+00:00
69,A World on Fire Needs Australia’s Conflict Mediation Prowess - The Diplomat – Asia-Pacific Current Affairs Magazine,Google News — conflict mediation,2026-07-09T07:00:00+00:00,https://news.google.com/rss/articles/CBMilwFBVV95cUxPR25abURZS3k0UkNtT21iM2JEQVBPdzVLdnBvN1pYUDE3SFRVak5FaS02MTh2c0cyQTJVSVBldXA4YUE5czlPQVRkdkllS0k3QnJFVjhMdVVINEE4V1MwZXJ0cjRUdjgzMWVaM0dpenR1NGZBTFRqY25OTVFYSmpQMURxWGZnYUthcXdPc2JZSFpRYmVCREZF?oc=5,A World on Fire Needs Australia’s Conflict Mediation Prowess The Diplomat – Asia-Pacific Current Affairs Magazine,en,2026-09-22T19:03:53+00:00
54,"The Future of UN Conflict Prevention: Mediation, Diplomacy and the Responsibility to Protect - International Crisis Group",Google News — conflict mediation,2026-07-09T07:00:00+00:00,https://news.google.com/rss/articles/CBMitgFBVV95cUxPcERlWWs0UHdoSzFPZTVPSW9nN1RfTHdYTHZNQnVESVNoUHk1M3VHUWNjbTRkZ3dJaXFOc2lYTExGV3RCSFVyQjY4SWppQkludi1HOWluNUsxeXRPZUtPM2Q3bXZGcDhibnJFVXdvZHp5N0VjcktkbHRXT01iaWxIdko0b0tfVEdKOHh6SGM2OGg2Qm5keHZmekdMM2hlX2laT3NPdzF3WWtvejlkVlV0TTk0cC1Ydw?oc=5,"The Future of UN Conflict Prevention: Mediation, Diplomacy and the Responsibility to Protect International Crisis Group",en,2026-09-22T19:03:53+00:00
65,"Mediation Center launches free program to help at-risk youth build life, conflict resolution skills - WTOC",Google News — conflict mediation,2026-07-08T07:00:00+00:00,https://news.google.com/rss/articles/CBMixwFBVV95cUxPUkUyVGRVSHhqNjNtZjRHc3NmOG5mdWdZTDJObDFiTFNrdndsV0Y5ZTBWM3RROXlwSGlvNlRuV3FEcE5mR0hSSHpzLURpLUZfMEd4TWVEQk5NTG9LVDhvMmQ1RG5ackNFNFMwRTVLQ3o2RVprWm9xWjk3NW9XT0prNXFGaVZaVDFTQkJVRkxYXzdBYTNqcXpfUzJ6aWJ4MUF6TWRqOVJvcE1wMnNYcDhZWWNhdXdaUmI5bUYxcnkzT09SZnptejdR?oc=5,"Mediation Center launches free program to help at-risk youth build life, conflict resolution skills WTOC",en,2026-09-22T19:03:53+00:00
58,Negotiating War and Rethinking Mediation in Africa in a New Era of Conflicts and Global Disorder - Amani Africa,Google News — conflict mediation,2026-07-08T07:00:00+00:00,https://news.google.com/rss/articles/CBMiwgFBVV95cUxQUW5xMVdYTTBpcF9qTHgwbzZ2aXhvWEZndW9haXNPX3ZKQUFYeUJhdk5FODYxcUhkRDRBNHVIZllJeWxfdVZvWGNWeEdseWVqWFhFd1o1UHZfeWJlcWtYbjE5X2pwRy1uQ09ueF9JMEFKQ1FkTTkxdVNXRkc5aXdxd2IyQjFJNFBWMjRPY3BTc3ZOQ0daYzlMdWg1WS1Qdmd0Uy0yZklIZVhKdnpZdkt5VVFlU1NEYm1oQzJhWllpcXpzQQ?oc=5,Negotiating War and Rethinking Mediation in Africa in a New Era of Conflicts and Global Disorder Amani Africa,en,2026-09-22T19:03:53+00:00
116,Lebanon Enters Conflict Management Phase as End Remains Elusive - ASHARQ AL-AWSAT English,Google News — conflict mediation,2026-07-04T07:00:00+00:00,https://news.google.com/rss/articles/CBMipwFBVV95cUxObXg0SEJOWm1iTlc3TWd1VkZ4TmRNOHN0VXBCUnRocXhwTU03VkZFRE12SlhPb2Vyc3pFYWRoQWgyTXNiT1dIOUIycmN4Vll6YnFOQ1lkSFJJVTc4WVYzN2lzd1EtRXYxd0E1Ny1FX0RtVTlSR1RZRzZtekNyYXU3STRDclVLeXJnR0J2SXVYR0lOY2pIRkZoNk9nYkFtNEJZZElpeE1IRQ?oc=5,Lebanon Enters Conflict Management Phase as End Remains Elusive ASHARQ AL-AWSAT English,en,2026-09-22T19:03:53+00:00
337,Conflit au TICE : une nouvelle demande de médiation déposée - Le Quotidien.lu,Google Actualités — médiation de conflit,2026-07-03T07:00:00+00:00,https://news.google.com/rss/articles/CBMioAFBVV95cUxNZWppb0FMcTlCVnhuWVpmUFZyVHROSEN4YkQ0V0gwb0cwREl5XzdJWVRWcXdXaHRyaDdEUGplTVFKcXZkWE1LaWQxMFFVVllUQW5OMDF6MC1abktrT2NRa1RkQ0N0UXNUYlBXUFlhZ0htb3JaVlctWTJ0VWZGV0lPc0JCVVkwTGM4N3BGSVN1c0JjT2daVVVsWFFGWTUtU3I2?oc=5,Conflit au TICE : une nouvelle demande de médiation déposée Le Quotidien.lu,fr,2026-09-22T19:03:53+00:00
340,La FGFC sollicite à nouveau une médiation dans le conflit au TICE - L'essentiel,Google Actualités — médiation de conflit,2026-07-02T07:00:00+00:00,https://news.google.com/rss/articles/CBMivgFBVV95cUxNb0QwZ0NqakI0VE5weFU4T21MelJsQzBGU0RyaFpJZXE3QW9VdC11TTNleXlWdEUzOTlfdzFqblpHZ190RkdnOWlhTnh2NzA4clZPbEN4cVpWVVNqS1JIdWQwazlxV3BwMHpyZzRTZUowZ3I3YWRTUGNuemRqX3lPN3ZVR21IMGxjRktHZjl0OTFHZFU1NnYwemZrMGcyb04zdHo4Y1YyZjJIYmZiQVEtVnZNWU1EZ2w2b0hNSXpR?oc=5,La FGFC sollicite à nouveau une médiation dans le conflit au TICE L'essentiel,fr,2026-09-22T19:03:53+00:00
89,"How do mediators construct legitimacy? Insights from Sarah Stroup, CMI’s first academic-in-residence - CMI - Martti Ahtisaari Peace Foundation",Google News — conflict mediation,2026-07-02T07:00:00+00:00,https://news.google.com/rss/articles/CBMiwgFBVV95cUxQejVpZmZVQWROMEVCa2Z0M2dqN01OQ2hJQUVyYjJNQm5kN0k4dV9vN0JSUXJ6ZDIxVnd4dk5XZUZteldobFJGbFNZUzhSNnNPbUYwTFBPUWV0UWpOVUVjVlVxUFNBOUw3dHJIMlFDT2preXJXT3ppODFpQWw0bGk4SjhaMlg2YW80dElTWXVESlQ4azFxWkhvZ3pPTGUzdnZlTmtrLUlDVUNTMzQ1MGJUV1Z0RGd2bXh4Y2pnWHowUlIxUQ?oc=5,"How do mediators construct legitimacy? Insights from Sarah Stroup, CMI’s first academic-in-residence CMI - Martti Ahtisaari Peace Foundation",en,2026-09-22T19:03:53+00:00
455,Ces désaccords internes en Iran qui menacent les négociations avec les Etats-Unis - L'Express,Google Actualités — négociations de paix,2026-07-01T07:00:00+00:00,https://news.google.com/rss/articles/CBMi8AFBVV95cUxQSVktRUtLVnA2YU1aUlZOTk5EcnNweGY2M2FzcmhxRUFOOXJRT09GM1VabTBLNXFjT0QzcUxLSm9XV3dIbW9zdU9iZHdOeExUV3AxYVV4YTJuTWl1SUFDZzJwLUVBcmlNbUtIa3AxY29IRmIxLTI2aU9sS1lTTzF6NERsSmZBeFUyREtUWlZDMTZHNlJia2tQeHVURzJELUYxUFNHLWpUbGg4OVN4MEhnQ3lCNDhjM2tSOTZreWdjV0ZQam1KTDhucXFSMDMyZTd4SnIxWWFhY0FDS19QaW5wVW5qd2REdGsxTjVHbkFHVC0?oc=5,Ces désaccords internes en Iran qui menacent les négociations avec les Etats-Unis L'Express,fr,2026-09-22T19:03:53+00:00
493,Accord de paix Iran-États-Unis : le Qatar exclut toute discussion directe entre les belligérants alors que les négociations n’avancent plus - Midi Libre,Google Actualités — négociations de paix,2026-06-30T07:00:00+00:00,https://news.google.com/rss/articles/CBMikgJBVV95cUxNNDdCdEtfV2c1djFJemxSVFdLczFDNTczSFRkVXhEcG44d3YxYldnMzBORzNianFBNkpSNE1EMlJCbjVHNmNCNjJjZDk0dldyVDZDZ1pHMERrd1FhbUJWNnhjQm04YW0zUklEd19OaWdyMm5JbW1ZRnNMTDg2YmxCSVNRYnVRUG1uSXJvaDZ3MFhpTnJRZXk5VFlwVTRqSFJsY1NFZ2JPSlJORzBNZjVXN1Rwa2dXdjBMN05hMVNlVGJMbWZVTlhJOTFRMW5IQjJRUVFKcHFxNnZOV3dyQzZFTnhVaVdKZHY4amJOSkJ5d0IwY0RrY3VOa3Z2RXRiMGRnT1FjM2RSYVpzazJvZlptQ1Vn?oc=5,Accord de paix Iran-États-Unis : le Qatar exclut toute discussion directe entre les belligérants alors que les négociations n’avancent plus Midi Libre,fr,2026-09-22T19:03:53+00:00
292,Iran's top negotiator says country ready for war as peace talks inch along - CBS News,Google News — peace talks,2026-06-30T07:00:00+00:00,https://news.google.com/rss/articles/CBMilgFBVV95cUxQaGFGOW1UbXp6UGVFUm9OallVbzEweHphTnF1cFNoOFp0OS0xX2NlUVdnc1VvUWZTdW9qZDV0QXhRcXJVaG1SRzlvbUpiSmFjRER1UzUyTlZnNlhZVWw5Umh1ZkxtSW1aOC1xbHdvTFVpejlRYk1JUGZCdXZuVUJQT0tjcGZkcDI5Rmt4TTUzQXNMR1d3NGc?oc=5,Iran's top negotiator says country ready for war as peace talks inch along CBS News,en,2026-09-22T19:03:53+00:00
160,The Center for Mediation Support held the second regular study session on peace mediation support - 笹川平和財団,Google News — peace mediation,2026-06-30T07:00:00+00:00,https://news.google.com/rss/articles/CBMia0FVX3lxTE1lYWpOTkk1NWh6U1JRYmlGdlg3ZGpRV01hUVQ0blpnM0M0RkdfVXB3dlZmazlRZWNTc0twOU5FTDctLWE1NmdLRF8yN3VwVjlIT2hsNFJvRmotTXRVTU1vU0JZdGliY21jd1VN?oc=5,The Center for Mediation Support held the second regular study session on peace mediation support 笹川平和財団,en,2026-09-22T19:03:53+00:00
497,Négociations de paix Iran-États-Unis : Washington et Téhéran conviennent de cesser les attaques et de se rencontrer mardi - rtl.be,Google Actualités — négociations de paix,2026-06-29T07:00:00+00:00,https://news.google.com/rss/articles/CBMi5AFBVV95cUxPWTQ5RkhpODZycUR2YnpESWR3MzR3T3doY252dVRtcGdEcmlWWFpCeHQwN05oUUhfV0hIR3h6eFlEdXN6Z0ZEZjNBMk5WYnVyNEVoRi14WFdVMlUtYnZZOGkwRWhmYmpCX1N0bjYxR2JBU21lNF9CSnBINzYtdURuYkNHXzlnRmJTb1lLWE1rNktyR1p5R0trWVV4VlhYUTJObHpaaHZxWC1kbC00SnM3ejlvVmt6OGh4aGIwMXhybXlxTVJ2dlNfWVEyNUdFY3hFUE9Lenh0TDJMZkVnMWNISlRFc24?oc=5,Négociations de paix Iran-États-Unis : Washington et Téhéran conviennent de cesser les attaques et de se rencontrer mardi rtl.be,fr,2026-09-22T19:03:53+00:00
310,Trump claims Iran has agreed to hold peace talks in Doha after recent clashes - The Guardian,Google News — peace talks,2026-06-29T07:00:00+00:00,https://news.google.com/rss/articles/CBMifkFVX3lxTE5QUldjanRzdHVDc3lrMnh6a1JvYUQwWS1qbFY0dmNpc28wYXRwMlRXRHE2U0VZWHhZWXY3d1dNMmdWZXJMTGNFNXZxaUtKaEJXcTBhX2sxUGtPZkNTXzRuVTFUUFFJMzg4dlVFcTBTY0xqejNvV1B2X1hnRVllZw?oc=5,Trump claims Iran has agreed to hold peace talks in Doha after recent clashes The Guardian,en,2026-09-22T19:03:53+00:00
305,"US, Iran deliver conflicting reports on fresh peace talks - DW.com",Google News — peace talks,2026-06-29T07:00:00+00:00,https://news.google.com/rss/articles/CBMilwFBVV95cUxOT2pHZlNXU0JUYzRXbmMybWV4ODVVY2dKVkl1QTFpU21IYmRYX0lSSFJKRXUwYlAyQXBBNS1RRWlTZXhBVHJsUXhUZmN5Q2Y0dmZBRF9TbVdqcFpyM1NoellScExPNExBX01QV0Z4aXpYR2dtekFZeW0zNFhpcGhGNUd4NzltMFg3cVNxeWY5YnBKVG1qQXJV?oc=5,"US, Iran deliver conflicting reports on fresh peace talks DW.com",en,2026-09-22T19:03:53+00:00
159,Laurie Nathan leads June mediation course for senior UN officials in Switzerland // News - Kroc Institute for International Peace Studies,Google News — peace mediation,2026-06-29T07:00:00+00:00,https://news.google.com/rss/articles/CBMiugFBVV95cUxNREh3V3QwbkZqQklkMzhCZWs0WXJXX0t2VmRRbHpwRExVN2RzYUMwRFdoVkRrZ2Y2RXRGdFlURVU4REZiME1ZTEgxMEQwbHljT3BoRG9OVHMtWWR1RERGZDRFVkExcVV5THB4bmV1SGJzc2M2Z0hYVFI0WWFIX2k0Y2ExTUxWNnRjSG01d3gxS2pxY0tFTzVQSTMtYXlPTnAwTHp4ZHJXcUVkdnE2UEM0ejdQOWxuRzJYLUE?oc=5,Laurie Nathan leads June mediation course for senior UN officials in Switzerland // News Kroc Institute for International Peace Studies,en,2026-09-22T19:03:53+00:00
289,Iran Risks Peace Talks With U.S. to Maintain Leverage Over Strait - The New York Times,Google News — peace talks,2026-06-28T07:00:00+00:00,https://news.google.com/rss/articles/CBMikwFBVV95cUxNX2FOWVlPNFRIdEZESUpTeEk5Z2lhYzdrNHhPbExhcEROS3pQZG13TVdEbjN1QkdzMmNRRXo5cUE3ZExTajRBQ2VtOEtTZ25YQmtPWFN5UnNJR2JGdG8tM1cxa1lPdUpod1BBRmtMb0pPUTJmd3ZQQnpfMEdlSTdHS0hUekZZdWlfRG5PTUQyNHo0SlE?oc=5,Iran Risks Peace Talks With U.S. to Maintain Leverage Over Strait The New York Times,en,2026-09-22T19:03:53+00:00
478,États-Unis et Iran échangent des frappes alors que la paix fait des progrès au Liban - Le HuffPost,Google Actualités — négociations de paix,2026-06-27T07:00:00+00:00,https://news.google.com/rss/articles/CBMi9AFBVV95cUxNY0hCVGZwUW5fbXZvTmd1dGVmSV80eVVUV2pveHpMOW12bVBoV2F5azR4d1JvcmUyUWhZMUFMWlFHZFJOaDlQSmx5d0ktV25faUdrakJrVnlJaDhQV3V5UFo3YjNKLTNYTEhoRGljVmR5SEVLSi1NWWZYNFNRYjBiZ3A5RlE1dlR6dXVtODdPc3ZwWnNWbHRfWlI4NmZsb0hURnVoazh4OHBRTGpEWDNZZEZ3anJFRWZNdGhFRUtHd3czN1FKaHVsbi0yMzFqaEFON2pCR2RBT3lGdUh1elh0X2JFU3NqMEY3ZS1HUzhxZ2pOVjcz?oc=5,États-Unis et Iran échangent des frappes alors que la paix fait des progrès au Liban Le HuffPost,fr,2026-09-22T19:03:53+00:00
438,"Guerre en Ukraine : au cœur des négociations de paix, la Crimée demeure un point de blocage majeur entre Moscou et Kiev - ladepeche.fr",Google Actualités — négociations de paix,2026-06-27T07:00:00+00:00,https://news.google.com/rss/articles/CBMi-gFBVV95cUxQcVhiZmYzY1lWc21TWlRDWHhJcFU1TUloNW0tRkdqOVg3YXF0Wm9KN2FIZ3dPck1heV9TbHFwbktoTTlJRHhzV05kZWtneExPY0F1ZENhb2hKaV90NnFPN0VkNndRS01RYjk5OTdEdEUtdzZPQlFkRVE5bVJYNmJscGUwTDVmSWdLX2F6MndaYVljbjI4dEwxUkQxTmpKVkpXbEhJQVQ1VXN2VElJNVI1ZUNweHVkZHhqY1ZwanNCcmc1RXNQNXUydXhkQml3dHhtckFjMUZCLVN1T0h6LUc0bU0tWExmcVFhQ3NEOXVERFZSOHhPYkU4b1hn?oc=5,"Guerre en Ukraine : au cœur des négociations de paix, la Crimée demeure un point de blocage majeur entre Moscou et Kiev ladepeche.fr",fr,2026-09-22T19:03:53+00:00
164,"HD Annual Report 2025 - Mitigating War, Pursuing Peace - hdcentre.org",Google News — peace mediation,2026-06-26T10:55:42+00:00,https://news.google.com/rss/articles/CBMiigFBVV95cUxPS3ZNa3c5SjNnNlc0RFJ4eTJodU5nUVdpOVp1VmRUY1pJZmI1Rkwxd0JwbUtCYkJLSy1ncmdRQ3FXbUVhMUJsMlM3bXJudEtiRTVBRDB2RzExX3R4YVg0a0VJNUxFWFlKenZpU25fbjliN2kxUTgwa0ZOUmpKZDUxX2FCMnhxVUM1Ymc?oc=5,"HD Annual Report 2025 - Mitigating War, Pursuing Peace hdcentre.org",en,2026-09-22T19:03:53+00:00
308,Iran war and peace talks strain U.S.-Israel alliance - PBS,Google News — peace talks,2026-06-26T07:00:00+00:00,https://news.google.com/rss/articles/CBMijAFBVV95cUxPYnBHRmNqVzczNjZLV05iczRPeHFsQVB6UG1sTXNxRGNEYS10eEVHVGpVdWo1NFBsWVNmOVJjXzdQMUxuYm1tUVNmc0x2UHg1QlBwcmFtVnFUd2h2WUNYcU9XRGxTa2JwVnVjNDFxeEtQRndEYjdEQ0pGd1h0QzUtTXVWTDVpVlNfQTdhcg?oc=5,Iran war and peace talks strain U.S.-Israel alliance PBS,en,2026-09-22T19:03:53+00:00
306,How the Iran war and peace talks are straining the U.S.-Israel alliance - PBS,Google News — peace talks,2026-06-26T07:00:00+00:00,https://news.google.com/rss/articles/CBMixwFBVV95cUxQUUdpSEVXRzVnREJhZ0ZBeG85NUZNdER6b2EzaEM0c015Q1F0aE9VLTk4bG5odWNIOWp2dUZGMWFsRDZBdWFVTjU1UGdWUW9wVC1MN015NzAwMWR3RUhrRExvOGhuMmROQ3hxMHN5VHdHOXR4eWI5eEhSdHVmNXdlV1U2T2tObXlQV292ZHc3MUZ1VnpjVGhsejh2dHE5MEtsVDkwalo0Sm04Z3B0d2FaUzlTZEpCNzBWblk5bUtndE52d2xfajdj?oc=5,How the Iran war and peace talks are straining the U.S.-Israel alliance PBS,en,2026-09-22T19:03:53+00:00
167,"Mediators worked through threats and strikes to broker the US-Iran deal, and challenges remain - AP News",Google News — peace mediation,2026-06-26T07:00:00+00:00,https://news.google.com/rss/articles/CBMiqwFBVV95cUxPN2tjUDFJRklsM2FHZHB1TW9McDhXRkV3SVUzXy15cDI3dE92bDloSlRiSm0zRWtrTXVjSV9iNHFvTTAxbDhTRFJvNExWa1BlcVhKUC1oOEc1dGg0V2NDZkM4QnEwQ19GQTZndkNkT1FydEdhMlRGZ0dFTDZxUTFjcXJnVTZtSy1kOHpTcG93LWV6YlBvVUdvUjRmZHZnam5tSGs5azFQcHdGQTQ?oc=5,"Mediators worked through threats and strikes to broker the US-Iran deal, and challenges remain AP News",en,2026-09-22T19:03:53+00:00
454,"Du Liban au détroit d’Ormuz, un Moyen-Orient suspendu aux négociations de paix - UN News",Google Actualités — négociations de paix,2026-06-25T07:00:00+00:00,https://news.google.com/rss/articles/CBMiV0FVX3lxTFBqTkdiUTNuMlMyN3BWVzJzSGV4SzhfdnNtZ0J6Z1U4Sko2Qk14VExrbk85aWktSUxEM0JfU2R4b2YzNEU3dGo3b1ltdFRjSkRwRGFtYm5Zaw?oc=5,"Du Liban au détroit d’Ormuz, un Moyen-Orient suspendu aux négociations de paix UN News",fr,2026-09-22T19:03:53+00:00
329,"Conflit chez Bibus : l‘Inspection du travail convoque une médiation le 30 juin, la CFDT menace d’une nouvelle grève à la rentrée - Le Télégramme",Google Actualités — médiation de conflit,2026-06-25T07:00:00+00:00,https://news.google.com/rss/articles/CBMikwJBVV95cUxPWkptT0RqQ09HVUx2a3I1X3dIaHRKVWlESkxHeVI2WC1ld2Utc3NKTVQ0SXZpMnFBV05OZ2hfTVlXbzNLS3dERXhubkNOY3pXVUkwcFB0SnlUWlAySDAyLXV3WVoydGZrOFV0V0VhS3RfREdlY1BZQ3ozbjNMS191RjM5N1h3emU5dG1sUmk5S09qTUFXQVd1cmV3TE5YQlRKM01iWHZaYThpUVVjYzVVc0lSSjlXZkN3ellDbGJzYWlrY3FMVC1EbUVJTzhlLXNtb01iRlVOZjVUMWtoRTRkYi1QTnlfZFg3M0E5dFl5YW14OXhKUWhCZi00MUE1Yl9FZVYzUl84VUxUQ29FcHBYQjZnOA?oc=5,"Conflit chez Bibus : l‘Inspection du travail convoque une médiation le 30 juin, la CFDT menace d’une nouvelle grève à la rentrée Le Télégramme",fr,2026-09-22T19:03:53+00:00
187,SPF signs MOU w/ Organisation of Eastern Caribbean States ｜India in the West Pacific｜Petrodollar Order Under Strain - 笹川平和財団,Google News — peace mediation,2026-06-25T07:00:00+00:00,https://news.google.com/rss/articles/CBMiZkFVX3lxTE5wVEJGOGJsSWRjWlRuMzlueGkwZjlBcm5EYjYwLXFoWW1yOHJPOWxndEFlOURrblRqQkhZZFY3S2ExT0otTFFFNVhkYmlmWEtFS1pZenVNaEpNdm50U19SVVk1NEx3dw?oc=5,SPF signs MOU w/ Organisation of Eastern Caribbean States ｜India in the West Pacific｜Petrodollar Order Under Strain 笹川平和財団,en,2026-09-22T19:03:53+00:00
166,"Women lead peacebuilding efforts in Colombia, Lebanon, and Malawi through dialogue, mediation, and justice - UN Women",Google News — peace mediation,2026-06-25T07:00:00+00:00,https://news.google.com/rss/articles/CBMiwwFBVV95cUxPeUVWRmJJT1dzeUdLQVp0d1RNekl4bHFRVkM4bkk4eDRhZ1p5am9nMGdGZ0VzVWRydDhydXE4cDhPc3pTNklCd0dTb0J4UzE3VnNTU1h4VDRVTGZsQ2hleWZzSjZxUnREQmZBSGZCS1p3ZGx0ZXo2eENyU0xzQ19lNVZCelc1UGdPUjhEYzZxUHZYWEY4ZXdiZmxRVkJsaXFXT0t0bWpxcFYxVEFBRmpjU1RqMS1rOEpwczlSaGxJYmRJYzA?oc=5,"Women lead peacebuilding efforts in Colombia, Lebanon, and Malawi through dialogue, mediation, and justice UN Women",en,2026-09-22T19:03:53+00:00
117,"Third of workplaces lack mediation skills, Acas warns - People Management",Google News — conflict mediation,2026-06-25T07:00:00+00:00,https://news.google.com/rss/articles/CBMiogFBVV95cUxNLXMzd0VlekhVV3MtaGhLR1dtVVVDSmVPNDcwenNWNGhGLTNCVFloblhNMHJYM1pEd1FGdzhoMl8zM1MycFIyVTVoYjlrcHJ2U2hKRjcyQkF3aVlLbXhYM2RWMjJIalVRdFBPNW9jLU1XOGczLS1EWmM1Vm00N0VfNUcxOVd0WkpaUzBRVFlIRk9UY2hfb01DTk1aamk2TFVMdnc?oc=5,"Third of workplaces lack mediation skills, Acas warns People Management",en,2026-09-22T19:03:53+00:00
76,CMI strengthens regional conflict resolution capacities with training in Jakarta - CMI - Martti Ahtisaari Peace Foundation,Google News — conflict mediation,2026-06-25T07:00:00+00:00,https://news.google.com/rss/articles/CBMiqwFBVV95cUxNTVcwQlhxcHdRdTlad1lUaHk2UDNfOWtoTGhQR2FNZHp0Wk5qY3FnU0hLMTQxVy1CajVvTlJibjNOcDY1LTc1MFBvNXR1T0ozM3FDdS16aU8waWFnZWFtWVVSRlQtdXR0Szc2c1lFajhoU2ZONVBaalhEcHZWNlRra2t5VFFYT0tXRWMzMGtocTB5QWJ5WFFpY2Vad05wdXhhci1RTjhzSlp3azQ?oc=5,CMI strengthens regional conflict resolution capacities with training in Jakarta CMI - Martti Ahtisaari Peace Foundation,en,2026-09-22T19:03:53+00:00
513,"Opposé à la guerre, JD Vance, négociateur malgré lui de la paix avec l’Iran - Le Figaro",Google Actualités — négociations de paix,2026-06-24T07:00:00+00:00,https://news.google.com/rss/articles/CBMivAFBVV95cUxQVnJ1VExkUkhpb1lPWUp0OFRrM2p0REJSV2pkeXhUVXkwVkh6cGNlOXJEMHJfNDFqV1RuenNiYzh5WEltRnhQSkhFU3Q0aFV2RVBiQlluc0NXV0Zlak1zSGRhZEhJeGlLR3RETHVaUmJVU0o4bWtDUHQwejlseDZIYVQ5ZEVlYVlSWElxV1NqTEFTbFlYWWF4dU5Hc1VwVHE3LXNnamJHVXVEZEx5Q1BXdGdYN21LeGk1N1pfOQ?oc=5,"Opposé à la guerre, JD Vance, négociateur malgré lui de la paix avec l’Iran Le Figaro",fr,2026-09-22T19:03:53+00:00
508,"Israël-Liban : Au Terme Du Deuxième Jour De Négociations, Les Désaccords Persistent - i24news.tv",Google Actualités — négociations de paix,2026-06-24T07:00:00+00:00,https://news.google.com/rss/articles/CBMi2wFBVV95cUxOaVhCcGlXc3MyMm50M3ZHeXBBaVBaQkdyemlMUUVuMkRJUzBvRzk5UklVZTBJTWg1aWt3WXdDdGJxY2U5TEVxSUNOT1VCQjlKT0xtVmJfclZnSndOOU9YRW5oeGVEdUJ0MXg4ZElkeHhYb2pRWWxYTlpDaXMzV2tUVjhBYTRRckJHeHRWX2lRdTZ6QmJWVnR0MWlBTFBMMnlXQnMzWHMzLS1kdXVHNzRvSjBVUDZZWVQ0NkdZQUx3NEg1amwtZ3ZHdS01bEQyQkhqNGQ5cC1ENFJLQkE?oc=5,"Israël-Liban : Au Terme Du Deuxième Jour De Négociations, Les Désaccords Persistent i24news.tv",fr,2026-09-22T19:03:53+00:00
484,Poutine : Nous sommes prêts à entamer des pourparlers de paix avec l’Ukraine - سانا,Google Actualités — négociations de paix,2026-06-24T07:00:00+00:00,https://news.google.com/rss/articles/CBMiU0FVX3lxTE41bU9BOENMdmxfOWdaTDhGLUlIbVdzSThJQjYwbXVwQTdFNkZZUktMM0VjUHJHSzl1NXpUNF9ET0RkNTFUUWUtN0t2WFdsSVpub0RB?oc=5,Poutine : Nous sommes prêts à entamer des pourparlers de paix avec l’Ukraine سانا,fr,2026-09-22T19:03:53+00:00
188,What Pakistan’s Mediation Reveals About Modern Peace-Making - The Organization for World Peace,Google News — peace mediation,2026-06-24T07:00:00+00:00,https://news.google.com/rss/articles/CBMihAFBVV95cUxQX01KRlZ5RVZVOGZhQl81T3VDS0VYYnlMeFNsSk5YUUhPNGxYc0tSLWhCeFlhTGk1WVJSWExCTndiR2UwSzB0MkJnX1BKUkg2LVE4b0hMc3VJbUM4Wks1X2dJdXNRcUVfamZycHdaYVRGQkFfcWZaOXRaai1tMUFxVG5BVkQ?oc=5,What Pakistan’s Mediation Reveals About Modern Peace-Making The Organization for World Peace,en,2026-09-22T19:03:53+00:00
61,Three Components of China’s Mediation Diplomacy for Global Conflicts - China-US Focus,Google News — conflict mediation,2026-06-24T07:00:00+00:00,https://news.google.com/rss/articles/CBMisAFBVV95cUxNTkxmdFdLOUtLZ0lISDV5NFpsNDkxVFE0TzM5c01IcU02RXpnNGUta2tXR1lkc3RIU3dnZkI0bU5LTXJhSXNCem5KYUROdk43b2FqU1lQcVp2TnVNWV9BZmc3Z2dOOFRIX2ZuX1FpMWVpbzVjQzdYdElBdFhvZUJwR1NJX3VVZk0wemVSUFZHTGhTX0N3ZU14akpialo2UWVWSmNtUDVrTVhMTV9ZS1R4MA?oc=5,Three Components of China’s Mediation Diplomacy for Global Conflicts China-US Focus,en,2026-09-22T19:03:53+00:00
162,"Ambassador Liberata Mulamula, Special Envoy of the African Union on Women, Peace, and Security - Welcome to the United Nations",Google News — peace mediation,2026-06-24T02:13:03+00:00,https://news.google.com/rss/articles/CBMiugFBVV95cUxPYW9MejhVYldZOWVNZlJNZ29wOXRTNmZKN3hRMnNWc0pieTRoYlFDZ3BYeGtxYWo3WXRwMW9MRzMyMGNDOFo2NDlzMkR5RFRub0FqX3d0ZTFqdzFRbkx4LV9HT2s2QWluR3pBTTVsZ21iUWY0Qm5hcnZfUUFlYXJFSmtqRjVxbkJCbEJhOHdxcjk1NUQyaTItckMwMDJ3aFN1WU1lQl9DUGswWkRKeDRsUDZoRFRMU0NObkE?oc=5,"Ambassador Liberata Mulamula, Special Envoy of the African Union on Women, Peace, and Security Welcome to the United Nations",en,2026-09-22T19:03:53+00:00
483,"En Colombie, une impossible « paix totale » - Le Monde diplomatique",Google Actualités — négociations de paix,2026-06-23T07:00:00+00:00,https://news.google.com/rss/articles/CBMiZkFVX3lxTE1EM2R6Q0VnSnBTN2xXSGh1S3NKQXhCclVfRG42NExGa1F3eERBa1dtcGdLcTZ3RjlMcFNCZWEtWi1PLV9HdXJpRXpJdGhMdmpJMVRZdkdFdS0wM21Qc2FDdHhJNElDZw?oc=5,"En Colombie, une impossible « paix totale » Le Monde diplomatique",fr,2026-09-22T19:03:53+00:00
465,"Guerre au Moyen-Orient : les négociations sur l’accord de paix se poursuivent aujourd’hui, que va-t-il se passer - Midi Libre",Google Actualités — négociations de paix,2026-06-23T07:00:00+00:00,https://news.google.com/rss/articles/CBMi7AFBVV95cUxPdTNhbkJBbWpyT3NJQzI3YnBZT2NYT0NOMXMtdW02UWo2cWtRYUpfLUVKODc5YWdLczZsVnotbFM1TEpqV09vRTRnZXlaSWZDdkFGWlNBTmxzNXRoZFZ2eFM3WWljWEE5WHRVbUtfZHhwbDFCMWxtbzVyQUxDOXJHcHdkS3hTem96bFcwN1JDWTFhM1NaQnI1aUdpc1NDaUxZajFkUkRRNE9KdWxQOVhlVTYxYnFZNXFzTFRaR2FCZW80SFFyWjhNZVg4TmdrdTlKMmozRS1sM3NHUFpJNEtFVWlGOVRNdS1NbDZOVQ?oc=5,"Guerre au Moyen-Orient : les négociations sur l’accord de paix se poursuivent aujourd’hui, que va-t-il se passer Midi Libre",fr,2026-09-22T19:03:53+00:00
434,"JD Vance vante les progrès réalisés dans les négociations de paix avec l'Iran, tandis que Congrès, sceptique, exprime ses inquiétudes - TIME France",Google Actualités — négociations de paix,2026-06-23T07:00:00+00:00,https://news.google.com/rss/articles/CBMi9AFBVV95cUxOeXhxeGx1aFNMNmdiNUJJWDg3M1pieENvXzl3TFpxakxxS0pzZjNOQVlMam9FVEQ4U04zTnZhZWFFRGduQmwzczljTU0yZ01yMEcwcEhyNkVwX242OTY2WFFEYUlZVks2MkRkV3dieERZcWs1bVNZNk51OS1Kc1pDeXVCbFN2T0VocXhpcGt5WjI0YmI3b1VqbV9mSjA0RWpYV0NLdVVWa09FcWJuMlRzZkVZazNSZXhhRjJORU1pUXBFN0ZKdjFfOXlTa0tRN2tubzNTbTBsNTlJT3BrU3dpeldCd252dE5EN3VraThSTGN3WVU3?oc=5,"JD Vance vante les progrès réalisés dans les négociations de paix avec l'Iran, tandis que Congrès, sceptique, exprime ses inquiétudes TIME France",fr,2026-09-22T19:03:53+00:00
318,How U.S. peace talks with Iran could impact oil and gas prices - keranews.org,Google News — peace talks,2026-06-23T07:00:00+00:00,https://news.google.com/rss/articles/CBMiekFVX3lxTE15SEVXanU0aVZQSFhfV3VXc3JpMUlRM1JVVzZnaW5zOHZPQ1J0cWttYm02Y1I4SzNXTmY5T0phUmUxZ3N3UnBTNDB6VUc2M1h4U25FZDFWTzJIT3BLbDVKYWJCbGQ0S3gwb3pQRnhFeU1STTRVR2VHWklB?oc=5,How U.S. peace talks with Iran could impact oil and gas prices keranews.org,en,2026-09-22T19:03:53+00:00
73,Peace in Crisis: Conflict Management in the Horn of Africa - PubAffairs Bruxelles,Google News — conflict mediation,2026-06-22T10:36:37+00:00,https://news.google.com/rss/articles/CBMirwFBVV95cUxQVHg0X0lFYVl4bG04aURrYW14MVZyR0tNOXVRdGV2V2xZNG9rTWw3WFJ5akVCSVMxMjVJWXIyN0J1dTJYRUtCdERRRmZmaXRKOXRQX1FVelJKRUdFYnE3VFZ3WXNmaklNWkpOMHlaNTZFYkt5Uk1nVU9KOUw3UWN5YXJMcVBlWTZZb3l5eWVsRExIa1p0OGFNd2hoZ1FJR1U4YW5IT0wtN2ZGZWJ0ZmUw?oc=5,Peace in Crisis: Conflict Management in the Horn of Africa PubAffairs Bruxelles,en,2026-09-22T19:03:53+00:00
492,La fabrique du monde - Le début des négociations irano-américaines entre postures et progrès - RFI,Google Actualités — négociations de paix,2026-06-22T07:00:00+00:00,https://news.google.com/rss/articles/CBMi5AFBVV95cUxOVHdFbThrUEJTLUNiLTh0eFpWNTlWMzlzMWk0MEhUREVhblh2bTZDYmtLREVQTGdad3hvMy1MMDJRTWY5dUVQUm1kTmh2Wkh1TXNoc0s0ekVJanlKaXNPYnU1eW9JWG5iVDJqY3JfVXRIZGg3UnN2VzBUWlMyT0xIdVNKazhzM1dmekJfS2s5dzl6Y1UxaklLcllPd0RhcUhHeWJGUEhPZHlMdUFLZGMxSHl5OFdjcU5zVDNxQm1VbjN6eWd6cHZQd2pQTm5LbDJTeGE2Z3FMSVdSWW5hc081MkNsUTQ?oc=5,La fabrique du monde - Le début des négociations irano-américaines entre postures et progrès RFI,fr,2026-09-22T19:03:53+00:00
441,"Entre Washington et Téhéran, les négociations de paix restent très fragiles - franceinfo",Google Actualités — négociations de paix,2026-06-22T07:00:00+00:00,https://news.google.com/rss/articles/CBMi4AFBVV95cUxPY0Q1UWJUYjZBM2VUY0Ntbk1hWVFLX2ZBX0JZeTFqcTVBZHoxWVFQX1lWQnQ0TXlMRng0YzM3NFJONjB3Tm9hRmpXM3dMdG9zMDVKMDVUSG1oQTBDU3FUNktwWTBIc2I3NHdoRGJFWXlrTWhSbUJnak5QTmFmVEp1bF9fc1RvSmV4WFRHSkxCcUd3WG15bUNMRTdYRWcwZlJJbTFyY0ZNTG04dHJzb1h0bHNFNTJkZE51RjlaUnZEd1NndGdMZjNQZ2t4ekw3QldHUTd4UG9FRXktQ2V4M2ZSaA?oc=5,"Entre Washington et Téhéran, les négociations de paix restent très fragiles franceinfo",fr,2026-09-22T19:03:53+00:00
323,« On sent qu'il faut que ça aille vite » : pourquoi la médiation est de plus en plus prisée par les entreprises pour régler les conflits - Les Echos,Google Actualités — médiation de conflit,2026-06-22T07:00:00+00:00,https://news.google.com/rss/articles/CBMilgJBVV95cUxPdVcyZkFSS2xCYXhyaTc0a2g5YWh0ZEZDZjBaTHBaV1k0N2F3QUtiUVV1MkFTX2pEUkowdHN3bHYyR0VNTVhuRTRHV1VScjV5cmdpb1dfd1dCMXZrU1Q5RjRFRjEtcVZ1a2pCTDNWMFMyWVpRLXllMEFMVGU4ZXNFNGhHOFdjQklnbHdzU19HYlhvMVlVQXhTQ21YNWY4dUFBZ1YtT2drUExLU3Y3VEdtS3RLNXNPQ1lZTWN1cWZ0UzBlXzZCRGt3dDVJaXRSeUFIN3A1UHEwb3BvT3Jjdnd3WjFXVWw5UzlOX0t6cjEwaHh3dzZIQWY1RVN5dlNpazF2RlFfTzJEWlZuMFI5RFF5elJvYWlMdw?oc=5,« On sent qu'il faut que ça aille vite » : pourquoi la médiation est de plus en plus prisée par les entreprises pour régler les conflits Les Echos,fr,2026-09-22T19:03:53+00:00
320,Shadow of Anchorage no-deal looms over Ukraine peace no-talks - Peace Research Institute Oslo (PRIO),Google News — peace talks,2026-06-22T07:00:00+00:00,https://news.google.com/rss/articles/CBMiSkFVX3lxTFBFei1SQ1FJMTFFQ3R0bC1kNWNvXy1NWlB2eUJkVy05bk41NzE1enR3UC15NXNtN1dOOEwwU0hrMTBUWTNXc2wyR3NB?oc=5,Shadow of Anchorage no-deal looms over Ukraine peace no-talks Peace Research Institute Oslo (PRIO),en,2026-09-22T19:03:53+00:00
294,Vice President JD Vance highlights progress in Iran peace talks despite trading threats - KCRA,Google News — peace talks,2026-06-22T07:00:00+00:00,https://news.google.com/rss/articles/CBMioAFBVV95cUxQbWdIUGs5dC1EOVUwN0NvSlp6cW44UFJEQVJ4RUpHR1pCbl9ER05vNEx6UmctWDZMbFdCS2JNdUxJYk1LbEo2RWk4cDJEVFVoMVFCZVZ2OHIyNGJUNldFZVE3anJGZ2FIeTdNNmZLQ0JsU1ZkVV9JSzVuSTdxcDU5dlhjVmY0UmIxR0Q5U0xWSy1pVlFBTUlGRnBmVWdvUks2?oc=5,Vice President JD Vance highlights progress in Iran peace talks despite trading threats KCRA,en,2026-09-22T19:03:53+00:00
220,"Iran-US peace talks show ‘encouraging progress,’ say mediators - politico.eu",Google News — peace mediation,2026-06-22T07:00:00+00:00,https://news.google.com/rss/articles/CBMiigFBVV95cUxQdFlULXcwVjBvS1lpVExqNXNIbkhkVm9rVXg0N0ZrbDZ2R1lNWkxOTlNSME5Dek1EVTRjRjRpUDMxYXAzcWV5Q2lMc2t6MDl2azlJWkhhZWhtUU4xanhIalptdTVaeXVJMUR5WUJNdTNoVE03RTgzRmFwMkMwT2gzc09HZkJwZThTX1E?oc=5,"Iran-US peace talks show ‘encouraging progress,’ say mediators politico.eu",en,2026-09-22T19:03:53+00:00
213,Mediators hail 'progress' in Iran-US talks on ending war - euractiv.com,Google News — peace mediation,2026-06-22T07:00:00+00:00,https://news.google.com/rss/articles/CBMikgFBVV95cUxPci1yTzFjRW55alJvY2hhMUwzQThFeWtQXzcyeTI5OElTcWlYMDNyQ0hXalZrTG9UZUE3aDJPQ0Y5dXFvbk9CajlrdmtpQkVsN2lCWGZOYkNrV3pISERiRTlVZmxidmFqT3NtWGc1d2M2X3p3QkQxNTBWQU9qalBoSGcwTmZ2QlJQLWlXM2lNZndjQQ?oc=5,Mediators hail 'progress' in Iran-US talks on ending war euractiv.com,en,2026-09-22T19:03:53+00:00
189,"First round of US-Iran talks ends with encouraging progress, mediators say - BBC",Google News — peace mediation,2026-06-22T07:00:00+00:00,https://news.google.com/rss/articles/CBMiWkFVX3lxTFBnejBZZkZqbVNKSTllMVV3bmhsQUdLSFZZcnBZejdzNDJSNDZXRFNoN0ozZkFaeTcxc3NhS0FfSVM4QjBSOXBueUNoUGFMV2hYcFFFY0ROWDVKQQ?oc=5,"First round of US-Iran talks ends with encouraging progress, mediators say BBC",en,2026-09-22T19:03:53+00:00
471,Moyen-Orient : une première journée de négociations sous haute tension - Les Echos,Google Actualités — négociations de paix,2026-06-21T07:00:00+00:00,https://news.google.com/rss/articles/CBMirgJBVV95cUxNVmhWblVyZmtxWUxNRUlRSE9jeGhFaWJiSWdocXRJVHAydTBZM210MkZ2TWJCT2l1bDdwb1dURDhhRVU5Nm5QTG1tNVlMeVBuUENEd1RHUjJ4cUNrV1NhWlJHVDdDazA0QTRNaW9aWmtjbUtXcEtqeXdjYk1McV9pVG5pWGpkRTlBZWM2SEh2ckFUUF9vV0VrOTJLWTdLeWQ5b1ZWT3cyRHlzQU9vdFk0a1pCTVN3bEh2bkpnS3hMVXBEVWJwUEhyVl9FU05mY1psUGdEVnR2UW9rSm1aOHpuSzdKWTk0ckpjS3VhdmJTazh2MVNjMzgyWDlQakhuTGxvdGtYWktaYmx3VEtTSFFHVTNJbzNrTldRRkdnRTROdm45TGw3X2tDczhpZ2twQQ?oc=5,Moyen-Orient : une première journée de négociations sous haute tension Les Echos,fr,2026-09-22T19:03:53+00:00
470,Accord de paix Iran-États-Unis : la délégation iranienne quitte le lieu des négociations en Suisse après un nouveau coup d’éclat de Donald Trump - Midi Libre,Google Actualités — négociations de paix,2026-06-21T07:00:00+00:00,https://news.google.com/rss/articles/CBMimgJBVV95cUxQMVhfNXNOeS1meGpmelBDak01M1ZBNHZfMEZPcGxRWFBvbjNVMjB5dzlMWWg2Mk5qNkQwVVN3R21aT2Nia1FvN2RnX2lic1BxTWI2aFoxWVVTTnBodkxJWFdoaGZ3bE45VEFMZnJRazctUzRkck5lb3dvR1BoMXdkSUxiS251UVc3U2FVdjRPRllnbXMtMHlkbkxtVGtNX3RYRFlfTDNBQk9LZ1g5bGFnenJ5Y3A2TXNHblBJSFYxaFlOZ090NmRDUFhpRWVfQTJGenV6U3djOThUWTRpbGQxX2hBakdCOE5UNzFneGFEanRxV3N4aDJWVjRzdFFZZHRZYUg0QWZLNEl1Zktkc0FIdVMxek9iSEM0M1E?oc=5,Accord de paix Iran-États-Unis : la délégation iranienne quitte le lieu des négociations en Suisse après un nouveau coup d’éclat de Donald Trump Midi Libre,fr,2026-09-22T19:03:53+00:00
463,Guerre en Iran : le début des négociations d’une paix historique ? Américains et Iraniens réunis en Suisse pour des premiers pourparlers - Midi Libre,Google Actualités — négociations de paix,2026-06-21T07:00:00+00:00,https://news.google.com/rss/articles/CBMijAJBVV95cUxNZHlua2tRd29sTHdhMHBkR1FqdzJURkRaQnRDMk1SUzQ4YlJJZGtIb3h4OVFNZ3NnTVhvMG1seElnMjQtcGlyYmlmbk5lZFF2emtUMThEZGJGTFJkemdKeE9tRW5zd2R6cHJoZ0dvMmJfNFpybFI0UGMyaXhMNFJoQ0s5VTlIVTJxWHNYVmZYM3VGLVZSTEJnNlRlbm9JVmtNZVpaRTNlb0E1SEdNcGoxZ1hJa2hidTBUVkk1SHBpVmRvUG9rWTZ2bGRoM0gzeTdsU0ZQbTl4Wl9tUFpoN0ZLd2dqQ0NLVGQ2WnM4UWRnSXNKZEZwdEhPTEFyeEFHYUI0Y3pVeHRTZ0xSTk9w?oc=5,Guerre en Iran : le début des négociations d’une paix historique ? Américains et Iraniens réunis en Suisse pour des premiers pourparlers Midi Libre,fr,2026-09-22T19:03:53+00:00
457,Américains et Iraniens se retrouvent en Suisse pour négocier la paix au Moyen-Orient - Courrier international,Google Actualités — négociations de paix,2026-06-21T07:00:00+00:00,https://news.google.com/rss/articles/CBMi5AFBVV95cUxQVTFmY1VBMFhWdXNfRTNaXzZvbmdpN0pxUHdMOHhtZFAtMnd1ZHVmdTVZeVhlQjI3UkxCQlRvTWJVLUpnZ2ZNWnA1VnU4dlBCdlgzTlpSVzNMSll4RktPdGxnc0JUTUdBenFuWF9LcmEyR255T0VJWEwwNTg3aG9JOFFSNDZmaG93bm9XTEw3R0U4dWVYUmI2MVJQS2VsLTJKblBBajdQc054d2JhdkttUmw5U2hTekRuTVRreVJMelkzcWFUcVI2bVRhMGdQdU54a0puNDFkQTZDXzhfRFlIRWhwQ2I?oc=5,Américains et Iraniens se retrouvent en Suisse pour négocier la paix au Moyen-Orient Courrier international,fr,2026-09-22T19:03:53+00:00
452,"La Suisse, passage privilégié sur le chemin de la paix entre l'Iran et les États-Unis - RFI",Google Actualités — négociations de paix,2026-06-21T07:00:00+00:00,https://news.google.com/rss/articles/CBMi0wFBVV95cUxQRWtDeTY5RlBqemxlQ25BQ2ZEWHF1dVRSRHkwS0dNY2JWdlVWYUVKSWhaTWRublc3S3lDa2hWVmlUZnM2RkJLblpULUxNTjdhVnBUWWtERFVueEU3NmdDWnBvZklzMG5TRHk4YTA4WmphYmNONUVQQnJXRkdZaW15bE9rWmdab3RZN2JVVDZlYVdoYlRMTGVoOHlXbW5MZWpqdmRTUlNhR3kyMTI1eEhLdWJ4UElBVDNEVXZqb0t3U2JqLWRRWVlQZ0lUbno2Y1dVdmdN?oc=5,"La Suisse, passage privilégié sur le chemin de la paix entre l'Iran et les États-Unis RFI",fr,2026-09-22T19:03:53+00:00
449,"Guerre au Moyen-Orient : les négociations reprennent en Suisse, après la signature du protocole d'accord entre Donald Trump et le président iranien - Touteleurope.eu",Google Actualités — négociations de paix,2026-06-21T07:00:00+00:00,https://news.google.com/rss/articles/CBMi_wFBVV95cUxQb2s3eG1fYVdqZWR2Y2diM01xdkFrQTBvaGJaMVhpTHJQbkVFN0oybWxLX1h1SjctNlpId3JHakJXY2t6WEFjWHhrRnVzQ1FJVkdGTW5aNGxYR1JkcUtWdy1VTHpxeDBJYmxPZ2E4WGhDOFRMOWlJNmRMc1h1X0NmUklHUHhSSmt6RFQtRVQzRWZwQk41dl93eUN5UFdLbWZPZDdqeXlIdXVKaWRpbXRSUUVKbDBJWkQzR2poZjlFcjJ4ak1VeUlFWlBBLXpuQ2ZvTkNaQXZ2akZwamxldU1NcVRBa0cxaGhtUlBWU09fQmpmVXBBMVJCVG1UYUdaN0E?oc=5,"Guerre au Moyen-Orient : les négociations reprennent en Suisse, après la signature du protocole d'accord entre Donald Trump et le président iranien Touteleurope.eu",fr,2026-09-22T19:03:53+00:00
440,Menaces entre les États-Unis et l’Iran avant les négociations de paix en Suisse - Euronews,Google Actualités — négociations de paix,2026-06-21T07:00:00+00:00,https://news.google.com/rss/articles/CBMiswFBVV95cUxQX1QyMnB2bDIzb3ItYmhXUzAwOVh0TjltdGN3eGJ6YWFsdklULXgyaUszaXNYYkZVa0dCUHRDTUpxTGJjR0x2S3VIcGRmbWZwc2RWSW9wTXJUWV92VFFkVmJqU21XLWlvSTVhWUlzVEhYenZsWXQwR18tUUt0bFJlZ3FnUGpEMUstT0JtY2ZRTjQxOWdDVVJDeGFYeFJ5OUdDc1FXV1NkS0diQ1VicjQyNXJiRQ?oc=5,Menaces entre les États-Unis et l’Iran avant les négociations de paix en Suisse Euronews,fr,2026-09-22T19:03:53+00:00
136,PIND targets conflict resolution strategies in Niger Delta host communities - The Guardian Nigeria News,Google News — conflict mediation,2026-06-21T07:00:00+00:00,https://news.google.com/rss/articles/CBMiowFBVV95cUxPMkNrNFUwWmh0ZzhpejBWbFduTy1wbUl4eDZBa3p0MjBLUk0yb0lhb0dWaE1NTHRVUnNyVWtJblNKMldlMW5BNW0tcy1BYjdzLWwxVkNSQUQ0YVBSclZlaGpwRGUySXR4b3laNXZwVHk5Z0hpU3hibXJIRWc1cFZIM1F0dldKdEtIOTQ0NkFlZWpBSEJrckRKdmd5T1JadS1VRDR3?oc=5,PIND targets conflict resolution strategies in Niger Delta host communities The Guardian Nigeria News,en,2026-09-22T19:03:53+00:00
131,Conflict resolution: Bayelsa stakeholders advocate increased ADR adoption - Business News Nigeria,Google News — conflict mediation,2026-06-21T07:00:00+00:00,https://news.google.com/rss/articles/CBMirgFBVV95cUxPdTFpVC1iNzR3RHc4aEo2QUxqSW5UN1YzT0lmVEMzcU02cS1ha2JXVmliU0d5d254UzdxXzJ1RkxPNFR6eDc1STU1X1o5S3dYSnVQZ0JwQ1JYUEJGR2ZrWHRsbkZjZXNqZU1nTWRYVE14ZFpfUXBqVV9NWGIxeFBrRXdUS0laeU9SMy1OV2lPYUh6OWVmeTRRUmF6SzR6STIyVnNrS1lfLTg5cmxHZmc?oc=5,Conflict resolution: Bayelsa stakeholders advocate increased ADR adoption Business News Nigeria,en,2026-09-22T19:03:53+00:00
349,Brussels Airport : le service de médiation est en plein conflit d’intérêt et concentre les critiques - L-Post,Google Actualités — médiation de conflit,2026-06-20T07:00:00+00:00,https://news.google.com/rss/articles/CBMiwwFBVV95cUxOMVZ1Uy1CdFFyX2FIa1U0a05mRW92a190bFNnenZ6MUh0SUxKZENSUHk3R2VVV3VYbERWbXNacExqM0RUQS0yYnlRSUVnaW0zbEdYYURxemtqNUNHY3pmeVpOczFrZGE2MklyRXZXNlNEdzFiVjg4ZFF2YU9iQkZmYzE0VXpjdHFicV81SHdYb05KUTVvV0xPV2RabnkzRHJUc1RtZEc1MnlGUEJvUmlySDEtQXJSaXJWRGtPaEhzWEtzak3SAcgBQVVfeXFMUGJQTlowVl93dzFlZ1RIT0VBVmdaZXBQdHQzX0hTM0pkQk9mUGRMdzFiaXc5VnBnOVhtc1g5X0dRV0Q3WDFNSEtUM05IWHpxbnJSdS0tQXBUT2d3U3V4MU5YME91VDR6VW5KTkpHRWlwWVpJMG1UQWlwTFJ3eGRwTDZWb2xmelRaeGRtSHlrZ1VKMlNlTHJqUURvMjRRck9YdzBJRjdtcUhsV2h0ejBSRy1qeEwtZzBRb2tfYU5YTk1oeGdZdXg0R3U?oc=5,Brussels Airport : le service de médiation est en plein conflit d’intérêt et concentre les critiques L-Post,fr,2026-09-22T19:03:53+00:00
505,"Suite aux frappes israéliennes sur le Liban, l'Iran suspend ses négociations avec les États-Unis - Cryptoast",Google Actualités — négociations de paix,2026-06-19T07:00:00+00:00,https://news.google.com/rss/articles/CBMinAFBVV95cUxQcWVlSUZLb1JDOWtmWEFOc2JmMXR3cGU2OVRzS2x1U1k5UWVCWmhhVnVhZVJLNzVFWHpuM21LLUZUUWJUY0VfaVd3T2F6Rm5xSm9JaFBkeTJmQW03dVZlOUhNUERhYzRYWXZPNVVoTU5vLWxEMGswNXVEMHpiSUVWS21JQUVnbTZRX0lZaE95Z2lBVFdaUk5oNjRXOE4?oc=5,"Suite aux frappes israéliennes sur le Liban, l'Iran suspend ses négociations avec les États-Unis Cryptoast",fr,2026-09-22T19:03:53+00:00
500,"Accord de paix entre les États-Unis et l'Iran : les négociations prévues ce vendredi en Suisse finalement ""reportées"" - L’Écho Républicain",Google Actualités — négociations de paix,2026-06-19T07:00:00+00:00,https://news.google.com/rss/articles/CBMihgJBVV95cUxNMUlscXlodm5PYWs0a19sWTVXa1l1b01tTUZMdFAzc2M0M3FaemF6QkprdVVkcEJ5ai1jSW10aXVhek80czE5WUFhNWwwQmUwd2s1eXM1eXJMaWJRQWI1eU13SlVTQnYtZ2ptTjlQM1hkdHV2SjMtVl9qV2FSdWNDZjJkcFJYQzZhWlRRVnJJMldWWVhYS18wQnprU1h3VG9SSXpXdlMyVXN4eTFvel92R2ljVHlzNm93NkVxME90dDViU2pOVzRUWk5fMmVTYkp0MHN1VlhxWmVqUjJiT3RSNlhaNmRQRGZsUnJYX1J5Q2Q2WmZqSTRxOWhnTUtuYlQydmpFd2Z3?oc=5,"Accord de paix entre les États-Unis et l'Iran : les négociations prévues ce vendredi en Suisse finalement ""reportées"" L’Écho Républicain",fr,2026-09-22T19:03:53+00:00
486,Le pré-accord de paix Etats-Unis -Iran est déjà fragilisé après le report des négociations de seconde phase - Investir Les Echos,Google Actualités — négociations de paix,2026-06-19T07:00:00+00:00,https://news.google.com/rss/articles/CBMiigJBVV95cUxNWU5RRnBHUEd5bHpDWXlZZV9OQ01MRWtLTkRZSlA2ekYwOGc5VHhLM21kM3RLdXJxeGtrSHpHNFhjaTgweVpmNDZBaXkwaGRoZjdVMFhFdVZKcXc1X2FQeGRRMVJxcnUtemF1TUgyRmY0TUdWcW9nbUFNU0lRazVFdFpRUFpUcnQzYVVCaktlbjgtM1o3cHNNOTBKblE2UXowYUk3N1RhYk4ydENYNHFGb3RrSXpBRXU3Zk5TUURwUHRaX2cyWVZodWhmVllfOU9LZXAtUXVBMUk2c2Z6dEp0SzRZdHktZ1QtWDlpTWE2MUs0S2NRcnVHZmxnUl91bzZZVEdNc0ZaSFpwZw?oc=5,Le pré-accord de paix Etats-Unis -Iran est déjà fragilisé après le report des négociations de seconde phase Investir Les Echos,fr,2026-09-22T19:03:53+00:00
468,"Guerre au Moyen-Orient : les négociations en Suisse reportées, elles étaient prévues ce vendredi après la signature de l’accord de paix - ladepeche.fr",Google Actualités — négociations de paix,2026-06-19T07:00:00+00:00,https://news.google.com/rss/articles/CBMijAJBVV95cUxQTS1mMkx0cURqX0dFWXR5dVBRbUttM0xGWi1JMGhFN0VaZHNGaFhGNTEtczhvREdXRVMtYTlPclNaeFdnOFJxamJsS0c2UHV4S3BIUUhzVnZDRVFrT3VMSGVtSjd3N05URllpOHZiTzhGc2NYOGo1WVg0N3R4b0RTVDRkbTBzZWhjUkxYTUtQOFB3Ty1GUkpGYmVwN21JUWMxdW8xYUFOdUJmVUp4Umw4SjAyMjc4c3J6Nl9SZC1xVExDS25qVDB6b3FmYlNDQTRCSnp1MEYtc3E1OTNVNzZpNnIxWjhWakx0U21EMm8yalR2Z3hDY2RIQzlUWi1iUDRtdzhOZDlBQWxXbG9k?oc=5,"Guerre au Moyen-Orient : les négociations en Suisse reportées, elles étaient prévues ce vendredi après la signature de l’accord de paix ladepeche.fr",fr,2026-09-22T19:03:53+00:00
459,Les négociations qui devaient s'ouvrir en Suisse entre l'Iran et les États-Unis sont reportées - radiofrance.fr,Google Actualités — négociations de paix,2026-06-19T07:00:00+00:00,https://news.google.com/rss/articles/CBMiwAFBVV95cUxQM1g5dkpCOTZKN1BYU2xHQ1F3OVhnRU1DRVhGN1JkTHhmWUZmNjRSM3g1dlVrYWJtOVBMaFZaZV9jRks0NUswSmlMZ21MSE94ZV9ZdjlTM1ozR1kzTzJMeTR6ZHRkZWVkN2VxRFB1d3VhZFk4WV9aMl9MZFFXSkFVS3JlWGQ5Zko4M3QxQ1B3RUtJREZyRndQV3psOWNsd3NmZXB6NGRuSEVXMWpGRFpnU282T0hVQ0o3V0p6eTFaVWc?oc=5,Les négociations qui devaient s'ouvrir en Suisse entre l'Iran et les États-Unis sont reportées radiofrance.fr,fr,2026-09-22T19:03:53+00:00
442,Iran-Etats-Unis : les négociations de paix en Suisse annulées ! - Boursier.com,Google Actualités — négociations de paix,2026-06-19T07:00:00+00:00,https://news.google.com/rss/articles/CBMitgFBVV95cUxOWDRrekZUX2FPN01RS0NiN2xlR3ViTnBZUERybjhEU25PM0VaQzJDUWVYZWV3eWxyaDNfRVpELUpFcG51WjhhSTUxM2NXSi0yYlRhdnRPUkRWM0NpWVdZV1duVHQtekh4d3FjM1ExT1VKWEdUMC1TbmJQd1NIVE9mV0Q0ZE9JbTVjV0hHZm1BYXEtWjNLRVpuMkd4ZDF0VVczazVLOXRBNVRJZDZ0LU02MjE0b0tNdw?oc=5,Iran-Etats-Unis : les négociations de paix en Suisse annulées ! Boursier.com,fr,2026-09-22T19:03:53+00:00
314,Delayed talks show next phase of Iran peace talks will be just as bumpy as the first - CNN,Google News — peace talks,2026-06-19T07:00:00+00:00,https://news.google.com/rss/articles/CBMif0FVX3lxTE5JVUZ1cU9mcDN3NmJ2MThpanowR0ZFQUNUQ3hTS0JDb2dmY1AxMkJiajlmS3B0N1Bfa25xZ1ozMm0xZnd3RkcyQ0dTZUtiR0MxTmhWOVR5clUycklEblNrV21JMmxiUWduWlY3TktVU2d0dk5sQ3NuRXZXV2p1SXc?oc=5,Delayed talks show next phase of Iran peace talks will be just as bumpy as the first CNN,en,2026-09-22T19:03:53+00:00
307,Iran peace talks stalled - localnewslive.com,Google News — peace talks,2026-06-19T07:00:00+00:00,https://news.google.com/rss/articles/CBMifEFVX3lxTFB1RHdFcW9ac3BaZmUxejlBcmwwbEJ3NVhSQjZXQkRNZmk3a055alVwb1phZkZHcEVQTHh5RGU4U1Y1NzdieHRXa1pUZHBLOFJuVVJhMThwSE10a1RVZXIxcktmMzV2Tm15dGJ4SHprYWNfcm1OSE01by1PWmc?oc=5,Iran peace talks stalled localnewslive.com,en,2026-09-22T19:03:53+00:00
295,"US-Iran peace talks delayed, Israel-Hezbollah ceasefire announced - KCRA",Google News — peace talks,2026-06-19T07:00:00+00:00,https://news.google.com/rss/articles/CBMilwFBVV95cUxQY3FNTnJVNklXeUFTSlhMY0F3Nm5BdTdubUZKYnhabUZ5akY0bGpDNFEzS1F0TDk0UHhDVnRnQWxkTkJmQ29za0x2SWxvbW5SVEtwdDA2YjRvN2dYcGtrVkRHSWFNUGN5bnFENTI2dUtGWjhNcTA1VURoWGI4QUx3UFpNVmhjLXZSS0NLekU1NjZjdWROT1hv?oc=5,"US-Iran peace talks delayed, Israel-Hezbollah ceasefire announced KCRA",en,2026-09-22T19:03:53+00:00
175,"For retired judge Daniel Ramirez, mediation is about finding peace - Daily Journal",Google News — peace mediation,2026-06-19T07:00:00+00:00,https://news.google.com/rss/articles/CBMirwFBVV95cUxQT2dhZ0F6ZlYyN2xWX2xfX1hWS0dSb1RGbVVyX3YyMkRRanF1X2pXaFhmYjNfTWJqYUYwN3BldGZsTjFrRjRUSmVlNXl1MFVpXzIycnhZbzRiT0ZDZEhKVXl1aXJhVnBUNDVnS2xuWGVzWVRaZ3VTNXZlX2ZqUV9JUmJTQmhjenNSRGh4QjJjMWxHMHNyVjRlMVhOeFo4X0h0WHBFck5RSmhZMWZHeUY4?oc=5,"For retired judge Daniel Ramirez, mediation is about finding peace Daily Journal",en,2026-09-22T19:03:53+00:00
518,"Guerre au Moyen-Orient : les négociations sur l'accord de paix prévues ce vendredi en Suisse ""reportées"" - laprovence.com",Google Actualités — négociations de paix,2026-06-18T07:00:00+00:00,https://news.google.com/rss/articles/CBMi9AFBVV95cUxNNUxlZF9lTmdnbC1PZlA4b1BMb3JQcXd4c2t1Vmx1RUFTaFJkTU5halp0YUZFeFZzZ0RyMmxiMm9oc0VVbHB4SkRBOUtFQkctamxlTDVTRWphS0JWUGpxbDVSNHB2RGxuUFZoUEE2bGtOWlpDNy1DZEdCMzJxdEVLWFJZNnpLdW1mNXhqeWVOQzk5NE5ZWGViekcyZ3hGUHNveDBWMTc1R2lXR0VuMUxjWU16V012dGhRQS00RDEzNjc4cVpubWJmQWFDbGxYT2FocVVHcktUNlFZeGZBekYxdjJ6dm1ZeGs3X2d5T09ycUxDTmpX?oc=5,"Guerre au Moyen-Orient : les négociations sur l'accord de paix prévues ce vendredi en Suisse ""reportées"" laprovence.com",fr,2026-09-22T19:03:53+00:00
481,Trump signe accord initial pour la paix en Iran et rouvre Ormuz - Euronews,Google Actualités — négociations de paix,2026-06-18T07:00:00+00:00,https://news.google.com/rss/articles/CBMiwwFBVV95cUxPMkR6aUxJTWR2X29hRGJaVUp0UHNsMDJJRGVtdno4OUpkeUxhWjZMcm1iMUVEVlZ6SGgxaE1oZXdseTRjU20zMEtnSC1icXRjX21qLUdpSTAxRXRwWjRXXzAyd0hUd3hxZUpBX2ViMkNLb0dVdjlLWnpUbGxJSktUOTUxWmM4ZUllazJOeGlPQmg2bmlTcVg0aklYNm1PU2tZaE1nTk5zeWVpajBwTlE5UEU4QkFEQXFzVi1RZ0RPR18tQWc?oc=5,Trump signe accord initial pour la paix en Iran et rouvre Ormuz Euronews,fr,2026-09-22T19:03:53+00:00
477,"Guerre au Moyen-Orient : réouverture d’Ormuz, nucléaire, 60 jours de négociations… Les points clés de l’accord de paix entre les États-Unis et l’Iran - Sud Ouest",Google Actualités — négociations de paix,2026-06-18T07:00:00+00:00,https://news.google.com/rss/articles/CBMisgJBVV95cUxOdmlNamlaZGlOZkJRaC1kWTZ6TS14Z1hWT25MRVA2XzBOekI3TlVfc2NYS1FyR2JmYmh1YmQ3WDdkdzFoa253YXdDVXZpazdTLVlkR1Q3Z3BGaWE3eFotUEQwS3pUU3ZnWkZfbjF0VU5PeVpFQ01acVdrU2MwazJjWnQtMnFtU1JEbklZTjJRNi1yV3dzTUtXNXZiMG9YMnViNWJLanhJd0dudTNpZWRqY1pzdHBXUmNweWp5SGpadG5fd2xSc2pFTU5BTHo1LXBXRXhkWlZTMlZVZmhGTFJ3TlI0UzFJNGw0RWtXWTRUNE5neHZ0bV9fb2xoZ2JnWmx5VDRHMTFraWhRV0EyR0Z2VTZ0LWVUWTdqZXZrSXJnMTNjdFJhMGRZT3N5Q0JaLTE5N2c?oc=5,"Guerre au Moyen-Orient : réouverture d’Ormuz, nucléaire, 60 jours de négociations… Les points clés de l’accord de paix entre les États-Unis et l’Iran Sud Ouest",fr,2026-09-22T19:03:53+00:00
469,Iran–États-Unis : un accord de paix est-il possible ? - IRIS - Institut de relations internationales et stratégiques,Google Actualités — négociations de paix,2026-06-18T07:00:00+00:00,https://news.google.com/rss/articles/CBMihAFBVV95cUxNRmo0LWtuSTVFbTYtMllNZWhGY3I5TUF0cURJRGRQUTd6RENHZ00wenVncVF4Q3FIOVJOSVNNa19JRFc1V2hpMmZjTUlOanpyd0VPYzRVN0hHR2ZUUW83ek1xSDdUVHRxZUpfWDd6UmF5SkpoMGhRNnFfY1JYelVSdXAyRDE?oc=5,Iran–États-Unis : un accord de paix est-il possible ? IRIS - Institut de relations internationales et stratégiques,fr,2026-09-22T19:03:53+00:00
451,Comment le Qatar a sauvé en toute discrétion les négociations de paix entre l’Iran et les Etats-Unis - Le Temps,Google Actualités — négociations de paix,2026-06-18T07:00:00+00:00,https://news.google.com/rss/articles/CBMi2AFBVV95cUxONkk0UlNselNWclEwT2pXVlV5VmlQSHN1R1VrQUxZa0N1NjdwaTdhTnd5RnU3ODZ3QWZHM2puVGNYVDlEa2U5WXJnMFFfNnlKb3h0Uk1EbzhYaWdfQVhXdHRyUklNazE5ekd3cVlTQlF3LTN1RVpTX0dER3pwdW5KQm9vLUpZNVJ1TUptczFtVFFLOHlMUzlSejNmTHZzVDhNc0lMYzR5dG9KcWhHX3E1Z0ZNSHNnSnI0ekZLWUNudTRuUjRuZXN2bUxSWDdBVGtVd2JXVG50RkM?oc=5,Comment le Qatar a sauvé en toute discrétion les négociations de paix entre l’Iran et les Etats-Unis Le Temps,fr,2026-09-22T19:03:53+00:00
151,Peace Mediation Could Be Japan's Next Big Diplomatic Tool - JAPAN Forward,Google News — peace mediation,2026-06-18T07:00:00+00:00,https://news.google.com/rss/articles/CBMijAFBVV95cUxPdFZqMDhkRFBZV3RFVDVnMEp1S0R0RzN6ZmhuUHBJMXhPUkF4Z1ZUZl83WTZrZldYdkhRZVhJYmtsRzV1SEhUc2ZhLW9pendFMkhYblpKUnV0NllxdER1Z3MtOXl2Mk0xSjJ4ZXpNc0FueXVfWTczY0stNzREYUlrOXFRTlZyZ200UENxYg?oc=5,Peace Mediation Could Be Japan's Next Big Diplomatic Tool JAPAN Forward,en,2026-09-22T19:03:53+00:00
92,The Nikkei Forum: CMI’s CEO speaks on the importance of mediation diplomacy - CMI - Martti Ahtisaari Peace Foundation,Google News — conflict mediation,2026-06-18T07:00:00+00:00,https://news.google.com/rss/articles/CBMiogFBVV95cUxON3hYb1RmUUN5YWxSVlJFU1BOMTFCQ0F1Q2tNRmxzWEFNUndrcnBzd1lTU3JvcVBHcHVWWE8zbVlLYVVuTzlXZnZESWdITWFjbF9INXFfWnM3cmhvcnF2Wm54TlA0VUVsZG1sby1KempWOHJHcnh2bVBWb1pMYl82cmFSeTJ4cE55em9ZeE95THBackNqOXVwZmZiclQzaFFXSmc?oc=5,The Nikkei Forum: CMI’s CEO speaks on the importance of mediation diplomacy CMI - Martti Ahtisaari Peace Foundation,en,2026-09-22T19:03:53+00:00
64,Meet the world’s new peacemakers - The Economist,Google News — conflict mediation,2026-06-18T07:00:00+00:00,https://news.google.com/rss/articles/CBMiigFBVV95cUxPNUVWLUcxNUFDeTEzLUNVZmg4Q080Rlk0OWV1S0NTYndCZ3Q4QWhsaFZQWWdIdEMxeHkzbzNMc2tjdXNLNnh2UVlNUWVhaHV6ZXk2MVdFVFhhLUNmM0VyQ05GM1o4NTJ5d1F3SHZ6VnpuVzY0V1ZMZlRuOHJZWDFyMXNhSVNyRTRncGc?oc=5,Meet the world’s new peacemakers The Economist,en,2026-09-22T19:03:53+00:00
482,"Guerre en Ukraine : l’Union européenne a eu des brefs « contacts » diplomatiques avec le Kremlin, selon le président du Conseil européen, António Costa - Sud Ouest",Google Actualités — négociations de paix,2026-06-17T07:00:00+00:00,https://news.google.com/rss/articles/CBMizAJBVV95cUxPU2hCd1ZDcUd0WjlRbFRXX3JZX2EzazRTODFfMzBIeEhJZXJSdk0wc3hVZDdoWmVIcERyNEoxeV9mUm9XUUtSMEVTTk1kM0NQQnJIWkVDYkpUYkhtbmxZcEdEV0JHR2NXZHBad2FUZWdUNXJVU3RBVmxUeFVpZ0dBUFVLT0wxelp3TElmMnlwX3luWlhwR0ljcDg3MzEwbnlER2M2V3hDS01UTld1RlpveEY3UnM2NGpwUjl0a3hRd1hmQkp4QTdNdjVxTlJwbGFqQlhSUUw3dnhmUnJsNWNpQWtIMW1hUFZkRUZWZzkxbGNXbHdRd183TW9CNHV1dWtUazhvby1vb0xUTUYxbkpHeGJCaXdid0tJOEJxOUFuVUVOczlkX0NuNjhiMm9xYk5pQ2oyUVc5MUl0ekNmb3l5WEUxTWhOeXV0VXVKYg?oc=5,"Guerre en Ukraine : l’Union européenne a eu des brefs « contacts » diplomatiques avec le Kremlin, selon le président du Conseil européen, António Costa Sud Ouest",fr,2026-09-22T19:03:53+00:00
429,"Les femmes : premières à payer le prix de la guerre, dernières à négocier la paix - UN News",Google Actualités — négociations de paix,2026-06-17T07:00:00+00:00,https://news.google.com/rss/articles/CBMiV0FVX3lxTE1aQlpTQWNFS1JleW50T0FUbDI4RlFKS19FVkIyNFJwLW1rOTlYQVRDX3daQjRJRk41MzNZQzBCdmllbTE4eFpGa3RIRUFKY1FNZFN2OEs0TQ?oc=5,"Les femmes : premières à payer le prix de la guerre, dernières à négocier la paix UN News",fr,2026-09-22T19:03:53+00:00
202,Trump Declared Peace in Congo. This Is the Reality. - Human Rights Watch,Google News — peace mediation,2026-06-17T07:00:00+00:00,https://news.google.com/rss/articles/CBMijgFBVV95cUxNaEk5MG9RRjRYVWpiVzV4ck9ZVlJtdkdWcHNqMTAtcktmWHFwVldxTUJRZWJaUWdwYnhvem9hUm9FWTRXaEdWeHBQNnlBZ0YwWHFEYWNCbVN3elRreWh2ODVoMFdaamJZRmRxQ3RxSXBMTGJEWldybkRQdFptTlFucGFXSUVHbXNWalRMWkl3?oc=5,Trump Declared Peace in Congo. This Is the Reality. Human Rights Watch,en,2026-09-22T19:03:53+00:00
176,"Speech: Women, the largest and most reliable constituency for peace, ready to participate - UN Women",Google News — peace mediation,2026-06-17T07:00:00+00:00,https://news.google.com/rss/articles/CBMi2AFBVV95cUxObmNvS0p4Y3prTElCMjJhQVdKM0JzdzRBWmc2azROSWRfSTF2MHV5aVExSmJjLU1rWGE4dVNsRzFKTXhOTHAxbGF0LUJWOFZGMUFqbmNBRE1ITG04RTZsOTItSUpDUHlscGtWWl9qbEhkejlxcllkUDBsTVBjRWIteTFmRjhFNzVoalpvb1ZMdmppT01mMlN4ckVJRzg3cGNRNnNWRFhjOXoydlFkdFk1YWhLa0RDM1JUTjRSTjNoOF9YZmFza1dWSGNGdWRYRVlXTGlVdEhPUDI?oc=5,"Speech: Women, the largest and most reliable constituency for peace, ready to participate UN Women",en,2026-09-22T19:03:53+00:00
174,"Dr. Akiko Horiba, Director of the Center for Mediation Support, Speaks at the East Asia Gender Equality Forum - 笹川平和財団",Google News — peace mediation,2026-06-17T07:00:00+00:00,https://news.google.com/rss/articles/CBMia0FVX3lxTE4tdzJUNS0wVXNmRzY0RlJTQ1c0bW1HbkxadEZMTGFHQkVpc05JOEhDV1J0UjJXeW11SzBRZkw4U0U5WTd0dnRlVkJCZTdKaUtwSnNkbkc4clhXT1M2c1F3YmlyeFpwR0QyZTd3?oc=5,"Dr. Akiko Horiba, Director of the Center for Mediation Support, Speaks at the East Asia Gender Equality Forum 笹川平和財団",en,2026-09-22T19:03:53+00:00
80,"Women’s Role in Peace Processes More Urgent than Ever as Violent Conflicts Multiply, Rage across Globe, Speakers Tell Security Council - UN Meetings Coverage and Press Releases",Google News — conflict mediation,2026-06-17T07:00:00+00:00,https://news.google.com/rss/articles/CBMiV0FVX3lxTE9jbkxEdDJzeW1BejF2OWd4V3YwVnpKdUkyN1pCOUd1bnFvN2lRSVIxaTBRVHFXNVlpdjR6VU9IRFlYNUNRN3djeHllU1YxcmQ3eW5hdGJEUQ?oc=5,"Women’s Role in Peace Processes More Urgent than Ever as Violent Conflicts Multiply, Rage across Globe, Speakers Tell Security Council UN Meetings Coverage and Press Releases",en,2026-09-22T19:03:53+00:00
70,Norwegian peace diplomacy - is it facilitation or mediation? And why this matters. - Peace Research Institute Oslo (PRIO),Google News — conflict mediation,2026-06-17T07:00:00+00:00,https://news.google.com/rss/articles/CBMiSkFVX3lxTE9Wd2dIb2drRFlBaUhpWk9NdkRoRkQ3dDVDTXYzOTBmM0tadndLakhMS1dzajVmbUU1Y3NiT3BCRE9FdEY2QTBNZ0Z3?oc=5,Norwegian peace diplomacy - is it facilitation or mediation? And why this matters. Peace Research Institute Oslo (PRIO),en,2026-09-22T19:03:53+00:00
491,"Guerre au Moyen-Orient : prévu dans l’accord de paix, le fonds de 300 milliards de dollars pour reconstruire l’Iran embarrasse Washington - ladepeche.fr",Google Actualités — négociations de paix,2026-06-16T07:00:00+00:00,https://news.google.com/rss/articles/CBMijgJBVV95cUxPYjFYUkg2MUdIV2lqTVdFTHloNHptOTMxMzZBeEY0OTBKbFFMS0Y5WUxwMk9Va2RmY3RZcFZGNDdlRVltUnJhTTdOb25idHJPOEVFX21hNGVxUHZTWng3SUMya3JpZU44OUc3Z2luTW9Pd3kzSjhiUWhyUzNhM0hPaVAyMjl6bVI2SnpnOHRBSFNVOXV3QW5rSVBXWEpLazA1aVlBWTdNMFlhcVhhbTcxejdVMWZyQ0ZKaHp4cTVFU29XU0E5X0FyNEtNelRYZzh2MGMzcC05UWFXWDltaVAwQUZ5S0NKWloyWFJlUWFwR21ndmV6dDdqSS1mSlJubHRucXFMOHNaYzVlVmRnQVE?oc=5,"Guerre au Moyen-Orient : prévu dans l’accord de paix, le fonds de 300 milliards de dollars pour reconstruire l’Iran embarrasse Washington ladepeche.fr",fr,2026-09-22T19:03:53+00:00
480,Liban : l'écueil qui pourrait faire échouer les négociations de paix entre les États-Unis et l'Iran - Atalayar,Google Actualités — négociations de paix,2026-06-16T07:00:00+00:00,https://news.google.com/rss/articles/CBMi7gFBVV95cUxOV0VpWG5SRzhpOVpZR21kQjVsdW9kWVhrM3N4TEJubU1MVGlHOElRRHQxWFFiX3A3LXJNUVhvMGhxcEpKQm5hSUdaRzZPNkNhZWpxMldrMlRITlBCanp2ZGExcDF3OFJsTzVPc0V1bWtHZWFXT1ZHeE8tSFJzaGtTYUdDbUktSDA1VGNKWEtndmFDM2dYWEZqYm13SVRKcmxwTTV1d1c5TXV0ZDR5ajduQ2R1azRuOWhCUkNTekJocnZJU1hYbmlmdW9yOEc0cjhMN19mSkZoN0FBSTR3eGVpM1p5QTc4Y1ZKNU9BcG9B?oc=5,Liban : l'écueil qui pourrait faire échouer les négociations de paix entre les États-Unis et l'Iran Atalayar,fr,2026-09-22T19:03:53+00:00
444,"Au G7, Zelensky et les Européens tentent d’impliquer Trump dans les négociations de paix - humanite.fr",Google Actualités — négociations de paix,2026-06-16T07:00:00+00:00,https://news.google.com/rss/articles/CBMiyAFBVV95cUxPb1lvOGhpcEhtMU9lVmRSQW1MSHNxU2dPOVFRcHpMV1hZTmhsMFBiQXRrX3d1VjFHUUNNRXh6a0IySE1MQ29YQ1EwYVRZUllUalIzOUF0aV9TZXpZM203NmlIdGVTakwtZmNDUGlsX0ZNeWQwWGRadDF6emR4V3o2aFFncDJLcE5vdkZDS1h2MTZUT1JvckU3Y1RENDdJeGIxRTNOZ1Jya0RBbVdlSnVrN2x2SnlGZlJTSjFaQXF1OFEwWUhxbzl1RQ?oc=5,"Au G7, Zelensky et les Européens tentent d’impliquer Trump dans les négociations de paix humanite.fr",fr,2026-09-22T19:03:53+00:00
152,The Center for Mediation Support Holds a Panel Discussion at the 31st Nikkei Forum “Future of Asia” - 笹川平和財団,Google News — peace mediation,2026-06-16T07:00:00+00:00,https://news.google.com/rss/articles/CBMia0FVX3lxTE40WlJtZ2NQZXRYU0ItUlBJUlFRTTk0am9kREZia29FTUdydGNndHFiakJBUGppN1dfbUhCVmJ1NjN1QzJ3ekFXOV9qZDZZVnpoLXhwdEttRkRKRWtINXVzLUYxbDdZR1oyMUlz?oc=5,The Center for Mediation Support Holds a Panel Discussion at the 31st Nikkei Forum “Future of Asia” 笹川平和財団,en,2026-09-22T19:03:53+00:00
68,"Immersive mediation program trains tomorrow's peacemakers - California State University, Long Beach",Google News — conflict mediation,2026-06-16T07:00:00+00:00,https://news.google.com/rss/articles/CBMilgFBVV95cUxQc2JiZWtINmY5Q2ppcEtvd3FjT1VBVFFvNE1tS0FZOEVabEctX053Tm5RMWtTUW43S0xKWDJVX2NVYVg1Tjdid1ZZR3BwYnlaRWJqWC1kalZhdS1rc1Y0TDRXZjBOUlppVUxiSHFBcHZ2cTd5MGUwcGtab0dNTVl6U0ZwUFZWbXNvejJjbTFPUjNsVTV0VWc?oc=5,"Immersive mediation program trains tomorrow's peacemakers California State University, Long Beach",en,2026-09-22T19:03:53+00:00
517,Iran : l'accord de paix sera signé vendredi - BFM,Google Actualités — négociations de paix,2026-06-15T07:00:00+00:00,https://news.google.com/rss/articles/CBMioAFBVV95cUxQaVhmSTJmWjNaaG8tUktxT0lIS3luX0NkUm1mRFFxOFNJS2dRX3lrNC1MTWw2b01sTlh3elhlTTY4b2xPWWpCNkx1a2xaNmlOZXh1MDhuS3RuOEpyX0o1VVQteUNQTmU5MDByNWpyQVVNM21xOGZrSTRLQzBXeXpuNmp4NDhYczZyTk5SNVhvRllTQ2MzamlKd25qb1I1bmJD?oc=5,Iran : l'accord de paix sera signé vendredi BFM,fr,2026-09-22T19:03:53+00:00
511,Accord de paix entre les États-Unis et l'Iran : ce qu'on en sait - BBC,Google Actualités — négociations de paix,2026-06-15T07:00:00+00:00,https://news.google.com/rss/articles/CBMiXkFVX3lxTE9jMnlnMUNVWlk1V0NBWTVmZ2tfc1lqUFJSc2g5ZV9ZYldzeVJDQW9MQVBoc1A3cElvQ2VjUklQZzFwWVp0OUpmSzFHcFk0T2ZFaGQ2dmt1Tlg3UmtlM2fSAWNBVV95cUxOYXpEUmFmZzZ4MDhKNzk5NDBKN3VFNGN1ZDJCSUVCbzhPREdBUHpqMUt4ZW9ENnYzX1Myb2J4V1k2eEhaS1B1UWd0amZPbFAxdTctX21WZzNjVWg3bkphOEN0Rlk?oc=5,Accord de paix entre les États-Unis et l'Iran : ce qu'on en sait BBC,fr,2026-09-22T19:03:53+00:00
502,Accord de paix entre l'Iran et les États-Unis : quels sont les termes de la négociation ? - Europe 1,Google Actualités — négociations de paix,2026-06-15T07:00:00+00:00,https://news.google.com/rss/articles/CBMixwFBVV95cUxNTTY1Y2FXemR5WVZPbmFuM2d6T1pwenZUeHZuRXFPOWU4TnU5ZVNrV09nUVFGNzBVRUZfM1FwTEFBb0VTbUVLWTNBTVRMVUdZZGtBdDRPNl9jZzYxWDRTUEM5djVFM0tfZnZsYW9lbmVwX250WDRQT0laWGk4SHk2SDBGYzdVOXNwZ0lFeXBnaTN0UzdLV0tkVk9GSnFwRXc2OFF4ZmRXeGFQQmRSU045cjdKQ0VLMFhkX2F4Mnc3Q2t1d1czeVBn0gHMAUFVX3lxTE9zTWFTRldZMEpkNmpwdWM5NDd3R014TFhHQlVjZFhwcFN0T3NhVV9GUk5JSE9Ocy05dzI3Z2RZdElGU1ZpRVdDV3RIWTk3S1NHZ1lvbTRLdkFsZE1pa0ZjOFgzQXl4RUlDd2tBQVJmOW1GVV9YdEh5V3BoX2Q3N3lBa3JqVGh1cDlKdGpKcjdERlY2MlJOeWx6NTBWVWtnanFXOEU3d2tjT2ZCVGxBVmdwUF91ZEJMcUFVSF9waXBqSnNPN3Q5N3F3OU4ySA?oc=5,Accord de paix entre l'Iran et les États-Unis : quels sont les termes de la négociation ? Europe 1,fr,2026-09-22T19:03:53+00:00
212,How Pakistan mediated a US-Iran agreement after more than 100 days of war - Al Jazeera,Google News — peace mediation,2026-06-15T07:00:00+00:00,https://news.google.com/rss/articles/CBMitAFBVV95cUxPRlFyMm5uNW40NlhmOWRudkZBZFdqUm5lYjhvb1JSSVVZdkFVeEs0WHJrM2xBTUEwMXdmc1dCMXpMc0ZWUWtTRVN3V1A5MlBINy1YdDVGN1lXaWZ2SHhCQXFTS2V1R2dJM0E2MlRTOElhcEx5QVg4Y1NtVkl4MzF6TXMxellqRXRiaEhESWQzcDM3eGlmdnl2VGtrYzdDbTltMlQzdjNBN0FLdmhCRFdXdTVLSFXSAboBQVVfeXFMTlExVUs4WWtuSUU3bjlzVHZLN2RESzQ0TEw2VlJsVDd3aHFOdGt5NEVjNE1lUHZ5TUtndXgwdjlvcGU5VmlsbmJtR3IyRzg3LVZFVmo0N0s4TkQ4NGM5T2s2TjJGOU50enEzdmdNR1VsZUVCRVNWNHJxWS05S1FXMkV3SUY5MGFWYlRQZ1lXY1MtU01tXzZYallSaWRxU3c3MVNVc0pRNzU3Nnp0YkY0ck1CVE1CeGlia1h3?oc=5,How Pakistan mediated a US-Iran agreement after more than 100 days of war Al Jazeera,en,2026-09-22T19:03:53+00:00
198,Peace Mediation in Transition: ETH Forum Discusses Current Challenges and Opportunities - Center for Security Studies | ETH Zürich,Google News — peace mediation,2026-06-15T07:00:00+00:00,https://news.google.com/rss/articles/CBMi1wFBVV95cUxNT1puWDNwWVIySm02dDcycS1PMmpSajJyakxpNDRGS3dqSFpUVXlWWG1BXzVlRWpacnNrZzNaS0ZtUzhfQU9HemJiclhjZGpLQjBDYnlqRVZlNklWTWE1MWw1UUpMcUplMk1QajF0VUhPVUU2MFUtaVQ3UTU3NUsySEh0S2VaV1JJUUdtSHpFNk1WUEZmOXIxNmp1SWd5TV9sSXZUb2hsNjF1cDNEUjVVd3hMX1dpNlF1d2JMTlE2M2w5NGV1RlNhcmlmWTNoOXZlWjUwV25EMA?oc=5,Peace Mediation in Transition: ETH Forum Discusses Current Challenges and Opportunities Center for Security Studies | ETH Zürich,en,2026-09-22T19:03:53+00:00
148,Integrating Climate Change Into Peace Mediation – Why It Matters And How To Do It - Climate-Diplomacy,Google News — peace mediation,2026-06-15T07:00:00+00:00,https://news.google.com/rss/articles/CBMivwFBVV95cUxPTk5lUmc1eGZvQkpxRU9OWFhtSmVMUXQwS0FfbUFOdE5ubTRzOVE0VGd1NFd6TVlXcGFzY3R2NEtGSFRTUFBTekFQd2l1WklEZ2haNnczZkVwRkVWVG1JakZkRk9oNkdIRFY1MEVYTkRnYjZqMXdOb01JWWxpUzB1dXV0NnNyS0VCYzUyVUw3N3lvSUFEUE84QV9qRnhzRUY0UGZRY2lQaUFMN1FMRnpLeHB0Y3JSZS1Jd2JxU2kybw?oc=5,Integrating Climate Change Into Peace Mediation – Why It Matters And How To Do It Climate-Diplomacy,en,2026-09-22T19:03:53+00:00
94,Exploring global peace mediation experiences and China’s role: CMI co-organised the second International Peace Mediation Forum in Beijing - CMI - Martti Ahtisaari Peace Foundation,Google News — conflict mediation,2026-06-15T07:00:00+00:00,https://news.google.com/rss/articles/CBMi9AFBVV95cUxNTktLeFh3VFNNU0syb0I2QXlSLTNZYVY2RFkxYUdrS2hJeWp6Y1duUTcwaWxuQ0w2NTA2QnJjTFBOdDhXc3JMeTR2WkI0YW9VazJnR2hLdkR6Q0dsbjdvREEwOEhrNTdDNExsdDM1TUhPNzZwTldpN21ZMXpTdFBQUmt6MzJQQzRjMnZyM0JRczFadUpyVGg4bFJIQVR2bDdZaDNqYlI4dEIzam1Gc29qTTdhYlhmVTExODRKY1hkS0hxX2RUVFFnSzJGRTBhTm1rNktGMF9vYm5naTFqbHk4X1NGa0lEemlRSE1KTVN4Tmg1aG1O?oc=5,Exploring global peace mediation experiences and China’s role: CMI co-organised the second International Peace Mediation Forum in Beijing CMI - Martti Ahtisaari Peace Foundation,en,2026-09-22T19:03:53+00:00
82,How Pakistan proved its mediation skills - The Christian Science Monitor,Google News — conflict mediation,2026-06-15T07:00:00+00:00,https://news.google.com/rss/articles/CBMiqAFBVV95cUxOVnZ5U1VDTEdYb0YxM3NzNXhnOFdLSzBWTVBvVFNoZ09tTkhFSERjYVUyTWN1T0U1amxVNXdhTlAza0tNajVmZWpNSHJzRWY5ZXB4NjFQM0lUQS1uRFJKTGlHZWVWY21NbzhtcnFKNGhNRkI3aHdwQ3VhWF9mRlFIeFNNb2NueGxvSDNNRFZBTF9uUnZTLUVjcWpPUGZtWWVDN1d1dzJES3bSAcIBQVVfeXFMTzcybG9qX252N2xYRUNmMUFvU0VETnM3UlZFaVZwM28yeExxcjJQM213bnp5bXMzaHhJdnFJdWlMZklWNkI3V2RLV1dPaVk2SzFfbk9zTlJmNk54SHdxdS10VkdyTEZLNnhrYmNGNU9GR29zNm96Y04xeklrR1hvSktlUE11YVFHLVh3czZQWVVmMEFCX2ttaXZVVVFvSDRzajl5M3F0MWlLelFWa28tOHlhYVZFY252R0ljQ0JIdWJsa1E?oc=5,How Pakistan proved its mediation skills The Christian Science Monitor,en,2026-09-22T19:03:53+00:00
447,Le Moyen-Orient suspendu aux négociations de paix entre les Etats-Unis et l’Iran - Libération,Google Actualités — négociations de paix,2026-06-14T07:00:00+00:00,https://news.google.com/rss/articles/CBMiugJBVV95cUxONmFmZmQ5RnM3NjgxRWoteVktMGgzaXNuQ3k0dzl6TlhkWmo1QXh6Z0duVUZSbXZxcG1yajI0YXgzQ0xLb2V3Y2hybm5KYzByTVRTZXJZTFdwOE5WSWFBRU9zMzJNelhDVEhYNjFfckZCREo1ZW9VVW5RdFI1Y2JhUkdOVVpDbTVubThKVWFobjFIUXJMSzZyazY2NjROOVR2aEp6M1ZxaEF1Ymg0MmhTd2VDXzlORzEzdVVGcmx3MXZjWENjVzZReGlQOHBfSjZRM1pnNmxSdnZVQWp1Rk1HbGYyLWN1ekNhMWRWaVR6alBzMHQ0MlR4ZjNtT0ZGY2x5c25jR3ZROVJKaG1kSDEwMlk3X21vTE5RRVZ0eEtTZFJqaFZzVjFtTXpiYVVnUGZkeHRfWlRTMmJMUQ?oc=5,Le Moyen-Orient suspendu aux négociations de paix entre les Etats-Unis et l’Iran Libération,fr,2026-09-22T19:03:53+00:00
214,U.S. Agrees to Peace Deal With Iran After Pakistan Mediation - Moomoo,Google News — peace mediation,2026-06-14T07:00:00+00:00,https://news.google.com/rss/articles/CBMiogFBVV95cUxOb3VkV3BEdVNrRmtsbzNjZlZKclpTQ2dKNWVyVXNncGdXeUxWczlfaHJ6Nm5NUHZ3VVNsdFNJdmJRUHNRM0tONHlkUUJpRExWUE95WkgteHdRNURuRE5IRGRiSGhSUGFQRUFZUjQtVG00eHBfQVFOWWdNUnlwd28zZzFmZDIwd3pNdVd2RGZxdWF6LTVKc1dhcTM2R3R0VzV4SEE?oc=5,U.S. Agrees to Peace Deal With Iran After Pakistan Mediation Moomoo,en,2026-09-22T19:03:53+00:00
496,Accord de paix entre les États-Unis et l'Iran: «Le texte sera important s'il n'est pas trop précis» - RFI,Google Actualités — négociations de paix,2026-06-13T07:00:00+00:00,https://news.google.com/rss/articles/CBMi5AFBVV95cUxNLXJUbWNSVERRRmYyTmFjYW5fOWF2NnVuZnprWW5qbS12cmRSSF90MmttLUlvRmtma0tSN1ZoSnBrQzNRUzBkdk1hdFF3MkJFTmlKVWxFYl92cEpMaVhmb2UzZEtRV3ByS0sxYmZqTndqNFFNcnNLdzNYbGJtYnFja3YyZTY5OHBiOV9XS2dZSG01NDE3QTk0c2Z1ekRCaG1CUWZRTm40NEZqMkF5MzFfdDVGdGpfdDYtWUJGWnFMTjVCaHFLelpDeXphVUItckZvNUt0MDFXYnlTOVAzRDNMaG95Wk8?oc=5,Accord de paix entre les États-Unis et l'Iran: «Le texte sera important s'il n'est pas trop précis» RFI,fr,2026-09-22T19:03:53+00:00
209,‘24 Hours to Peace’: Pakistan Signals Looming US-Iran Accord Amid Armed Strait Intercepts - Kyiv Post,Google News — peace mediation,2026-06-13T07:00:00+00:00,https://news.google.com/rss/articles/CBMiS0FVX3lxTFBhWmRFSGpVN09XSlhYOTVEcVltQ3ViVFltaXBjZWtTMDZxLXRYNUtjQTV2Q21CbWs4WU43TW04SjVXS0N0SE1OcTBsWQ?oc=5,‘24 Hours to Peace’: Pakistan Signals Looming US-Iran Accord Amid Armed Strait Intercepts Kyiv Post,en,2026-09-22T19:03:53+00:00
485,Moyen-Orient : ce que contient le possible accord de paix entre les États-Unis et l’Iran - Le HuffPost,Google Actualités — négociations de paix,2026-06-12T07:00:00+00:00,https://news.google.com/rss/articles/CBMi-wFBVV95cUxPWEFQUXBMdTRYTXR4aFVIeklVUWdpcHluRDVHRlYtTDZqQ1o3QlBIVERBVVpRZ3RDX0RtQnNxWVJ1dVV6SFJ1dHVaZUxZS0Z6eFVaNFk0MkRmU3ExRnFDZHYzaHl2emxrdVlHYTZYR2dNWFFrcnRkQWZmNGtfVDhjTWtGaldwRlRpNXpsaGNpZk9GT0t4emcxZW0yZHRjU2hOT2M1bjlycTJVUjJjY2VyU0R2VV9qWGNaUDhBSFlUbUxFN1k5LUlUWmxfTmNnbUZDVDBXMHlMdkE5Z2o5UFVpSm9CTXc2WFpheGxfV3hURUFJLUpIRUJ1cVR0Zw?oc=5,Moyen-Orient : ce que contient le possible accord de paix entre les États-Unis et l’Iran Le HuffPost,fr,2026-09-22T19:03:53+00:00
462,"Guerre en Iran : paix au Liban, 60 jours de négociations… Ce que l’on sait du projet d’accord proposé par Washington à Téhéran - Midi Libre",Google Actualités — négociations de paix,2026-06-12T07:00:00+00:00,https://news.google.com/rss/articles/CBMi_gFBVV95cUxQVHBzUUFLeEdUcFRDdW5fMVI0UXRDWG1lUlM0RkhJYnNDYVVSZkRkMWJVVXhHRXZSVjQtNlYyMjlkSE9IYWxCWktnWGM3UjR1NmVrTGFRRVJ1RXQ0aEl3VDBGQ0psNGF5Nm9kNTlDQmlDbkVZNUNjeW1PUC1GeTVCa1EwSE5lZGhIZkZzS3dsWXNyLWtZUl84YWwxTTd1cnpPZjNEdGFTSExYNDBWV0VjYWxPOHhfOFlwVF9iWG1Td1BHTUxTZkdPTmEzZzhzR0Q2dnNGTHp4ekNSbnQ1ZVBNSGtDQXV1LXRXQ3ozclBYNThlWHRBTHQxeFRGQUJ5UQ?oc=5,"Guerre en Iran : paix au Liban, 60 jours de négociations… Ce que l’on sait du projet d’accord proposé par Washington à Téhéran Midi Libre",fr,2026-09-22T19:03:53+00:00
219,Mediator Pakistan says Iran-US peace deal text 'agreed' - The New Arab,Google News — peace mediation,2026-06-12T07:00:00+00:00,https://news.google.com/rss/articles/CBMiigFBVV95cUxPRHNXbVhfMHdlbUUteWNPeURiZHgta3h3ajlCT1RxckMtQnFGNFB5UTU0SFhnVzlPUjBRc1hJTU01NkNQRFdGUk1UWDZOdDRZeHdqcU9ya2FBdGZmQ3BOZm9aWjZoMjdQcHlIbHpPZ0NsUWNxR2Qtdk5aaG53cERhdzQ1cjA4eHNqVFHSAY8BQVVfeXFMTVdMakFlRk9ybklJSGNLamVqa2MxRGxrQ0NFQlh0SjhoMGFkUTlRd2pRMmM3MUFLZG4wSUVwaTdOUDRDWm5OUzNmN3ZKRGJWTUpkazdzQ3h5ZXhFelV1a293dzItc0Q2NVJLUUJ1Q2ZncS0wamRnTHE0S0k2blBqX3RMWkpaOC1GQm15ZWlNUFE?oc=5,Mediator Pakistan says Iran-US peace deal text 'agreed' The New Arab,en,2026-09-22T19:03:53+00:00
190,This Week in Peace #131: June 12 - Peace News Network,Google News — peace mediation,2026-06-12T07:00:00+00:00,https://news.google.com/rss/articles/CBMiY0FVX3lxTFBROGJyUS04QURkYkh6ZERiYm56d1NJMExmOHlsb2RzblNfUm1IeHlVbDh6UW9mdURBbFEyTzM3S05BNEZjWGktOEpDTVBCaXBIZ1A1YWxqWXhGSE0tSVc1ZS1DQQ?oc=5,This Week in Peace #131: June 12 Peace News Network,en,2026-09-22T19:03:53+00:00
168,"Participation of Ambassador for Mekong Cooperation HAYASHI and Director of International Peace Mediation Unit, SAITO, in the Oslo Forum - mofa.go.jp",Google News — peace mediation,2026-06-12T07:00:00+00:00,https://news.google.com/rss/articles/CBMicEFVX3lxTFBYVHBtQVdDU0JnVVJVd0l5SDZwUi1WUV9iTEVDckFHODh6SElXQzAzOVVrZ0xuNXBEZDUya0NLNFo5VGF3WFhGdFNKZ2wzanJDVy1mQjNjbFF0amhUYUEzRjhjeFFZQ3AxeWs2RkN5M1M?oc=5,"Participation of Ambassador for Mekong Cooperation HAYASHI and Director of International Peace Mediation Unit, SAITO, in the Oslo Forum mofa.go.jp",en,2026-09-22T19:03:53+00:00
104,Minister of State at Ministry of Foreign Affairs Highlights Int'l Mediation Challenges at Zurich Forum - وزارة الخارجية القطرية,Google News — conflict mediation,2026-06-12T07:00:00+00:00,https://news.google.com/rss/articles/CBMiigJBVV95cUxQa3ZJcFdjM21DdkZUTVVBUFduSk9iVkFoR215YXNVakFYcHU3aDltM09hR3ZVVXJ5c2Z6YXY4WU1EdlZnUWtPcWdUTmZMcjNzblBPOVVxNE95dU5nQ1lkblVPSVVvS1lJc2trWjhKaEEtOE85bVVScFdUTEFta3VCUGdfd0oxT0FLSWYxTjZTeDhEZUhUeE5xckFXSG9WZTZsNl9jZ04xUmg3Q0FzdXEyZkNvZzJfMWtHXzM1WGlYZWkzTUVjY2c2eEtZLUZ3MVdKU19VZHo2b1QzM1BIak5obXhkZzBIdlFLRXRYcGFnTnYwQlpQYVNTT1c0X1NNS0I0djVTdklyM010QQ?oc=5,Minister of State at Ministry of Foreign Affairs Highlights Int'l Mediation Challenges at Zurich Forum وزارة الخارجية القطرية,en,2026-09-22T19:03:53+00:00
474,Meloni appelle l’UE à jouer un rôle moteur dans les négociations de paix en Ukraine - Anadolu Ajansı,Google Actualités — négociations de paix,2026-06-11T07:00:00+00:00,https://news.google.com/rss/articles/CBMi0wFBVV95cUxPaDg2ZVdGWDhFRjJQQ2dTQl9uZDgxMl9Oek95NDhJOEFIdGFRNTRrMVVXS1pEU1NjNVo5bWh4N3ZuZDJnTldLVnhfc05YV2J4SGVYMG5RTUE5cWV2ZG9Idnh1a1dEdGlrSTRnejhPWUNEeEROMVhiQkhQSEhnRnIzZV9VNHE4SGlxaTZTNDY1Q2N5OGVqV0t1amxwZDNXdE9JaWVPaFZYM0g2SE14TnBVaS13MllDXzBTVGllaEFYQngyd3NCMGJOVW5HMjV2NUc4S21N?oc=5,Meloni appelle l’UE à jouer un rôle moteur dans les négociations de paix en Ukraine Anadolu Ajansı,fr,2026-09-22T19:03:53+00:00
344,La France veut faire du G7 d’Evian un grand forum de médiation des conflits mondiaux - L'Agefi,Google Actualités — médiation de conflit,2026-06-11T07:00:00+00:00,https://news.google.com/rss/articles/CBMixAFBVV95cUxQNUt4NU5VazZsNzUtektsNTBrUEJVSGpKV01Kekt3cFJ2cHJLOXdCc3hKMkNxUlBiMlYxSkVSRXA4VHIwdms1NW1WVmlEWXVzaTRyY3FXaVBNb3BBUTkzX3laenJBU19LRDNGZ1pYTk5IZzhsTDRKZ3loOWMzYzRiWWg4WXBtMlpoVXkzZzlQcHBhLUhqd255dGlnOURPVnhaU0VUYjhhMHpXTzdXV3NVVWR5Q2xPZ0pqT0hfbk9pTnEzaFo4?oc=5,La France veut faire du G7 d’Evian un grand forum de médiation des conflits mondiaux L'Agefi,fr,2026-09-22T19:03:53+00:00
338,Grève à l'Adapei : le conflit se dirige vers une médiation préfectorale - Corse Matin,Google Actualités — médiation de conflit,2026-06-11T07:00:00+00:00,https://news.google.com/rss/articles/CBMixgFBVV95cUxNb29wakJUQkhoVVhtalFrMF9kMGFzVGpUSVAtRDUycDBBaW9GSTNBbXZBSXdsY3RnaDlhUTFiaXNScUNwekFJREZJNHgwMUZVdE5nR1JneG8zZzBrMjJLSG9sSVRxbmdYbVotZGl5NWI1T0owRG1rMlBEeXNHbFVDSXJCbFBVMmFrV2xtaGFpZGFEbTRhYzFuVWF5TnpyRjcycHlHOWlIamtvNzlLaU5LTmMzdFRadHFMQVhtMVM3TVZZWDJ6bUE?oc=5,Grève à l'Adapei : le conflit se dirige vers une médiation préfectorale Corse Matin,fr,2026-09-22T19:03:53+00:00
330,"À Brest, la métropole annonce une médiation pour tenter de sortir du conflit chez Bibus - ici.fr",Google Actualités — médiation de conflit,2026-06-11T07:00:00+00:00,https://news.google.com/rss/articles/CBMi2AFBVV95cUxPTkNGc0I3TF94T3lTcDFFRW1xNS1ub0ZvNWhXMlRyVnRSTzg1MzBKSGo2WlRmNXU0Ykt4Vkh5TDRfZFRfNmh5OHZKYUNHMEp6eEdMMVNFc1pjOVZGLWxQSzNNOU1NUjF5UjZ3YTlXRGlic20xZ2dlMVRza2xvM2R2QnZSQjJLVlZmLWJ5MTVkVXVGU3pwV25BZUpxRWp6Y1FfTUF2U2lPOTg0S2Z6Tl9iRmFHd2NaaGpCRzRTT242N1RvYVl0VEtSZ0swbFJjZTg1X3I0Zk80RVM?oc=5,"À Brest, la métropole annonce une médiation pour tenter de sortir du conflit chez Bibus ici.fr",fr,2026-09-22T19:03:53+00:00
171,Launching Event for the Muscat Plan of Action - United Nations Alliance of Civilizations | UNAOC,Google News — peace mediation,2026-06-11T07:00:00+00:00,https://news.google.com/rss/articles/CBMif0FVX3lxTE8tbjJzLThGU2plbGh3ME1tYklVRlBrZFZJSmgzMlp2STNsQ2VHYmYyczktOE5JOWxhM3RDbl84SzhoaGQ3b0NUcHp0MzEtYjNaTW9lR0FPSklFeV9jQ0VDQXdmLTZRaml1aG9UOUwtVGpHS1BUMjRyLUR5cTBiTEU?oc=5,Launching Event for the Muscat Plan of Action United Nations Alliance of Civilizations | UNAOC,en,2026-09-22T19:03:53+00:00
121,"Qatar Reaffirms Readiness to Advance Lasting Middle East Peace with UN, Partners - وزارة الخارجية القطرية",Google News — conflict mediation,2026-06-11T07:00:00+00:00,https://news.google.com/rss/articles/CBMi7AFBVV95cUxOdVFwU2VVZGRnQ0R5S2szY3JhcTRZdm9yTUwzZVU3Q2lhRW9RSmtpQ3lhbVFFMFMxZVEtdVFQaUV5TnUzcE9wSmJ1Y1dsUS13WE1WTEZoVHl2Z0NEYjVPb3hSX0M0Q2dCTnRVcFBKTUNkTUc1VVBtT0FWWXg2U0ZLanNuN1hWZHh2Nk4xckthY2t6M2c4N0V5VnRjUGY4bkIzS05JZUF1LU83UGk4R2N5V1o2QTIxZnJOS1JmMjc3Yk5adlB0M2hTVXl4U3o1N3hyY1NBeHVIbTlYQXRma1FZSFNaQlZEN2VXRUdiYw?oc=5,"Qatar Reaffirms Readiness to Advance Lasting Middle East Peace with UN, Partners وزارة الخارجية القطرية",en,2026-09-22T19:03:53+00:00
205,Middle Powers influence a strategic shift toward mediation diplomacy - アラブニュース,Google News — peace mediation,2026-06-10T07:00:00+00:00,https://news.google.com/rss/articles/CBMirAFBVV95cUxNWi1oM2wwYWxqZHhHT0Q5SE1VQ2t4enVIbjVkcXBtQTk2Nm1XSFhjVkxmOWZGTkhrSjhzcFIwQ0pKMDdOZ2dpTVNHdEhIM01XemtpZ2lFQzQxU2pJVWZvemtSeGExOU1KTHBjMnZHOGJRWVQ0aXgwWDJ5VGJTNUFvZHI4Ny1PdjY0dUV2TmR5QU1YLWQ5ZG5keklwSHdvWHR5WWM0dGlndTNWSkFu?oc=5,Middle Powers influence a strategic shift toward mediation diplomacy アラブニュース,en,2026-09-22T19:03:53+00:00
182,"Global peacemakers gather at Oslo Forum to discuss “The cost of war, the price of peace” - hdcentre.org",Google News — peace mediation,2026-06-10T07:00:00+00:00,https://news.google.com/rss/articles/CBMisgFBVV95cUxQbkVlTDB3Y1hWYkhqTEtjZFlyOS1Da1RkMjlMc0lnNzBneDhCZ1B0YmI3ZUtqYktYUVY1Z01saWU0ZUsyRWdmNWVRdDRoVGd2VGNDSjZxZXFHS0dxVmp6WGxHSmV4NEh2aVJ4QmpuazBQVFMyRmRKUEdsLVNNWXpDeDZSbmp1clp5WDdvTnlBc3hsa0s4Vm1oX3dIR0R2ZDNaU0hVUndZdFltMUNIdTF2X0JB?oc=5,"Global peacemakers gather at Oslo Forum to discuss “The cost of war, the price of peace” hdcentre.org",en,2026-09-22T19:03:53+00:00
165,Media Advisory: Launching Event of the Muscat Plan of Action - United Nations Alliance of Civilizations | UNAOC,Google News — peace mediation,2026-06-10T07:00:00+00:00,https://news.google.com/rss/articles/CBMilAFBVV95cUxNWHd1b19Xb3JIRUY2emdNZVJtb085bnVUYktJdHRJTm00TXlTTnJmSG50SzZZUGxGRWZJZnJweVlLbnc4X1ZCY01xNHEwMnVmQk1DRThTUEwyb0RIOWsxbldqdHdvZVc4ZWRwaXJFVGx4NXhDZV9ScjhTb1BhZllnZEsycnhmUE9JUmMxZmdiMmQ1bGF5?oc=5,Media Advisory: Launching Event of the Muscat Plan of Action United Nations Alliance of Civilizations | UNAOC,en,2026-09-22T19:03:53+00:00
163,The Center for Mediation Support held the first regular study session on peace mediation support - 笹川平和財団,Google News — peace mediation,2026-06-10T07:00:00+00:00,https://news.google.com/rss/articles/CBMia0FVX3lxTE9lTzA3V1JublREanRSaFdRY0N0cHdkVURvd3FkWXFMSGhKRnRVRjZ5MUh3RFNtRzZWYnEtV3JoZUhfYzh4LTloNGtuVEFJS3c5ZlN2MU1yVTd3clpNbHVCdGlMNUI5ekVlVERr?oc=5,The Center for Mediation Support held the first regular study session on peace mediation support 笹川平和財団,en,2026-09-22T19:03:53+00:00
154,"Remarks at a UN Security Council Open Debate on ""Advancing Political Solutions in the Middle East: Mediation and Dialogue for a Lasting Peace"" - United States Mission to the United Nations (.gov)",Google News — peace mediation,2026-06-10T07:00:00+00:00,https://news.google.com/rss/articles/CBMi-wFBVV95cUxPUHExQkhlcS1sNXFETEdVSzhfdVRLLTc3LXJ3c2RUMDBXWk9qOTJJQjQxa1A1VURtUWc2M0hNUkRPQzlNeUtjNkwyWmx5eEt3NWhJQmZPWFdMZlozM3h6NTdTUHVDUWxVY1lYYVV4UVJTcmMwLVpUMjhNVnI4TjY2WUpub2RMTTNCV1ZMWFloc3RMYzlGNFNiYkY2aTlCb216dl9PRlp6a2pUMklUSFUtMl9MTEF3X3lwVl81RVdjYXBrM0kzbEtVZl95UjQ3bXdIM1hHanM5ckFTMzM5eTk5Tk1ZbnRKTlBva3g2NFZuX1pEWXpqSTJjQnd0VQ?oc=5,"Remarks at a UN Security Council Open Debate on ""Advancing Political Solutions in the Middle East: Mediation and Dialogue for a Lasting Peace"" United States Mission to the United Nations (.gov)",en,2026-09-22T19:03:53+00:00
125,Decision-makers and peace mediators gather at the Oslo Forum 2026 - Regjeringen.no,Google News — conflict mediation,2026-06-10T07:00:00+00:00,https://news.google.com/rss/articles/CBMitwFBVV95cUxNMTdKb3ZreWx0V2lpRFhrb1paS3h4djFXNC1TY09CWUJQdk82ZnJMR3l2Sk1Ncy1TNnI5Mkx4cTR0UjFQekgySC1SOW9LQ3JnazcyNUdtZWJGRmJBWm5OdTk0RFFKNWN6WmtuM1JjMEJWbTdsenp4NEdZNTdHSkhoVVdFTnYtUDJaaVdKQ0ctNTJPRy1jOHZIdFZELVZMLVc3WVJJVW5PdHQxdmY0QUJGSE4wQkNuUlU?oc=5,Decision-makers and peace mediators gather at the Oslo Forum 2026 Regjeringen.no,en,2026-09-22T19:03:53+00:00
494,Haykal reçu par son homologue pakistanais sur fond de négociations de paix au Moyen-Orient - icibeyrouth.com,Google Actualités — négociations de paix,2026-06-09T07:00:00+00:00,https://news.google.com/rss/articles/CBMi5gFBVV95cUxQZ2U1TGxSNGZYQ3lCdnpCYVQ5b0hmaUJCaW55Z0R3WDNWdVhlZ3ZvSWd6cTlFUzlJUVB6MHktS2lGLUtJZUdQZzZMRHdnbmVQN1o4akpscnJBSEpTZTUzekRjSnVUbGpJOEprdjZDc0otb2lfaGJpSzVzVUhNclNIeFc4eVdlN3FmSFVkQnBLbm5mMjlrMkphN2d5LURUMkJjeXJKZmV2OU9TTEpQV0tYX2F0clJOUGRSYWQxR2l2VVNwblhYZ2hBajFrVmotLVFYTC15cnpVT252Vk1Cd2RxNF8wRjFQQQ?oc=5,Haykal reçu par son homologue pakistanais sur fond de négociations de paix au Moyen-Orient icibeyrouth.com,fr,2026-09-22T19:03:53+00:00
443,Les femmes peuvent être les architectes de la paix - coe.int,Google Actualités — négociations de paix,2026-06-09T07:00:00+00:00,https://news.google.com/rss/articles/CBMifEFVX3lxTFAwR1VRZzE3VUxZangyVGhfZ3hSLW1FOXEyQzBLWnRkRnVjdktSam5xZHcwcGktTEtoQ05MVmlOVkhzWnNSUTd2V0JPOGJwYVQyRjVZbndKUGlpRUc2V2haVnU3RVZYYzZ5UVpJcjB6aVlvT0lZQTlLWDI5Rlk?oc=5,Les femmes peuvent être les architectes de la paix coe.int,fr,2026-09-22T19:03:53+00:00
350,"Grève à Transaglo : la médiation se poursuit, certaines lignes toujours suspendues - rci.fm",Google Actualités — médiation de conflit,2026-06-09T07:00:00+00:00,https://news.google.com/rss/articles/CBMiqgFBVV95cUxPQjFNMFRhdWp4NEo4R0lTLVI0dWR6VGZZTmYzTlVIS2tWcExYR0JzMDB4QnByMHZfUndlVndiMTRpVEpLWXBILUFFS19wdWpONWZvbVRKTTNPWGlFVW41Q2JnSHpiUlVnUmpidVhVWE53NjdNRndoS0pzdEthX0Q0M2RVOENUUGFqUzVNSW5MdTcxRW5jVTJGeldsTGR0QmMybTBRc2ZnVjBCdw?oc=5,"Grève à Transaglo : la médiation se poursuit, certaines lignes toujours suspendues rci.fm",fr,2026-09-22T19:03:53+00:00
325,"""Lorsque les gens sortent d’une médiation, ils sont apaisés"" : à Béziers, l’Abad est un service de médiation pour résoudre les conflits - Midi Libre",Google Actualités — médiation de conflit,2026-06-09T07:00:00+00:00,https://news.google.com/rss/articles/CBMihwJBVV95cUxOU0E0bi1TQVVJZzZJRXpKV2JQaFJqM1dlS1ZBOERHZnplTC1QV1hXTG83ZFU1aWdFWXl4RlBYODZycm5uY3ZKaXh2UnRNekhJenEzemVQMHN5clFtRzZUZS13UnVySmhLQ2JvLU9wZmtMV0NTSW9GeTBCeERReElyX0NUemI5NXp6Z3RQQ25rX2VVbVJRTUNrVmtmdGQ5YXJUS2NYMDV1UzhJdkZZVEJGYUM1endQSTVsNmNmYUZDczM2RFVOMGJOTUxvRnQ5d2Z1X0t3X2k3T2xpelpMNExSZWJybWFuWDBkeXc1ckxpMGNWa1RnR2wzZVdsS2hDOFlBTElsaDhROA?oc=5,"""Lorsque les gens sortent d’une médiation, ils sont apaisés"" : à Béziers, l’Abad est un service de médiation pour résoudre les conflits Midi Libre",fr,2026-09-22T19:03:53+00:00
201,"Ethiopia’s Peace Legacy in Sudan, A History of Mediation and Regional Stability - horn review",Google News — peace mediation,2026-06-09T07:00:00+00:00,https://news.google.com/rss/articles/CBMisgFBVV95cUxPVmFXZThjQVVNbE9lMVUtd010NE1GYkpnUmJBNjU1MC1FQi1yYlh4bTdqWXoxMHRVcFg4VW8zajZERTlLODlvWW02Y0VoQ25admF5LWNtMzItaVZzc1JfZUdmQV94ejFCQzRpYzhTTGI3dm5uVnBFRUhDLWVYWU12MGs0Y3RieU45bkVwSDYydGZKM3JZQ1FFcGJQbVdUT1JzMGZyQkZqWHRDeW5yNmRva0hR?oc=5,"Ethiopia’s Peace Legacy in Sudan, A History of Mediation and Regional Stability horn review",en,2026-09-22T19:03:53+00:00
435,Donald Trump tente de sauver les négociations de paix avec l’Iran - Le Figaro,Google Actualités — négociations de paix,2026-06-08T07:00:00+00:00,https://news.google.com/rss/articles/CBMisgFBVV95cUxOSFF1bjdaN1NWUlBJNGtYaTcxTzAzUlBtMzJ3NE5nTmNsTW9TMHgtX0htZUQxWTIwc09IMS1KN3I5VDJrTHZSNHZXQ1FyX2wtdE1YVFMyOWZ3YzFab2J6QzJfd2d6cm10eXZKd3RGN29nbUstekoya0hsbmlQYmRmZ1dfcUpJUXY2NVRvOThOcWx5UzF0NWE5Q0ZUb3RiQUxEMGMxWXlNeFNkOHUzeTV2d2Fn?oc=5,Donald Trump tente de sauver les négociations de paix avec l’Iran Le Figaro,fr,2026-09-22T19:03:53+00:00
203,"Pakistan’s mediators in Iran as US downs drones, Lebanon looks for peace - South China Morning Post",Google News — peace mediation,2026-06-07T07:00:00+00:00,https://news.google.com/rss/articles/CBMiugFBVV95cUxPLWNrM3l2OXlRa0FsdGkyN2V1a0FOT0p1ektQY0Z3c2NtMDRfSjBmUTItTi14SVA5a3dCSXJKbTZFclQ4WEVKQ3BuLWhwOFVmZ21ZN0F2a2I5V3ZpTXNfbGhFUjlxemJyWlRGT2JUVTBmSTdxUGtELVkyQWwyWXAtTUEyMWpIV3pwb1VVUVo2T0dySU5EZTlOX1hjQ2QwNzVNUzRkLUFVMEt1RE8zbnhxSnBXTWZpN0E0MXfSAboBQVVfeXFMT3E5Ym84Mk5WNG5aMGQ4UWthLVJiZTZrUy05VksycFp4eXBRRTRXX1p2TUF4VmtUX0hxX1NIMjlsRjFJbG02MHpvNDZ6UlJrczZDcFFrVWhodEIxQzNSNGN2cjlHNzhKS3JubVNrdVNSbjRaLTFMU29LbzVKNjRmR3VERFgybGUxQkRpWE1lQ01hMm9QVUhhWl85NUVPaUNSUjYxY0tLZmN4Y0JRV0I2QkY5Y0k2bGF3Qk9R?oc=5,"Pakistan’s mediators in Iran as US downs drones, Lebanon looks for peace South China Morning Post",en,2026-09-22T19:03:53+00:00
161,Ukraine Turns to Europe as U.S. Steps Back as Mediator in Peace Talks - The New York Times,Google News — peace mediation,2026-06-07T07:00:00+00:00,https://news.google.com/rss/articles/CBMikwFBVV95cUxNQUZmRWVBbXRSZWRtVmFIQ2ZJdDNXVHhaYlhabXFXd0RkM3R2WHQxOW9iQ1BjdUJXX3owQ3drcUd0TDBOT011ZjU5Y3BtUTNXMmNwemNQYU8xNklIM3c2RjQ3Y2t4WDJrS0xpUGRtUzlfVFBZZjVyZktIbG1jRTZsWVZUMVdZSlQwdndoZWRkd1JmQ0E?oc=5,Ukraine Turns to Europe as U.S. Steps Back as Mediator in Peace Talks The New York Times,en,2026-09-22T19:03:53+00:00
476,Vladimir Poutine affirme que la Russie est prête à conclure un accord de paix avec l’Ukraine - lecourrier.vn,Google Actualités — négociations de paix,2026-06-05T07:00:00+00:00,https://news.google.com/rss/articles/CBMixAFBVV95cUxQZUZCS0JsM1g3VUVmTXVaX2MxbF9iak84STlaTFg5Nm04Y3hTcUl6bzlRdzk4RGd6VnFfV0hmVlR0NWpwTXowMDZxdE5keHJRREx1Y0dFYlRCRWo5WGhvTndvX3NZdlpiMElzVnJWc0VOU3dvZjVPdlljOVh6UGRRUnY0NDhZMEplS3gxekZFdXRPcUdubWdST3Z3Z284NjN6S054YTNwQi1tRDg2a2cwX1l2MUNJVW1wMjhiMUlTTWJXTDU2?oc=5,Vladimir Poutine affirme que la Russie est prête à conclure un accord de paix avec l’Ukraine lecourrier.vn,fr,2026-09-22T19:03:53+00:00
335,"ADAPEI 2A : le conflit social s’enlise, les salariés réclament une médiation de l'État - Corse Net Infos",Google Actualités — médiation de conflit,2026-06-05T07:00:00+00:00,https://news.google.com/rss/articles/CBMiyAFBVV95cUxQMEVzUzZyLUVUZE8xQ1JDS0lUOHlYcEZ1RkRCYWctMW9RY01raXVBcGlBMTE3R21yVVhjN2ptbG5CM25LdHlDdlFocXhOTTNHQklBaW5pQk5Kbml2eGo0dW9vaGU5aFROYnlWYTFVTXIybUNTX0FqdFJSM3FidGF5Mkp6U3JuQjFUQTduUzBVQ0lrY3MxTkduM0FWcnZpZGQ2S1RadXoyWVlubGxCNWVQb2xWR3hFS3N6YlpDZ2ZYOE9lS3Ntem9oZg?oc=5,"ADAPEI 2A : le conflit social s’enlise, les salariés réclament une médiation de l'État Corse Net Infos",fr,2026-09-22T19:03:53+00:00
516,Guerre en Ukraine: trois pays européens se prépareraient en secret à mener des négociations de paix - Geo.fr,Google Actualités — négociations de paix,2026-06-04T07:00:00+00:00,https://news.google.com/rss/articles/CBMi3gFBVV95cUxPM09zcERaazk3UUYyb0pCbTNvVjJISGVsbWNOelJwUFR5eFF4RERkZ3JjaUFiOUtndnVGVW96N0JUM3poSW5ySUJ3cURRNmJwcGdsYXlrOUQ5R2w2UTgwRUpQZlNYV2xwOF9Fend4SzUtbUgtamZHNVBhV3h3TDdibVpPNzBNSnpQdmw4QVRoWHZqUW1waTBvUXQ3cEo2b241MEwxSWpLWWEwdEh4OUNhV01FdTVLdmxZMEg3LXVtVERobjc2NkFnVUY3WlowYVZHOHhKLU1jLWJjTjUxMkE?oc=5,Guerre en Ukraine: trois pays européens se prépareraient en secret à mener des négociations de paix Geo.fr,fr,2026-09-22T19:03:53+00:00
356,"Côte d'Ivoire : Conflits fonciers, lancement d'une plateforme nationale de médiation et de sécurisation - koaci.com",Google Actualités — médiation de conflit,2026-06-04T07:00:00+00:00,https://news.google.com/rss/articles/CBMijwJBVV95cUxOQ0twNFE0RTU5aUpLQ0x2cWY3Tlo4aFU4SnU4cy1mTWtmY1lVNG8tSkQ5ek1jd3E1ckotdGZNVTVGdWFZRXhGVHJuZlZTa0VKZVlEMFoxZjBiT0M0TThNWDk2WGVlcWNncnlDMklWeFludU5DZFdjWU5QVV9RTjRKY0g2bjVubnVGNVplMjhMOE11eHpObmlCWGIzbEdPc09XMlNqLWY1OEU5LS01emRaZkQtYUhyZGhEZGJhdmc2MFJwSmxIQzVySEIwY3MxOWxSX0RxanowbGxoSnBxTnlIakQ2V0FWeEtTMmZCZjdSb3JyRW4zbWFhUzE1VEVvU1pVSExfekh2NEZsVmJtcTZn?oc=5,"Côte d'Ivoire : Conflits fonciers, lancement d'une plateforme nationale de médiation et de sécurisation koaci.com",fr,2026-09-22T19:03:53+00:00
300,Where peace talks between the US and Iran currently stand - The Conversation,Google News — peace talks,2026-06-04T07:00:00+00:00,https://news.google.com/rss/articles/CBMilwFBVV95cUxQUExTQzJIYVBPLXd0SFJMdVYzMmpDSDdXX2h0Ylg3elE0NGU2NEpNWUtSczVzSGN0a3pYZ2FaM1Rja2RjMzg3WjhWUHd6SUJZbkQzNjZQNDdQSy05XzR2bTBQOXdoTDVIUmF3cV92YmZwOTlrVWY4d09HQjZwMzhhdWtUUXE5VTQ4LWxEMnhCa2lUaTMzZzlr?oc=5,Where peace talks between the US and Iran currently stand The Conversation,en,2026-09-22T19:03:53+00:00
90,US House passes resolution to end conflict in Iran - Jurist.org,Google News — conflict mediation,2026-06-04T07:00:00+00:00,https://news.google.com/rss/articles/CBMikAFBVV95cUxObmJ0OC1DT2dDUTJhUVVHNm5fZHlhRWtYQU1YZVNTOGRvSl9lMTNtenUzdXBYTUJ0TC1BMC1YTTRKbGZSMUZsV3p3ay16WXNYQUl3TUZlb3lSRGxjTi1ZNy1KS3NYeUg1Sk5oNVdLM0VINDRzN1c0UnF6eXlXQTJRaXZmN3UwdmYzcUo5Q2tSM1I?oc=5,US House passes resolution to end conflict in Iran Jurist.org,en,2026-09-22T19:03:53+00:00
62,Between Ambition and Abandonment: Lessons from Mediating the Syria Conflict - The Cairo Review of Global Affairs,Google News — conflict mediation,2026-06-03T17:58:17+00:00,https://news.google.com/rss/articles/CBMihwFBVV95cUxOQ3RZOElRSldBVkIzRXhhcUlNSWJtV2NjRGUydTd2dEEwVERXN3JremNCY1liZVYxbzhuS0Ixc2VpVFJoQU51WVhXVjhTbzBrTUF3YVRocU1wNGFQZEhrcUJQbEVpV2ZENEFSRkVUSDhYcmZ6bGc3bXJyUkw3Y0lsWWJaeHBJcGc?oc=5,Between Ambition and Abandonment: Lessons from Mediating the Syria Conflict The Cairo Review of Global Affairs,en,2026-09-22T19:03:53+00:00
298,"Trump acknowledges calling Netanyahu 'crazy,' says Israel is complicating peace talks with Iran - PBS",Google News — peace talks,2026-06-03T07:00:00+00:00,https://news.google.com/rss/articles/CBMixgFBVV95cUxPZS1OMjBRT0J1OVNqcm9vdXB0bUk0dmNqclNITllkRkVrQjRhbjdxQ3FEZHd0TERJZi1HazNBMWxiSUk1Nmw3OEZ4WUVQaVRnMGc5XzhXbmZYRW1GQkRnQjY2RGl4OXg0MU9jVFRWZTFSeFFyM3ROOUFhV2g1c3BCdFBLbU1mek5JZlluRE5zNUNhMk1zMFBCQUdISGNmR283dFg3dXhSa2VzeG90SVdMWXY2SXdMVlRhR3pteV9jWGNJTm5sRUHSAcsBQVVfeXFMTmlacHRQazZkRFVsZk9GWHRBNEJqa3VUbVNHWWZZbk83OGY1dDZYOWV4Yi1wekhVTWFUalN5d051cVpaNVdobml4T211azI3WWk4bEZxZV9XVlNUQy1HT1l6SWhxa1FwN1drOGZjTHpmY3ZXa0NtcTZkd0NTcnBtT0R5QkMtZ1l5eElSMWhza3A1azFZX010LXowZVhrV0tLa3VFV05GX1R4c2tIeDhpbjBnUkhsLWxzajFxUFd5bEFXWl9feVFmM0JCM0U?oc=5,"Trump acknowledges calling Netanyahu 'crazy,' says Israel is complicating peace talks with Iran PBS",en,2026-09-22T19:03:53+00:00
321,U.S. and Iran in fresh clashes as peace talks stall - Axios,Google News — peace talks,2026-06-02T07:00:00+00:00,https://news.google.com/rss/articles/CBMikwFBVV95cUxOU0VGQkt0QVYwa3E2VTFuYng3VE9rWXM0R3hXRkg2cFhBazNTOVFaOUNLRTlqQUljVFFzN1NqeEhfT3lNTDhNNmtyUnFiU1ppcU50ZzRTYjNLSFVIclk0RXR4RUFiMTZtdHE2V3VZSzU4a1RoRGJlQ3o1b3praWdqeWtXQVpvSllfcW02cW1PY09XeWc?oc=5,U.S. and Iran in fresh clashes as peace talks stall Axios,en,2026-09-22T19:03:53+00:00
183,The Last Serious African Mediation? Reflections on and lessons from the AUHIP Experience and the Meaning of African Political Agency - Amani Africa,Google News — peace mediation,2026-06-02T07:00:00+00:00,https://news.google.com/rss/articles/CBMi7wFBVV95cUxOZGt6YUtncDIyNzhRNHdCMGxYVTFFbllEdkdoYzBwM2liUjJKVXhsT2tKaW1zeGpvalhESDFpZ1puZ2JRZzhqWkRobDBpcmhSZ1NUcDMzejJLQnFhZ2I2V3FDUk0waG1ONXdBRU9lSmQwVTg3X1JRWV82blIyOEZJbjJkUlZzUEVSMGhWeUZuYmRWQ1pOY0N1NFFWWFBtdVk2OU1JVmswVGwzNlI2WGRPYUtjWWNZQzZ6dlF2eFFRWHFxejNoMUJYSGJfVVJpV3R4cTJKNy1makhKTDZrUXZ0dWwzSndzLU9sUUMwN0MwTQ?oc=5,The Last Serious African Mediation? Reflections on and lessons from the AUHIP Experience and the Meaning of African Political Agency Amani Africa,en,2026-09-22T19:03:53+00:00
169,Kroc Institute has presence in Pretoria retreat // News - Kroc Institute for International Peace Studies,Google News — peace mediation,2026-06-02T07:00:00+00:00,https://news.google.com/rss/articles/CBMijgFBVV95cUxPR3JSV0o5Z0dzNHhjWGhfVFFzOUE2NWdhS3o4RDFwMHExS0Z4bGdsWVI0N2NIUnBTMml6VEhrMzV3T1lObXBCSGdGOWFNWlJxbnlSR2R4SXhrTElRLUJ0XzhEc19CRlowc2lyc3NfcFYwbWUzcGp4b3FNRmRlYjFJQ3BOa1FieGNzaGFwTTln?oc=5,Kroc Institute has presence in Pretoria retreat // News Kroc Institute for International Peace Studies,en,2026-09-22T19:03:53+00:00
157,Qatar’s role in building sustainable peace - gmu.edu,Google News — peace mediation,2026-06-02T07:00:00+00:00,https://news.google.com/rss/articles/CBMie0FVX3lxTE43QlNBdTFDMUJRYnN2VlgyTDRZdmc3UEhuZjVSR0YxS3hnZTRleFFXODd4bkIyWXNMekY5dm5INlhKS0J5b3o0RDVsRV92bmNPdV92NFhCeklDNWhoQzZvZmxtdE5HVEV3TVdSdmlwSFAxdXFUT01QOHgzMA?oc=5,Qatar’s role in building sustainable peace gmu.edu,en,2026-09-22T19:03:53+00:00
120,"Qatar Affirms Continued Commitment to Its Efforts in Mediation, Dialogue, and Preventive Diplomacy - وزارة الخارجية القطرية",Google News — conflict mediation,2026-06-02T07:00:00+00:00,https://news.google.com/rss/articles/CBMihAJBVV95cUxQbHE5ZlpzRnpLUmhnUG5yRnI5UXZ0em0wUjlKeFNYYUdFMUVhTUZWOXJEWksxZmNEZndsU0s0TjM1VXZRT0N6MjBBRlVINEtlOUtqVkRELWhWemN4eHYwSll6Zks0QTg3RFFnQ081ZllQU3VCLWZIRWcwRVFMdEpaeU5FclNkLUVtOTl1TmYwVFBlUl9md1dYR0o1UjlhelpaekdnTUNjQ3lITnZzWHY2eFc1dWpyVDdPT3VUMDZ5QXVRdGtEYm5VU1ZtZGVTV0IyRkVKNHQ5X0ZEY0tuZDZtc2tZZG9MZ0lXLXVMcmtmZVRqSzZGY0J4dlg0UjJKcUNKZEZ6dw?oc=5,"Qatar Affirms Continued Commitment to Its Efforts in Mediation, Dialogue, and Preventive Diplomacy وزارة الخارجية القطرية",en,2026-09-22T19:03:53+00:00
84,News Briefs: SF conflict resolution nonprofit marks 50 years - Bay Area Reporter,Google News — conflict mediation,2026-06-02T07:00:00+00:00,https://news.google.com/rss/articles/CBMiSEFVX3lxTE5pNEtpM19hcThCOTBEaWVqZWtUQUV0TjNnTW9yemtBRERubF9oSkJsVmJCZEh2MnBHbERnZW82Z3hkLTlXbk4zMA?oc=5,News Briefs: SF conflict resolution nonprofit marks 50 years Bay Area Reporter,en,2026-09-22T19:03:53+00:00
72,The Art of Mediation - hks.harvard.edu,Google News — conflict mediation,2026-06-01T07:00:00+00:00,https://news.google.com/rss/articles/CBMikAFBVV95cUxQdXU1NHczTW90WlRpTzhrNUFmWS11SnN1ekpfZTl1WmdSSmppb2w4V2FKbDE2OXU3N0x4MTRtM1hRUk9SZzRsS05UMU5xNmlZdUs1VU05RWplb0llZXFwNzB5SVZ2bmp3azdBZUNuaWZoWGdPbDZaVmtGVzNORmJOVEZCSVNfWGhqTnprSGQ2WEk?oc=5,The Art of Mediation hks.harvard.edu,en,2026-09-22T19:03:53+00:00
63,University Scholar combines art and conflict resolution to build bridges - gmu.edu,Google News — conflict mediation,2026-06-01T07:00:00+00:00,https://news.google.com/rss/articles/CBMipAFBVV95cUxPSzNHLVBqV3l6ek8xOU4xemNXUHJGOGh4SFFjLS0wRnotN3p4T0p6aXBCWU5Hdi14a09wSkNGc1lRbmI0M1ctbnA0U2kwQVRzN1A2U28yNmUwaUNKSEttcnR3SWtnbVF0UU9BV2cyWWphb1J2amJHc3R1anVJemJHamEtUGNqYi02bHJWUVk1Wk5PTmhrdmlWbGRpakw3MUtnVlF3WA?oc=5,University Scholar combines art and conflict resolution to build bridges gmu.edu,en,2026-09-22T19:03:53+00:00
199,US Officials Praise Pakistan’s Role in Regional Mediation and Peace Efforts - The Media Line,Google News — peace mediation,2026-05-31T07:00:00+00:00,https://news.google.com/rss/articles/CBMirwFBVV95cUxNQ0JsWFJjRDhkdzg5SG5YOEhjWFh2X05uWTJsejhCY3JNclFPUlZGVWdsXzJPdFQ4ak9pR0lMS1VrZmFwTlBnMDZBaFJ4QjE0UHRHUW83QTQ1bmx5dWJENDVwRkpaemUxZ3JEVDFIOUUxQXZfbFNCZElfbU02Ym93b2VKWFd0VkdSN3A4aFlWdS13RFRkMzE1dWlSSUNGNTFpWW9VdVQ1WTFYMUJ2N1Bn?oc=5,US Officials Praise Pakistan’s Role in Regional Mediation and Peace Efforts The Media Line,en,2026-09-22T19:03:53+00:00
107,The Changing African Mediation Landscape: From Dialogue to Strategic Mediation - accord.org.za,Google News — conflict mediation,2026-05-31T07:00:00+00:00,https://news.google.com/rss/articles/CBMiswFBVV95cUxQUi1sbFFZc3dCbEZWaGI3bG10V00yaDJMT2pDeGhjNklJOW96MEJNLUlxS09DcE90OHhtVmliakhYVXc4bXNNWHpXZUdIblY2bHVNa1lzWkJTRGk2ZVBKYUxnRlM1S2lqTWROOGpVbGVaMXV3RGF5SjdzQXpuaWVNemxVamhLVHRXUWloWExVemVDYjdRcm5SNFpzTG0ycEJ5ZGcwNXcydlBXLVloenhTNGY3VQ?oc=5,The Changing African Mediation Landscape: From Dialogue to Strategic Mediation accord.org.za,en,2026-09-22T19:03:53+00:00
495,Guerre au Moyen-Orient : un accord entre Etats-Unis et Iran se fait toujours attendre - Les Echos,Google Actualités — négociations de paix,2026-05-30T07:00:00+00:00,https://news.google.com/rss/articles/CBMijgJBVV95cUxQNUZoUnNsRU9vMDdsU1ZCdmVLVzg1b09OUHJyTXhFMkxFSVRmZFFlNjFZd29WaV90MnhEampmN01FbTRIdHN0UExrZ3J4Y3lvcjY3ZzRYLU5MSjBBbTJ3SzE5eXpaQzV1aWRBZmlyTWNsVC1neUlJSVB3SkFpUWUzNDBHNGlxRGZoLVJiX0w1eGt4eU5rdUpVSHFoQkg1QkZJYjZpbWROSlM1MGl6UEZvU0RfWjI0ZFhlY1QyY3ZTMTVPMDY5eXpMaWtBT1dnbVVCVjdhNlk2bE9GRGY1NmhyblRyZHBzT0hqa29yZjI2VUZ4a2dTSWgzNWdPc3dLOFBkb3dKTU5LWm9mY21lNHc?oc=5,Guerre au Moyen-Orient : un accord entre Etats-Unis et Iran se fait toujours attendre Les Echos,fr,2026-09-22T19:03:53+00:00
115,Conflict & Resilience Monitor – May 2026 - accord.org.za,Google News — conflict mediation,2026-05-29T13:52:01+00:00,https://news.google.com/rss/articles/CBMiiwFBVV95cUxPQlFOWG9WcGRmUkY4Z2Y2TG1RQ0RCeENBeEdlQWlaZnR5MDhBUHJJRm9HV3pCUmhSNmFxQVRJMGJFSGVhM014QVFQc3JLenpTeTRvQ3RhWldIWTRNbGV1blZNODJRZlVwNGZPVC1nUFpIYm9qTUt2ZDd3VEZueW5sXzA3SEQzR1NMVTBR?oc=5,Conflict & Resilience Monitor – May 2026 accord.org.za,en,2026-09-22T19:03:53+00:00
339,Conflit à La Poste : le tribunal acte une médiation - martinique.franceantilles.fr,Google Actualités — médiation de conflit,2026-05-27T07:00:00+00:00,https://news.google.com/rss/articles/CBMiuwFBVV95cUxOWEcxMWtBZGpzcjgzcnM4Wnpnek8tenJjUDFqTVZFbHB3YzJpZzlqQVM5cVk4SmF3NUUzWEEweFlUOUpBMGxiYXo1bWh1UDVvLWZOTUZ0bDBCSjFScnQ1YVViYURtcm90OGFOTkdVdktNX2lWNHdxT01SUDZKOXFBVlhudHh1X08ybVpLdFFfZDZzenhhRERxZDBENERQWml3c2dhQmdwd1o4YzZ1RlBTcjd2Yzd2cFd0bEg0?oc=5,Conflit à La Poste : le tribunal acte une médiation martinique.franceantilles.fr,fr,2026-09-22T19:03:53+00:00
333,Conflit à la Poste : La médiation débute avec trois propositions des grévistes - martinique.franceantilles.fr,Google Actualités — médiation de conflit,2026-05-27T07:00:00+00:00,https://news.google.com/rss/articles/CBMi3wFBVV95cUxPXzNnNFJKS3l4M3d4Ulc3WnRFLXZFeURuYWFHcURkcWNqR25sd1hBd19YWm56WkFid3VEcTlwaDE3NWpZVVZQazVWTUVPV1ZhckU0ZlZXTjUwQ2N6cl84M2w1TFVpOExDYzluU0RqbVVDVUNuak9SWEdHMUV0SktYeFo4TXU1WDlkVENXWjNhSHd0dFZZanFPVkF2TC1tb2h2STBiOTRBcHpRQ2tXRTBsTVp0UDhlaHJ4bUFsS2pQdzVNWHBSRnlFbHExeDZjTFpRRzBjaXFOR21lLUpTbng0?oc=5,Conflit à la Poste : La médiation débute avec trois propositions des grévistes martinique.franceantilles.fr,fr,2026-09-22T19:03:53+00:00
324,La DGFIP mise sur la médiation préventive pour anticiper les conflits avant qu’ils n’éclatent - Acteurs Publics,Google Actualités — médiation de conflit,2026-05-27T07:00:00+00:00,https://news.google.com/rss/articles/CBMixgFBVV95cUxQY2o2czJvb0xiSS1OUm5oY2JYZjl2MElzSWVEWFlaR3I0ZDl1QnFXTzlMVzJUOUptRHpScTRiaDFpdzR4SHhZc04zM1diRnUyaFVBbGhSQjM3QjZXSm5lYURfM1RzRndDR0lsZHpqQWdmSERQNmItc3dFM2tlak5HQU1qN0Z2SndLZ2ZPOGxNRVNDZHVWSG9OUVFNR2VQVmxNVFV6Wks0QlAzVHl1M1RHd2tza185YmgwaXgwLUtfMzY2ZGxNa2c?oc=5,La DGFIP mise sur la médiation préventive pour anticiper les conflits avant qu’ils n’éclatent Acteurs Publics,fr,2026-09-22T19:03:53+00:00
347,Conflit à La Poste : le Tribunal judiciaire ordonne une médiation et renvoie sa décision au 5 juin - rci.fm,Google Actualités — médiation de conflit,2026-05-26T07:00:00+00:00,https://news.google.com/rss/articles/CBMiwgFBVV95cUxOUlEtRFVsbmRIMlFQaEZpSTkyX3FycTluengtcnd1bERIbTFZZXJOLTctcHo4ZXZGNUtsY1BaNUNRMm9DLUlrYnhrY2RuYml3dnJLdXJ0cDA5NEprTmJfclV6aE5QT09JMmJna1JQSmRRMjFVRDZ6dVF4NHpGZXhxTUxXVm1iTmItNFF1NXNBZ0x2aUd6ZDRxeF9hdDJYM3gxV3BXd05hOG5qTU5kM3pWRTc1RjZ4a0JGVWg0Yk1aNlpIdw?oc=5,Conflit à La Poste : le Tribunal judiciaire ordonne une médiation et renvoie sa décision au 5 juin rci.fm,fr,2026-09-22T19:03:53+00:00
315,"US-Iran tensions rise, putting peace talks at risk - The Hill",Google News — peace talks,2026-05-26T07:00:00+00:00,https://news.google.com/rss/articles/CBMijwFBVV95cUxNVHhOSE00d0hUX2Y5MXFTTmtDcGhubVRqLWJrT0pDV1o1dHNyLWZFMlVtbTRCdVR6N1hORS1SUks0c2VqSXNkLUp1SlVDRjh3cjBHaWs1N2o1YUhCWTZXZU5Uek5QY0ZOby1XeG52NGFCY3VMcldCQ2U0d0ZCSXBfeVVCZzVPME9yNzFISUZBY9IBlAFBVV95cUxPeW5wM2g2RS1iRU5VcWFDMy1iY1RIcV9VdHR5RTNjcEZaM0hkQUpnVkh5dHZGaEY3YnhrXzU3cGg3ZW53dHNHQXdpLVlLcndJTXFvTUVqbjhobjIzbmVRc1FZSWppUWJRYU4xRkVIVERkYldaVFVtOGNDUVpHT3JhWGMwdkZnaHI2MlNhdFFWb3oyd3hR?oc=5,"US-Iran tensions rise, putting peace talks at risk The Hill",en,2026-09-22T19:03:53+00:00
311,Iran says U.S. acting in 'bad faith' after strikes during peace talks - PBS,Google News — peace talks,2026-05-26T07:00:00+00:00,https://news.google.com/rss/articles/CBMiogFBVV95cUxQY0ZvcjA2UGlkSmlxUFpmbEVOREFXT3UzN3ZoQ2RfcnkycVc2SmFxb3dUVUc3ZFR0SlZyNU9MdGY4VU4yVUZTb1VlNFppRjlIdEl2NTFNYTJVUGptNHpScGRuUHltZ3BjTzlLc0N6QTdUeDAxVmxmdDJ3UDJOaGR5QUI5cGdCRTQzaUdfSXJwMHo3YS0ycko4Ym5sVWpKQ2tmMGc?oc=5,Iran says U.S. acting in 'bad faith' after strikes during peace talks PBS,en,2026-09-22T19:03:53+00:00
519,Vers un accord de paix avec l'Iran? Donald Trump veut que l'Arabie Saoudite ou encore le Qatar adhèrent aux Accords d'Abraham - tv5monde,Google Actualités — négociations de paix,2026-05-25T07:00:00+00:00,https://news.google.com/rss/articles/CBMihwJBVV95cUxOajU4TnB4UEE3RFBLbUFLMlZyci03c09RejVHbEFLZDl6QmJRRUpJbWVNQ3k1MUlqNUhUbXF0bG5Ub19VRTNBX1g5ODlGdmxrMk1VQzFyWFZONHhITmZScjRRSWVKWTluRlI1UDVCQnVGUGU0NHg5ekJ1dFhwYnNoMnZZd25iS1R0N1VPdnFEaUpiejk2QUZlTDYwWXdOUlhkbGlqRDJaSF80WVNnMDJxaTRwZXFYNW5WWnpwWm1XY0FTejI5TGI1V2NCYjBTMEVLc2RsWHl2Vmhpamx6VUIzdWFPTXhvWUd6Y1B1VVRxX3l1R19EVVRtbVBRLWNQNWRCaDg0dWxoNA?oc=5,Vers un accord de paix avec l'Iran? Donald Trump veut que l'Arabie Saoudite ou encore le Qatar adhèrent aux Accords d'Abraham tv5monde,fr,2026-09-22T19:03:53+00:00
472,Guerre au Moyen-Orient : les États-Unis frappent l’Iran malgré le cessez-le-feu et les négociations de paix - Le Parisien,Google Actualités — négociations de paix,2026-05-25T07:00:00+00:00,https://news.google.com/rss/articles/CBMimwJBVV95cUxPU2N1QklaT0pId1dhQVZYdFg3R0tHOGQ1Y3pUZF80dE1lbUNXOGcwRE8zUmZoSE1HRTdFbGEydFI2Z3V4cEZOVFB1MjZ2ZzRIeE54MFBNaFhEUk5POXVnN2FrREZYX05YNS13RUs1dGJzeGlldjRFOTZVQVV5aVUxaXNTbW1wNTNBdllZeEtwcEFXbHdZalp2dm1FaEVoQUNWQmxGTXc0UU55eFN3cjBqeFBTUWMyLTgwTEJjWnBnMzUyV0xja1FURzJnS0dDSWhxdjZCQ2xROVdsbnp0NENhQS1PSjlSSmpJeDlRN0p3QTJNMm1UdFhKTHJPT3ZSbWFzd3hfdmNlQThUNWJST1FwQlVHR1VWcklXTnNF?oc=5,Guerre au Moyen-Orient : les États-Unis frappent l’Iran malgré le cessez-le-feu et les négociations de paix Le Parisien,fr,2026-09-22T19:03:53+00:00
288,"U.S. and Iran suggest progress on peace talks, but deal ‘not imminent’ - PBS",Google News — peace talks,2026-05-25T07:00:00+00:00,https://news.google.com/rss/articles/CBMiogFBVV95cUxPLXcxU3F5d1plS3lpUkFXVTJLdTVsZWRNUldyblZGdW54dGluN0FRMXlBU1hMQzBXeExnejRoWmEya3BxR3J3aldsaXdMRF9GSTlLTk5vOXQzMzBDYV9Vemhod1RMcG03Q3hPalo1OXV3eFZ0TEp5MXNOdTcxaVV6MzlEb0NvckRsQ3JfM1JLQXRZb2FfdkVDVFlYSE1vci1JcVE?oc=5,"U.S. and Iran suggest progress on peace talks, but deal ‘not imminent’ PBS",en,2026-09-22T19:03:53+00:00
503,"Guerre au Moyen-Orient : Trump affirme qu'un accord avec l'Iran « se rapproche grandement », mais n'exclut pas des frappes - Les Echos",Google Actualités — négociations de paix,2026-05-23T07:00:00+00:00,https://news.google.com/rss/articles/CBMi-AFBVV95cUxPSm15bHVaNE5EOTZ5RkkyWGxEZWNmZ3Z6QmJodHZJYWp0cDZnRGJIcFF5b3o5YW93cUNXNXFWRVhLTWI1WlNmTXpzOVNTeXhlZUxicDBOUWdOWktxdk0tWlI4QXFIQzJWWWh3c25OcHlJRi1NZExEc1RHeXktNjJZZG91QVBuczhXWHlLdkRMSkNoczVYTXo5NVlmc0M5cWtoZlI4M0VUcGJrakZBU0JJRTF3blp0dm52MTlBT2NkZFBCZE1XSERBZ3JpbUNOaG50cU9Pdkl1aENLS3dnN3JYclpKZGRHel9yV1ZPY0dseHFYSE5Zc3RGSg?oc=5,"Guerre au Moyen-Orient : Trump affirme qu'un accord avec l'Iran « se rapproche grandement », mais n'exclut pas des frappes Les Echos",fr,2026-09-22T19:03:53+00:00
499,L’Iran accuse les États-Unis de saboter les négociations de paix - lanouvellerepublique.fr,Google Actualités — négociations de paix,2026-05-23T07:00:00+00:00,https://news.google.com/rss/articles/CBMivAFBVV95cUxONlBwNmhlbXV3YmZSYzNfMm1WME9XRTlrLVhOdlpIYjVrSmpJTlBIc25HQTVmMWtic0FscW5jaDdKM0tUSVlDOVdRaHJVTUhneTBwWUJMWjQ3SjdZYVdVdnRDdWllQmlQekFJOUY3dHZlUXNlTWNVMUpRamVxdHhObGI1bEFjYmNBZTZFbEJxOFFNN1c1ZXBiR3oxX09ZNzljbTk2THBjbkZaVDNyQmNWSU5WRW1EV1g5dXByYQ?oc=5,L’Iran accuse les États-Unis de saboter les négociations de paix lanouvellerepublique.fr,fr,2026-09-22T19:03:53+00:00
489,"Donald Trump affirme qu'un accord enre les États-Unis et l'Iran ""se rapproche grandement"" - France 24",Google Actualités — négociations de paix,2026-05-23T07:00:00+00:00,https://news.google.com/rss/articles/CBMijgJBVV95cUxNNHBjVWVaWG4yRVM0cF9pWVY0U212STdmSFluaDZGN1ZpV0NnNlRNQ2tCRkJkUXlXb09jRGRqVFYwdkZmbEtpZ0NDQWdzUndPdmNaajVHblJDaWJ0V3pPeDdRQWd4SW9pRzZacTZ5WmsxNEJPaUxGb04wajJwN2VOc3oyN1ZMYmRyN1dnM1RxZUtvVFN4MVByLVBkNFU1ZlFPNVFFTWROcHA3LTlNZGpVbDFjbTRuNGw3ajRRZ1J0bk84YU1pN18xQjFRWDlGV1pxU0dSeWJMRlU3RkZnUVN2X1BOT3Q3b1U2NS16eVdGN09yZVBSdm1aNmhaYnRFaEZ0V3h0bDJrc0p3NWRwQUE?oc=5,"Donald Trump affirme qu'un accord enre les États-Unis et l'Iran ""se rapproche grandement"" France 24",fr,2026-09-22T19:03:53+00:00
475,Guerre en Iran : Téhéran accuse Washington de saboter les négociations de paix - Le Figaro,Google Actualités — négociations de paix,2026-05-23T07:00:00+00:00,https://news.google.com/rss/articles/CBMiwAFBVV95cUxQT3FrTTJhNFZmZXplMFBkUmgwVUFUVFFFVW9YNHY5WGpydUJaSkRVVkJ3QndGbDNuRlhpM0t4RnNUWHV1dDhCR3NvYThVNmhEVjJyZ0piZkNXSTZsZXdNUm90UEp1bE1QVE15RGI1U2VDdkFSMXFMRmtzN1RhcEpfdkJ5LWJJNUFCR3p0Sy1vZjdjTEFtYm5jWU4xNms5S1BVaXhNX1lkYjRuUjc4S29BNDFVWlZSTkdqOS11TW9kUXM?oc=5,Guerre en Iran : Téhéran accuse Washington de saboter les négociations de paix Le Figaro,fr,2026-09-22T19:03:53+00:00
453,L'Iran accuse les Etats-Unis de saboter les négociations de paix - franceinfo,Google Actualités — négociations de paix,2026-05-23T07:00:00+00:00,https://news.google.com/rss/articles/CBMi8AFBVV95cUxPZ21QcHp3a3dHVU9iXzJxbzc3WGhlUm4zRU1BTW91bGg4b01jSmp0MklyR0VrYkRtMkZIX2M3LUNiUWd6dWxWZjhuRVpxX1JodDBFRGU5Y3N1R003dnpkbXhRU1NmQmdZajJSaTZZdm5iQTV3TmxjZ2RlYkNKODVoQ0VhNTVCeDd5a0pkaFpTLTA2NzgxT0FuWFRuc2NzNUxtRUF0ZVgtN1VzYWxHU3VJb00tUG95M09KZUtCSEduNXFXdUJlNWVrT2tHVi1tTTFRaE5HdW1YTWwtSHo4eVNtbVFwODVBblZSbjhBWlRFM0w?oc=5,L'Iran accuse les Etats-Unis de saboter les négociations de paix franceinfo,fr,2026-09-22T19:03:53+00:00
206,Mediator Pakistan pushes to get US-Iran peace talks on track - アラブニュース,Google News — peace mediation,2026-05-22T07:00:00+00:00,https://news.google.com/rss/articles/CBMiqgFBVV95cUxOd0o4dUxDeFJlcWQzNGkzQzBiazhpTnA5aGkxVW9IdjVWZUtfVF80bjVNOUdSdVFhaXVtMG9BS0Q2WHV6cnp1T3NKLUpQT203ZFpBNzdNeURZX1JYam9NaWo1c1RTVFZ4VHQ4WDRZcVozNG4xa0czb2Q0cl9tTU1mVF9LTTRJaGt4Tm9tZDJSQlRZb2FWSXc4YmJFc3dKRHFPeWR5OEJnd01yQQ?oc=5,Mediator Pakistan pushes to get US-Iran peace talks on track アラブニュース,en,2026-09-22T19:03:53+00:00
193,Ending wars or making deals? What PA-X data say about American mediation in 2025 - PeaceRep,Google News — peace mediation,2026-05-22T07:00:00+00:00,https://news.google.com/rss/articles/CBMibEFVX3lxTFB4NVNnMThWbkJmQTZFVlJkTzdaeTBxSUpyS2M4aVh6VWwwR1BsMTVEUDJodUhfOUNLbWFlaHFlV2NjUkhqcFNhM0Q4UlBVUkZqQWdBWUJackNQLTdqRVNrVTVEam42b1NQMXc1Mg?oc=5,Ending wars or making deals? What PA-X data say about American mediation in 2025 PeaceRep,en,2026-09-22T19:03:53+00:00
66,ILR Panel Explores Labor Mediation Challenges and Solutions - Cornell ILR School,Google News — conflict mediation,2026-05-22T07:00:00+00:00,https://news.google.com/rss/articles/CBMiogFBVV95cUxNTEtMUEJKRGl4cVZYd0NRcnRZakVmTTFNVDJFZjJoRHNPNGpSd19XbmIxT2lZWXlzWGxPTU0wWi14bmg5cmdqSTA5NTVsQVNNOEFodXZ6WHRBN0ZUNE1BSi02czVZVmF1SWhHcUg2aS1tVHowTVI2c1RQNGd6N1JJeFFJdEc4WUJYN3lBSkhlSHR1NU94cjg2OVpJYUFuZGFZbWc?oc=5,ILR Panel Explores Labor Mediation Challenges and Solutions Cornell ILR School,en,2026-09-22T19:03:53+00:00
71,Natick MA nonprofit offers conflict resolution training. How to join - metrowestdailynews.com,Google News — conflict mediation,2026-05-21T07:00:00+00:00,https://news.google.com/rss/articles/CBMi4wFBVV95cUxOOFkyXzJHT0ZCSWNxd3cyY0UwQXRjNmNqVzZvWDZjUFc5UjhSVGNEdTgtOC1uRktyb09BVWV1WE5GNjh5VW1qdWhaWU16WnZfenp5YmVHUktyZU5RSzhGVVo5VjBDaHdQVnJtbTN1Mi03QTJ6Yi1vVVR4M1U5cV9ibDRPNVluWHJoVVYyNVRjaDZ5Vkx6YjZ2cTRTal9md2NGcjhqRFo1UTZnRXRiNHJYQUtEMk9nQWdGZ3gzc2NhdmN0MXI0azQtVFFpUnNHM3cxWVZCdXh3WnFIWE1DMk1iOEIxaw?oc=5,Natick MA nonprofit offers conflict resolution training. How to join metrowestdailynews.com,en,2026-09-22T19:03:53+00:00
479,"Guerre en Ukraine : Kyiv maître du ciel avec ses drones, Lavrov écarté des négociations de paix… Le point sur la nuit - Ouest-France",Google Actualités — négociations de paix,2026-05-20T07:00:00+00:00,https://news.google.com/rss/articles/CBMingJBVV95cUxNMVYzdS1DQ2dYalB5LW93WUhmWlhqcTV6cTJuS0FkcG1Qb1NOaFJ4VFVtVEUzVDJSLWtCRnJIb2U5VjN2TXRiTWFUY3NqZlpsWnczVVdtQ203OHQtYzFNSmthRDZnb2ZrLXRPdUxhUVYzTUh5Z090RU5NUnlfZFVQSjdYS0NTVEQ2ZFJvckUtVDg0Y1hUVEdLbEEtNUZWV3dJSXRTSHAxdkJMcndIYkJMVUdxeEN5UWNnUXdsMFZFOF9CcFBhWlRsazdPMmpiZ19hS0k0ZWJ3Ul9IcG52U0dPdnF6ZGFtbG5DWWQzSFQ5YV9pVzBrQW4wSkx2Vjh4OGxjLWw1dENMb3I3UW8xNDNyT3p0aU5wRWlaVlN6NXB3?oc=5,"Guerre en Ukraine : Kyiv maître du ciel avec ses drones, Lavrov écarté des négociations de paix… Le point sur la nuit Ouest-France",fr,2026-09-22T19:03:53+00:00
332,La proposition de ces deux cinéastes pour « préparer l’avenir » avec Canal+ - Le HuffPost,Google Actualités — médiation de conflit,2026-05-20T07:00:00+00:00,https://news.google.com/rss/articles/CBMi5wFBVV95cUxNdmZQdGhFTEhBRERIMTBWTmc4MWdtUklCYmItMzZ1OEt6azI5RzRTSzdybDA3Y2lCODFyQUZhNXJ5cWd2U3RSZ2EtRlJ1N3ZGYmd3TmlIWnBTYWxoZWdSRXJISUk3ZDE0VXFqcWNpeDNaQTVRdEJMSmxVOXp6cTNUaTNDY2pRLUc1LTk1cUZLNWtQSmtVMjM4ZEdBLTl2T2VxU0ZmOVpFNHRIYjAyRF9CdlA2aGZpaGJmSnA4ZDVWYTZCRmJPS1RKNWVMR28yYlI0YkotcUxCM3UyU2JucVhFWVIyV0h0VG8?oc=5,La proposition de ces deux cinéastes pour « préparer l’avenir » avec Canal+ Le HuffPost,fr,2026-09-22T19:03:53+00:00
86,SPF Hosted a High-level International Peace Mediation Exchange in Tokyo - 笹川平和財団,Google News — conflict mediation,2026-05-20T07:00:00+00:00,https://news.google.com/rss/articles/CBMia0FVX3lxTE1fdzdTSmpPZ1JzVWZKT2t5dGh3Y2Zrc05TM2ladGUyRGs1c1ljWEpKQlp3QjBlUEpWR3FhTzhrZkdUNUZSd0ZPc01ERGVHbUFXS0pDSVJUV3dqRGxCRjJ0QXk0MkphcUw4N1N3?oc=5,SPF Hosted a High-level International Peace Mediation Exchange in Tokyo 笹川平和財団,en,2026-09-22T19:03:53+00:00
95,The missing piece in conflict resolution - Geographical,Google News — conflict mediation,2026-05-19T07:00:00+00:00,https://news.google.com/rss/articles/CBMifEFVX3lxTE5mNXVLSml0WVI1WlY4djI0UE9lMmdVdEdiZFhHcXNvTWxXcG5tUEVkakxmMVRNcHloVHJZM0dCVmc2WVp4SU10MExSb0hjbGVpX1VjV3c1VUJwQVJlZkR5U2dZbWNMRHJoTjNvZ1BiQjlBSEdJSEUyMFRIN3Y?oc=5,The missing piece in conflict resolution Geographical,en,2026-09-22T19:03:53+00:00
326,Conflit chez Transaglo : la justice propose une médiation après deux mois de conflit - Outre-mer La 1ère,Google Actualités — médiation de conflit,2026-05-18T07:00:00+00:00,https://news.google.com/rss/articles/CBMi0AFBVV95cUxQelFMck5nbjlGeTVBQ1FTdW5maThRZzgySEpfWExmbmR4Y1V2SzViODNKV3dGWVJZTk9zajg0TnFaeG00MW8xSWQ4NUtPRDM1QU9KS2txbmhhb2phSEFtbUNxd0l4Z2JiTlBMcDJGVnFLMW5jS1BhV1BHWnNnT3NsZzZZQnRPUDJmNTlhZERDM0xWV0RJTWpGYkU5T0VTVkowNW9JcUY2RmhiN1h5QW1mWDFJcHBPZzBwcVRJeXZTNDZQUlVYTVJjdThOeFI5QkN4?oc=5,Conflit chez Transaglo : la justice propose une médiation après deux mois de conflit Outre-mer La 1ère,fr,2026-09-22T19:03:53+00:00
207,"Tested by Iran war, Qatar is still faithful to its core mission: Mediation - The Christian Science Monitor",Google News — peace mediation,2026-05-18T07:00:00+00:00,https://news.google.com/rss/articles/CBMilwFBVV95cUxPMGxHWGVLbFdsandPYVFpa0g3T25tZWxIVHlSLUJFMFZwTGNfRUltY1p2bjlDZFNDcnNEMDVvWUppdUFXTFVMOVEyblk0bFFuMnhOakZqYVdBZXZuSGlGYnp3T0RxSjZfM2piNmc5dWx2ZTd2azdydXdtT0JFNk1TRHVyaHllOHE1MGNEVWtBMDNRZVZWQkk4?oc=5,"Tested by Iran war, Qatar is still faithful to its core mission: Mediation The Christian Science Monitor",en,2026-09-22T19:03:53+00:00
204,Pakistan’s mediation faces limits as Iran-US tensions deepen - Al Jazeera,Google News — peace mediation,2026-05-18T07:00:00+00:00,https://news.google.com/rss/articles/CBMiogFBVV95cUxNekhHVmkyVWFBYUhxNDF3RUdoYXcwWmtYWHlVWHc2NkNlUmFpeFVnR05Ld2FTdURmbVN0Sm1pMDF2SXBpd3dIMTFfNC1UZHFNelZOWmZTdUx0NEVCU1RNSFRXWmJDeElDOXctZHJRSGwtSDNKU25ncWpDYy1QUnpXQXFjVDNLUm5KVDhVMDVIZEw3ZW9zY2xMc05QTXpqYjFsVFE?oc=5,Pakistan’s mediation faces limits as Iran-US tensions deepen Al Jazeera,en,2026-09-22T19:03:53+00:00
114,Pakistan Deploys Forces In Saudi Arabia Amid Iran Conflict Mediation Role - stratnewsglobal.com,Google News — conflict mediation,2026-05-18T07:00:00+00:00,https://news.google.com/rss/articles/CBMisAFBVV95cUxPSWdjdHd4bzY5Q2M1a0Q0QnFBMGZjeC14amNvZGRaR0RtRjFlUnRxcTJOT3pPRVhUT2N1QWhoQURfLTROR0pLa1NlWjI4aEVPVWhKa3pCdUk5RW9qcVJ3TmtyOEtOam1HMU1wRUZnS240V2sxcWY2aUJ2OEVnejBJb01jZDhJQWJfTFY3MEVjcWxQWUE1SW9sWDNKWTdoWE5FR2F4eUNFME9SSFB5ZzRPQQ?oc=5,Pakistan Deploys Forces In Saudi Arabia Amid Iran Conflict Mediation Role stratnewsglobal.com,en,2026-09-22T19:03:53+00:00
78,"Preventing conflict, transforming justice, securing the peace: A global study on the implementation of United Nations Security Council resolution 1325 - UN Women",Google News — conflict mediation,2026-05-17T06:54:20+00:00,https://news.google.com/rss/articles/CBMi4wFBVV95cUxQVjlJRV9tWm1DUENLSHVGRy1vWTBjV0pDeFl0bmxLWmctbWxqeWVZYmNkaHJudDBlOXcySFUtNmJ2Z1JHSmVuODZvTjdvbTdUQm5XWno0dTg0OE16MkZKcjdja19SME5sWUZiYjhQcHVCS0d4TnZmTjlPa05xTEd4b1BPTFB0NmhhRWZiajJYOVlWbThack5oM0xnNVJBaXQzUDEwNGhXS0hVSGhCa2dnYzNoc0FTa3hVcDY5bWc5NmlMc3FqcnE4N1pBZkJkYkhvbENPQkpLUHJXaHdGQV9uMlpUMA?oc=5,"Preventing conflict, transforming justice, securing the peace: A global study on the implementation of United Nations Security Council resolution 1325 UN Women",en,2026-09-22T19:03:53+00:00
490,Guerre au Moyen-Orient : pourquoi les Iraniens ne cèdent rien à Donald Trump dans les négociations de paix - RTL,Google Actualités — négociations de paix,2026-05-15T07:00:00+00:00,https://news.google.com/rss/articles/CBMi6AFBVV95cUxQTkJYR3FIdUJnTjRVemRwdW9Ia0ttalZOVlRDTjd6azBPQS1ka3c1ZjFJdUEtT0Y1RVUtbFBCU2VzOWdTb00xdTdobUFKZGF3VzZXVE5EQmRLajFhMzF0ZlVPLTRLMnVpMUVWUXJsdlFPMkNOdnJ3Z0pmS1dIV3A4WWJ0WEZSS3h4QWNFQkdFLVF4YWtNVTdtLXpxMEVsNUNWV1otblV2WkF6a25SV1ZORWpzWGc2ZTJRcWNPUnpsM3hBamRhUHNOTDV4U21pR3VtT1Z4a3JUdFh0bkp6d2JnZkdzRmNLTXpL?oc=5,Guerre au Moyen-Orient : pourquoi les Iraniens ne cèdent rien à Donald Trump dans les négociations de paix RTL,fr,2026-09-22T19:03:53+00:00
512,"Entre Israël et le Liban, un historique de négociations marqué par de multiples échecs - Le Monde.fr",Google Actualités — négociations de paix,2026-05-14T07:00:00+00:00,https://news.google.com/rss/articles/CBMi8AFBVV95cUxNaXFJcHJDVTNmZVU4MkcyZmtIMG1uVmgxOFI5VWtsc0w4RnQtZTVpVUVDNkpJV25FZlNxX3V3VkhEVDBTaWJkdUUxUlF0Mm1Gdm15Q1NsRk9XZ25KN2U2aEpTa3FmSTk0R2ZCSjc5bUZDRG16TDFmal9RVVRlN2JsQUk0RXF6LTBOam9nY2RVdzY0OENxSldaM1U5Tk9yZnU5TEZBRGM5V2VDNlc3bkYwajh2VGpMVmVqVkxCQjlUMFhkZDlaLTM0N00zV1BkR1hvaWtPVzItRE4yeVFQVTEtTUw3SmJJWVhINzMwWUdmTlQ?oc=5,"Entre Israël et le Liban, un historique de négociations marqué par de multiples échecs Le Monde.fr",fr,2026-09-22T19:03:53+00:00
96,Hong Kong mediation body shows viable path to conflict resolution - South China Morning Post,Google News — conflict mediation,2026-05-14T07:00:00+00:00,https://news.google.com/rss/articles/CBMitgFBVV95cUxOd1hHQ1gwaFVjcUM4bDdIX0MtbXdrOE5ETllUVkR0WDduRmdUenVYamVVcy1FcjRyV1BnRzdwZ09YYzVIdXRsejk5dFc4UHFMSHdkdjdJY1MxdURLcDJOSUYwdUtWLXFTaHN4WFgxMzlOZkpXR1hTcTNpVjJoZ3JSRHE3cEdPb3VWRTRsZThzRE93em1pVHZraV8wZ3g0ZXR5anFyX0pCZFhxeW92V01YTDllRE9GQdIBtgFBVV95cUxQQjRxWnhYU2d3bHBkb3ZnRTA0XzJ1OFBPYmJEZkg0a1RFZGZDWGZaNDljYUhMdlFDOWV0cllBM3Qxc29IR201R1ZaQXdpWTZPd0lGMlV4bTVmcEF6UGRlZXpSTnFMRWVnVmVyNVVzRUdoZTdkT3dzTjJUVjg3a29vLXpGaFVaRmR3cERqbWpBRTVqbjExQWNjU0toeHctRmlBRWZiZ3ZpUi1lTUM0RC0yQ2hEQy1wUQ?oc=5,Hong Kong mediation body shows viable path to conflict resolution South China Morning Post,en,2026-09-22T19:03:53+00:00
87,"Yemen parties agree under UN mediation to release 1,600 detainees - UN News",Google News — conflict mediation,2026-05-14T07:00:00+00:00,https://news.google.com/rss/articles/CBMiV0FVX3lxTE5GVnRIUE1IOXZVM0hKeWVocnV1b2g3a2ZPenZqaXAyaE1uakRGVmVud3dxMi1Cb00wekQ1RlRYYjNHenZua3V1QmlRc0xzNzRTUTk3OGRDTQ?oc=5,"Yemen parties agree under UN mediation to release 1,600 detainees UN News",en,2026-09-22T19:03:53+00:00
208,Current Trends in Mediation: MEND Key Findings - PeaceRep,Google News — peace mediation,2026-05-13T07:00:00+00:00,https://news.google.com/rss/articles/CBMihgFBVV95cUxQX1NPTmRITWUtaUtZSzdrcDFGQlQ1OG1FOEJzOHZxUEZyUG9aelI0ZWtNQXlQcWJTd1lGeHluVkZ4UmlMQmZ5WUlaY1hEVFJkWHFaRjdNUDhVbHFScklBSnRjSjBDeUhRbU5jS0IzOTJfQ3gwT3h5TUdScGNSWDB0S1JKSGdidw?oc=5,Current Trends in Mediation: MEND Key Findings PeaceRep,en,2026-09-22T19:03:53+00:00
194,China presses Pakistan to deepen Iran mediation ahead of Trump-Xi talks - South China Morning Post,Google News — peace mediation,2026-05-13T07:00:00+00:00,https://news.google.com/rss/articles/CBMirwFBVV95cUxQelpuTFZfME5ONkRLQTRjNzZBeUI3djk0Tlo0eTZkcGtURWdpR0tVRGxENV9KUlM0V3k2bWZnQjRRSGVsZ3MxbXRHTHR4WlZ5RkhHUC1uZk9yRzVKVGNWTlhYMDQzd0ptN0dobmxPajlWNFlxX1ZYaVZZNnBUdjdSUmlidi16Uy1MRUVERXBES19Ldlpzc2dRdHBVdHk2aHhQdkhocDBsVGxwOWEzVkg40gGvAUFVX3lxTFA0WndnMi1kZ2NXSE1HRTdTQVNTQjNkazlKVWZQRzVtX3VCbXVlbk1HYWU5RnhjSzhfeVNQUmZGWEc0MnZWalVBa1NLa0lMUTIzSmxfTHFSQ1BkYnlmVjc4QWVSVlcxcWFiQXZ4bUQxY2dvRWFsdDRHUFltT1JKVGdGQ2lUS0t6LXcyYU1XdjRmUVJzVFJ6NG54ejVyVkpXbC1NdGhlcTlKOTZPU2g4cGs?oc=5,China presses Pakistan to deepen Iran mediation ahead of Trump-Xi talks South China Morning Post,en,2026-09-22T19:03:53+00:00
67,Mediation in 2025: Navigating overlapping conflict systems - PeaceRep,Google News — conflict mediation,2026-05-13T07:00:00+00:00,https://news.google.com/rss/articles/CBMilgFBVV95cUxQWGNZb3VNaW1xTnJLNmgxdXJGc2xPM19kS3NoS2hrd3NhSUJtQlJZd1p5VDNqVjBTT0tKUF80SzdfZ25BYmtHOFZDeG5pc3FPQXE0ZDNuaGVXX2xzaXhCQWs0MWRBbGlrWWUwUklDZjVyQnJmN1U1dlJCeXlrdXlVbS1RbmstUmxYLWtudW9ob2pQSWtaNEE?oc=5,Mediation in 2025: Navigating overlapping conflict systems PeaceRep,en,2026-09-22T19:03:53+00:00
487,"""Nous devons nous décider"" : l'UE reste divisée sur les négociations directes avec la Russie - Euronews",Google Actualités — négociations de paix,2026-05-12T07:00:00+00:00,https://news.google.com/rss/articles/CBMizAFBVV95cUxNX2VqSk1UNndCdGY0MmdhRlNWOFhyV200ZzlMRUM2a3Uzem1zYndjY193dTlCdjd3Z3c4Z0tLYlduUmlBeWM1VWtxUzQzNUZ1NDM5bUZINl9fVnBFcmFVWjBQSWFEN0VXVFJFSFpKdmhNRDR6cFNLYnJ2UGVhQlhTMW92ZngwT21NbWJocktJbU82YVFzYzQ5eHgwa1dPdllhNEpmQnZpLTdXWWY0SHk5U3JEclBRNXd2VDR5SW8xQUFteDY0Qktxd1F3OVU?oc=5,"""Nous devons nous décider"" : l'UE reste divisée sur les négociations directes avec la Russie Euronews",fr,2026-09-22T19:03:53+00:00
342,Conflit au Moyen-Orient | La Chine appelle le Pakistan à « intensifier » la médiation - La Presse,Google Actualités — médiation de conflit,2026-05-12T07:00:00+00:00,https://news.google.com/rss/articles/CBMi3gFBVV95cUxQZXFIQTA0aEZYSnNuSFpCT1ZtcGFoOFN5S0t3TmRvWkVlSUNvTFpQc0xXanltUUU3b01LczRZMnVsZUUtZU9GQ3drZ3RiRW5neG1NRUdBeUIxZGFIWUQ5RDBsWV9FZkN0SnRiMGFfSWVTV1d2b0dHV2ZRdXF5T1FZQXF0TmNSOER5dmU2U2g0dHVVSU9iZHRtYktNQmVPNi0wQVBsVVBfZC0zLTJTMUpqV3pSeUxZNnZMa1hiRGY0TV9ORENvZFJKSXV2WnFnNzJyS2pHTFVDTE1EWEtyNVE?oc=5,Conflit au Moyen-Orient | La Chine appelle le Pakistan à « intensifier » la médiation La Presse,fr,2026-09-22T19:03:53+00:00
328,Conflit Inde-Pakistan : la médiation impromptue de Trump embarrasse New Delhi - The Conversation,Google Actualités — médiation de conflit,2026-05-12T07:00:00+00:00,https://news.google.com/rss/articles/CBMirwFBVV95cUxQMEVweUZEWnU4aV9GcjhhQWhuWEhUNzB0blhoSG1FUzdwX05jWE82UGlUNFJsNUNtdHVTbTM1aThYWkg0bld3WkxjanVscVdrVTJDSUQweThBQzhKOVJ6eC1EbmtsWFRncV8zeXNxcnhBNGtUYk1RMmxmWW9OQXRHdDFmVnVfRjRuOWFIWjVtSUVDbkhlN2NBdUlfLWc5TTZxOVIyU0dhWGJPY08tMDJR?oc=5,Conflit Inde-Pakistan : la médiation impromptue de Trump embarrasse New Delhi The Conversation,fr,2026-09-22T19:03:53+00:00
85,"Across the Atlantic, Into the Classroom: UMA's Global Partnership Produces New Tools for Conflict Resolution - University of Maine at Augusta",Google News — conflict mediation,2026-05-12T07:00:00+00:00,https://news.google.com/rss/articles/CBMiywFBVV95cUxQUVIzVGJGUHN3S1ROR2hzUUJXX0Vib2FsdEEzUkhaMWZuVmNkZkl6T3RTZWVyel9fNjFBbHJ3TTd5UmJRSk5Sak1DckQtOTFEekhjR2lJOFcwZ2xvUWJyc2d2eU54cEtUblhaSm9mYWhtcWJfV3BmRktHY0hmU1FSN3VWdHRQLUZZOEZhaGtwWnRnZE0yOXhjRnV3ckR6U0dtamlhRVAtUzJ1VmVZZ1QtNXpOODE1aER2VkJrTFdlREhPakw1U0VqdmVnNA?oc=5,"Across the Atlantic, Into the Classroom: UMA's Global Partnership Produces New Tools for Conflict Resolution University of Maine at Augusta",en,2026-09-22T19:03:53+00:00
506,"Ukraine : les négociations de paix avec la Russie au point mort, Zelensky alerte - laprovence.com",Google Actualités — négociations de paix,2026-05-11T07:00:00+00:00,https://news.google.com/rss/articles/CBMilAJBVV95cUxNdGo3MGtLT3pxSTFxNFpSUWtnbDVnYTdSZXpqdE5Va3hkb05wcGZQcklwaEFOMV9OQ1U3dHNMNnR3QUw4RHlLZ2wwLURVdDJxeU9ESWxlQlVFSnpXN3oxeHFFZWZCdEVDTUxzYnc4c1F3bUFseDhKei1iQkhWNTc1Ykc0dnNOd2Z4bmV3SlJWcUM4NUlKbjBjRTdyajBkV2VLSGhRZmR3U2EtVEdGM05NbnRDWmFubmpzZS12RU5oclA1c2J3UzQ5akJ6NU44Zll5MDc0cW9NVlBJM2dFZGVWU3JEYkxJcFNHeGtJVVJTRFlNckRLZ09YZ0k1c1ZHa0tabkVHOWpIOTk3ZW9mQjM4YnJrWWg?oc=5,"Ukraine : les négociations de paix avec la Russie au point mort, Zelensky alerte laprovence.com",fr,2026-09-22T19:03:53+00:00
334,"Conflit à l'ADMR 2A : malgré des tensions grandissantes, la direction et les syndicats en médiation - Corse Matin",Google Actualités — médiation de conflit,2026-05-11T07:00:00+00:00,https://news.google.com/rss/articles/CBMi5wFBVV95cUxPZ0tyMG05VFp4V1RSY1dfaVEyTG1NVGVsS0traTlJcmd3MV9zdWxGTFJNdGxwZ2lIc21SZ2trZFZRcGFUYTQtWm12SWFoNmJQZnlWQjRWTTBBMUdabHVOOGdCZFFPQ09kTmVLTGtLQ0pob0F0ekhQQXZPTUVfWUVfeUdDX1RhbU5EWTV5VTVVR1FVcEJ0V01mTk1RdWl4TTV6ZmdmLWVsZFFraUM1YVZOaks5REVEWmtOU0pzZ3RhVkNlLTRORDV0bm5KUGlxMjFyV01pTTVpdjdTQmxoS1NaUjdONFdZTk0?oc=5,"Conflit à l'ADMR 2A : malgré des tensions grandissantes, la direction et les syndicats en médiation Corse Matin",fr,2026-09-22T19:03:53+00:00
197,Ukraine war briefing: Mixed reaction to Putin proposal of Schröder as peace mediator - The Guardian,Google News — peace mediation,2026-05-11T07:00:00+00:00,https://news.google.com/rss/articles/CBMivAFBVV95cUxONnoyZU5qY25vVDhfSWQ2MEozRGprU19aZmxxM3d3RmlWS0hNSDdabkxCLTMxWXo1S054a3YyMWpPWk9IUmhhWDdlM3g4S1MyakNsbEZvTUMzNDBaaHN1eVEweTdxdjR4YzFSMkJ2cllfUGZvVS1xMXcyeHFwdUhQYjhocTQxS0E0SFB5RkNDa2x4b3lzRFlkeHFzTDJGQkZYa0JOOG5xMmpzQkpGRER6cDhoNW9td0FlLTBuQQ?oc=5,Ukraine war briefing: Mixed reaction to Putin proposal of Schröder as peace mediator The Guardian,en,2026-09-22T19:03:53+00:00
186,Courtesy call on State Minister for Foreign Affairs HORII by foreign partners in the field of peace mediation - mofa.go.jp,Google News — peace mediation,2026-05-11T07:00:00+00:00,https://news.google.com/rss/articles/CBMicEFVX3lxTE9jcWltWTlUWXNOeThKaXpyN0JEaHZWaU9jVE82dm9nV0JOaUkwUmJWdndESHFuQm56b1FqTEpmbG9hT1RkSktKWWtYXzF2ZkY5WkRHMkY0bk4yQ21VMVd6YkNGVVR6UFlqbHFjdGl2TFg?oc=5,Courtesy call on State Minister for Foreign Affairs HORII by foreign partners in the field of peace mediation mofa.go.jp,en,2026-09-22T19:03:53+00:00
185,"Who is Gerhard Schroeder, Putin’s pick for Ukraine peace talks mediation? - Al Jazeera",Google News — peace mediation,2026-05-11T07:00:00+00:00,https://news.google.com/rss/articles/CBMisAFBVV95cUxOSzNMb1hIMExuNUk3STR5VW9nN3UtbjJRX0JhS0YycnBNN1JzMlZsMnNqcEFHcVEwRWNWQWNxcVpCdmNxbmFKUEFXSi03TmhtWi1mc2ZrdmIwaTZOZXFfTVR3WGFSbmZfeUp1NXp2Smg3ZGNHekNyaXFQZ3U1RUEzMGM1Q25KRUtRaEtpTmZaeFRFZHBoUDBzQ002TjhSQXQxX1JxSGN5N0wtOG9aeURQRtIBtgFBVV95cUxNR3Myd3JmMDR5R2tBbFBJZldRZEhxUWFkUDBtWDdLQU44QlJDLU00Sk01aUtuTFJxZ1FFT1U2S3o1SF9EUkZFZzROUmtuUHpPaWhCQTA4RUhJV2ZVQzMxVkpjb2pKQV9ZZkVWSnVNcncxYXVNeGZSMW9LNE9SR1pwZkxadXR6N0IwazltRy1ZeklIbTFRN2VIaU5pVGRhQUlkN3JGSHNyWEdNWlZKaWh0U1hmcjhjQQ?oc=5,"Who is Gerhard Schroeder, Putin’s pick for Ukraine peace talks mediation? Al Jazeera",en,2026-09-22T19:03:53+00:00
184,International humanitarian law and mediation – building pathways to peace: Interview with Ghassan Elkahlout - Cambridge University Press & Assessment,Google News — peace mediation,2026-05-11T07:00:00+00:00,https://news.google.com/rss/articles/CBMixgJBVV95cUxOS3hUTDRCejVOWGxNOGpmWFBvTS1PRWFWWDZkN0lOLWFRQXVJbFRCS2Fzc2JmUTlOalFiaDdqLXlHT0RTRURHTm9BQlJRNjdOOUVlSHVFUGFDcnBYWGdKNElRc3RaaVlQOEo2dVVKQkZFRS1pZDFRY0YzVlFfUVNXaGR3R1doWE05YVFGQlZlVW9yb0Jxd1pfTy1MSGptaXVZU3FROWp4VlhhU3Q5R2NHZ3ZpckhLNTl6MHJCRTB0eTR2SHFYOUlnbHBHSFYyYXh6a2FCWnJlQVJnSWFUcHVlNjBRV0tzSmN1cVA5X3FjQndyVF9jeExfdG9mUzNzMklUM0FOakN0OFk2YnNVN3MxOS16U09paHc5Xy13M1pLeFVIcVVIV3JBZ1pRS0FKb0QwSEEyTFJfdFZONkxIbUJzbVQ3Z25zUQ?oc=5,International humanitarian law and mediation – building pathways to peace: Interview with Ghassan Elkahlout Cambridge University Press & Assessment,en,2026-09-22T19:03:53+00:00
509,Guerre en Ukraine : Bientôt la fin de la guerre ? Vladimir Poutine se dit prêt à rencontrer Volodymyr Zelensky dans un pays tiers pour signer un traité de paix - L'Indépendant,Google Actualités — négociations de paix,2026-05-10T07:00:00+00:00,https://news.google.com/rss/articles/CBMiqgJBVV95cUxNSEVmNlFrTC1IR0NrSFhvdlFGT0FmWV9uZmFqZm5WQjJjZk0tbm4taTNha2Q5R3VBeHRMYlRfY3B3NlVmVmVTQVFQMGhmRnF5c3NvelVNbkVRVjhfZTVOT2tKMGZ6X3lPQU91ME15czZRUXBNZVg5anN6WDJfd1pnbzIwMzhCeG5kY25udEF1cFVrUTQ1V1Z4MUZxNjJ3QXcwMzg5a29FTWxwcndUYUtkUm9pa3I0M0FwX0ZrdTNBbjlHRU5fYjVPQlh2eGVRcjFBYzJraW9Lc2xUUGNhM0lUR1d0Q3RHcHpETF9OeW5GV2g5Rko5blNRZTRrWXBraVQ5UVdieUkxQUZBT2xWZVU5a2Rid2FtMnhqcF9wQ2dGRVcwQjE4X0lsdzBB?oc=5,Guerre en Ukraine : Bientôt la fin de la guerre ? Vladimir Poutine se dit prêt à rencontrer Volodymyr Zelensky dans un pays tiers pour signer un traité de paix L'Indépendant,fr,2026-09-22T19:03:53+00:00
336,Le Qatar appelle à répondre aux efforts de médiation du Pakistan sur le conflit américano-iranien - Anadolu Ajansı,Google Actualités — médiation de conflit,2026-05-10T07:00:00+00:00,https://news.google.com/rss/articles/CBMi8gFBVV95cUxPeDFlTlVCRG96MklYRFc5WUVoTVpOaVdISlhlWE9VNERLQ2VPYm1kUENNb3FERUdQSkJvZGU4c19RVVhyZjM0NTBwQ0pIdjdsY045UXl3bEFibk11MUtkNmxXb3pMaVN0ZEljNUdsdFhVbXZoRlBkZGM2WlJKOTJXMm1YV3pLLXBnYmxBMm1ud0EtbVJGd0xqTDRzMHZpM2huN3BuRTM5cHdONXFGOEdrMnJ2OVl1MXNrbTgxTmdUOXAzUkFqSy1EbnVwQS05MmR6aGZrLXRBeW85YmVhZmxGdU1EdDd4VGtyeFBwb2dXNndLQQ?oc=5,Le Qatar appelle à répondre aux efforts de médiation du Pakistan sur le conflit américano-iranien Anadolu Ajansı,fr,2026-09-22T19:03:53+00:00
215,Pakistan army chief says mediation efforts aimed at lasting peace - Middle East Eye,Google News — peace mediation,2026-05-10T07:00:00+00:00,https://news.google.com/rss/articles/CBMiuwFBVV95cUxNZjJ5Tl9IUDhUbWxxQl9IT1M2eVFyZEZsMzJhMDRoYmxvR3pSOGRlck5veWU4ZUhOVlA1dkJmN1pIRFhIenJ1eVNjWVRZeU9oNEtueFBaMFh3aDJGQ0dOVTNvb3g4VUFYM183dS1WZDdYNHpTQmtHSm96NmtKVEtocnppaEpJWk9RbkE4ajN2OTFPNDBQOTB4YnQ3Wi1jTFR2ZDg2bDhna2R5YjY5T2otTkVsWURhR25meno4?oc=5,Pakistan army chief says mediation efforts aimed at lasting peace Middle East Eye,en,2026-09-22T19:03:53+00:00
181,Rwanda-backed rebels accuse the US of falling short as a peace mediator in Congo's conflict - AP News,Google News — peace mediation,2026-05-09T07:00:00+00:00,https://news.google.com/rss/articles/CBMikwFBVV95cUxNNS1UTHVsdm9wLVFBdF9vZmtEMXRjenlEUGxLdzNHRXpWSDBGY0M2bjJIaldwRXh2cHRsNjZYSVlKUTdoaVlOZ1o0LTcwbkZTLVJ6VG1WbDBTMHRLUkFORy1xNnFKMVFoMFZVZjloUXdzaWI2cUxvQ3poMTNVV0NpQ3BTSDJrYV9CSXNKR2pyaWVpUEE?oc=5,Rwanda-backed rebels accuse the US of falling short as a peace mediator in Congo's conflict AP News,en,2026-09-22T19:03:53+00:00
179,Vance meets Qatari mediator as U.S. awaits peace plan response - Axios,Google News — peace mediation,2026-05-08T07:00:00+00:00,https://news.google.com/rss/articles/CBMib0FVX3lxTE1kb0U1TTFteDEtZWRUQVNsMWtTT29jcWdnVXlnSmRwTjU5cFc0VHdNUi05NWhTTWNoaVJrSWJHWU9kSUhUMVFXOWFIbm50SG5EdlpJdEkxcFVxOTNwWllQX1ZDRjlFak5kNlo0NDNUcw?oc=5,Vance meets Qatari mediator as U.S. awaits peace plan response Axios,en,2026-09-22T19:03:53+00:00
343,Conflit à l'ADMR de Corse-du-Sud : vers une médiation préfectorale ? - Corse Matin,Google Actualités — médiation de conflit,2026-05-07T07:00:00+00:00,https://news.google.com/rss/articles/CBMivgFBVV95cUxQX0luYzlodlo1TUQzaXRDaDBqNzVLemNaYkpvWV9NSEViMEp1X1gzME9hUEdKc1MzRnowVVgwN1RNUTB3VmJTdUNkYllqZEZEWlZ5NjM2dVQ2U21oZDg0enhjSzRRUFhkbEp5blJmOEZiQ3JGQmhHbzFrLVN4dHpZUUQ5cHBDVlgwN3ppZEFQNlc5RUllU2gxaHNnUkFJLUVkNnNLYUkydUFhMGRLcHBnTlRRYkVTQjlZaTVWaEVB?oc=5,Conflit à l'ADMR de Corse-du-Sud : vers une médiation préfectorale ? Corse Matin,fr,2026-09-22T19:03:53+00:00
507,"Le Cac 40 s'envole de 3%, un protocole d'accord de paix est sur la table entre les Etats-Unis et l'Iran selon Axios, mais Trump veut mettre la pression - Investir Les Echos",Google Actualités — négociations de paix,2026-05-06T07:00:00+00:00,https://news.google.com/rss/articles/CBMikAJBVV95cUxQN003Y1JDVFUydi1BcWt4Y3otOFJrUmpEYmR4aVJNWjNnSEpGZXo0cnNHLS1kSWNZZ0tGRzYxQXNwVVltbFVpSnBJY21Ja3pXRmtoazJOdzVjV3E4Tnp5RlVKWWFGY3dSVmk2SldlMDlyOU52Q3lSSk1fWk5sWlZHQ25NXzc4Vnp1MFZyeGdNQlBlRjQxSW9DUjYwY3cwVjh3MjNvVGJYQ19SU0c2cWxGdTgzUUZwanI4d0VZZ0dkWjJWbEc3alRSNnd2b0hIUDBUd1RHMW5PYXVSRzBNUTZtRnFReXN2T00zemVEM1k0c1haU3gzc1FlS0NDRUFmbTl4TWpzc3VoeVF2N0NJemRBOA?oc=5,"Le Cac 40 s'envole de 3%, un protocole d'accord de paix est sur la table entre les Etats-Unis et l'Iran selon Axios, mais Trump veut mettre la pression Investir Les Echos",fr,2026-09-22T19:03:53+00:00
130,Why Sudan’s peace mediation is a mess - The EastAfrican,Google News — conflict mediation,2026-05-06T07:00:00+00:00,https://news.google.com/rss/articles/CBMinwFBVV95cUxQRHBRdWV4SmFQRVlpMzk0NjBJN3BnSnZ6R3dvLXBkYU1hT0tfemQ1VjJqSnItUmFBM29PSzlVZ2xrM1M3a0lEMUNpUWdNbWtYRE9WNTgxMTNoa01YV2thdHFKZjBvakFhMHhmOTZTXzA5WnlzOFJEMDZyeXE3ZEE3MG1kZ0QzUGd6U0N6R0xWZnhTYnRNNTMyMkw0MjRFOGs?oc=5,Why Sudan’s peace mediation is a mess The EastAfrican,en,2026-09-22T19:03:53+00:00
106,The Antalya Diplomacy Forum: “A key node for mediation” says CMI’s CEO - CMI - Martti Ahtisaari Peace Foundation,Google News — conflict mediation,2026-05-04T07:00:00+00:00,https://news.google.com/rss/articles/CBMimAFBVV95cUxPT2N4d19yMHBCNDBhZ3ZOX0EtSmJvMWctRUxIYzN0TUwyeEl4WTFmelM5MGNLV2FWdDdRQ1N2WHEtal8zTldRRy1xUzBFc1pwYzhTNV9hZEcwTkM1aVdEVGR2QWZlWlQ3X1dEWndxTmNGekVRNnFWVTAwdDAwdXdLd3RZM1E3ejFSaHU2d3B1MnpfUUwzZUZWWQ?oc=5,The Antalya Diplomacy Forum: “A key node for mediation” says CMI’s CEO CMI - Martti Ahtisaari Peace Foundation,en,2026-09-22T19:03:53+00:00
510,« Créer un Monaco dans le Donbass » : l’étonnante proposition de l’Ukraine dans les négociations de paix avec la Russie - Nice-Matin,Google Actualités — négociations de paix,2026-05-01T07:00:00+00:00,https://news.google.com/rss/articles/CBMi-AFBVV95cUxQd0RGeENOU1VVWFNBV2QzemNpVXBYdWJfVlcySE1xZTVpMmhnNXdiV0dBV2xZam11SmdZajBTY3VYNzVnV2hxdHlYTWFzVUxtdl9QUGw5dFVsTWx2dEY0cXVkY2o2Y2Nod05vb2JUbHNMR1cyZGxzUlVyTWxMOExNU0s5NUFCOGkzNDNndWx1N1NnUUVxTXlZQ2NRQks4aE9YOEp6aE5XZmRaWG9uNDQ1MVpXY1Q5NS1iM01KalRwYmw4dGFPRDE5dGVab3A1V21mUnBqUXY3UDd1YkdjUEVDdU5XdGVPSWZCbXNYTkpWdDFxX1IwT1ZFQg?oc=5,« Créer un Monaco dans le Donbass » : l’étonnante proposition de l’Ukraine dans les négociations de paix avec la Russie Nice-Matin,fr,2026-09-22T19:03:53+00:00
211,Lebanon's internal splits over talks with Israel trip up Saudi mediation efforts - Reuters,Google News — peace mediation,2026-04-30T07:00:00+00:00,https://news.google.com/rss/articles/CBMizgFBVV95cUxOaFlHcXpPZW5aYUlBYW01QlpDY012alROVjQyT2taeV8xbjlpb0xzTzQ1ZjdyQ201Uk1FSHdjZ0g3LURTbXRtLXR3Y0laQnZ0YlM3M1M2S3c4eDd6Vmhfd3VmZE9uU2luSlhMSnVibmc0dHRFazZPakZDNWxDZ3BHU29wQUluZUpNb2JGdmcxazBVUHpFMVRwTk5hcGVSR0Uta3ZCcFpZYkJjYncyZFlQbGRpeTN0RFJLWm90Mm1IU3FSUnZ0ekMzZUgxWW5vQQ?oc=5,Lebanon's internal splits over talks with Israel trip up Saudi mediation efforts Reuters,en,2026-09-22T19:03:53+00:00
93,Russia’s Medvedev questions suitability of US to provide ‘effective’ conflict mediation - Anadolu Ajansı,Google News — conflict mediation,2026-04-30T07:00:00+00:00,https://news.google.com/rss/articles/CBMiwgFBVV95cUxPY2VwalFpQ0FjdmFEczAzWlVjM29OM0V6bGZiQUZfN2Q5VEU0ZGpnZTZQNjFxeXg5dER5ODFraWhuZEN0TjVDNGNxb0VRUUU3el9tTkFiR2kyUkV2bEY5bDdYejMwQ1dYZGJ5dUE2N2E5Zjd0V0ZLeTBxTFZUNHFKRl9OdHFyaXZ3VC1raFpWTi0tNDRnaFJSOUJ5UFo2YlhtLVNMZENMbDVjZk1halU3WURROW1KUFVfc3N0dGxZOFlVdw?oc=5,Russia’s Medvedev questions suitability of US to provide ‘effective’ conflict mediation Anadolu Ajansı,en,2026-09-22T19:03:53+00:00
102,From Architecture to Ecosystem: Repoliticising Mediation in Sudan's Fragmented Peace Landscape - PeaceRep,Google News — conflict mediation,2026-04-29T07:00:00+00:00,https://news.google.com/rss/articles/CBMixAFBVV95cUxON2lubHRRX2o4bkNQS3NGOXZiTDBlRmdhem5BYWVkLWFydVFnY1NWajBPWWJDd0JRckQxVUpxN0RDeUR1bDhrQmkwQlVzQllyY0pXc1ViX0ZFQjBOLTZfRnNnNzJsOUJCWnJnWERYblJCcUdnVk9oNm5tS2w2VFdYREdLX2ZUNVFaMm9POEQ5RF9sbkZUSHBicXk1azQxaFlXVjRLT0RSWmVTOVJhSk1RRFBQa2FKWjlnTm83SlluMmlMNEp2?oc=5,From Architecture to Ecosystem: Repoliticising Mediation in Sudan's Fragmented Peace Landscape PeaceRep,en,2026-09-22T19:03:53+00:00
127,ACCORD and the African Union Launch FemWise-Chad to Strengthen Capacities of Women Mediators in Conflict Prevention and Response to Violent Extremism - accord.org.za,Google News — conflict mediation,2026-04-28T14:28:52+00:00,https://news.google.com/rss/articles/CBMijgJBVV95cUxNZk1EX2dCT0xhdkZBTTdlXzF5VFFmV3B2UkdpV3JnTktIUzFYY29Odk1KTVNDbFgtWjdETjQ5ejdLX3lJZDhicUtxVDkwZWFuNEV6THhnVVZ2NEJGc1lTNi0tRnZnXzhaNmpTSi1VSFAzNndrQnBhZmdFWHBmeUF5b3Frb2pwalpPaV9RMzEyWVNIUHVHOUQ5bjAySTR1cHdCNk10Rnp1ZjljOXJJOVViV3NXUGQxOU5EOEl4OWFLaEpES0lrSjZGeWpibUM1U0tnbFpLWm5tMDkzWGE5c2t2aldMMkFHcjlTRmRLYXBwWDFMUUNCTEJRbmtKWVRLbGNxMU9QNzdCNDBDRWc3ZWc?oc=5,ACCORD and the African Union Launch FemWise-Chad to Strengthen Capacities of Women Mediators in Conflict Prevention and Response to Violent Extremism accord.org.za,en,2026-09-22T19:03:53+00:00
177,How Pakistan Became the Iran War’s Unlikely Peace Negotiator - cfr.org,Google News — peace mediation,2026-04-28T07:00:00+00:00,https://news.google.com/rss/articles/CBMikgFBVV95cUxOTFhEb3k1bEV1cGZ0WUwydlpBeTJBM3AtTkRlMFgzOVhLUDN5b1VOOWY5TDZiUGh3Q3EyLWZEWGlYZjJOUGhPYVFqZEJwZmQwRUNkNUZjYUhHRWRWbm5oSzBMUVRmOG95TkZ0QWZBS1l4UWNIVUQzUDlWM0llbktfZkgzbWpRSDlmb2FvVUFXaFN1Zw?oc=5,How Pakistan Became the Iran War’s Unlikely Peace Negotiator cfr.org,en,2026-09-22T19:03:53+00:00
119,"Opening Speech H.E. Dr. Workneh Gebeyehu Executive Secretary, IGAD Mediation Reflection Conference Reimagining Mediation in a Fragmented World: The Challenge to African Multilateral Leadership - IGAD",Google News — conflict mediation,2026-04-28T07:00:00+00:00,https://news.google.com/rss/articles/CBMirwJBVV95cUxPTC14cDR4aUFkWXhyVktxeTdNVnFkb1NzQ25XdnBOTXJLVDI4ZUZtVXc4eDRFczFVcGJVLUozRFFrWWgyVTFFZFdKLWNCMkp2NHhMeXdBN1BTRS1pUkVndkRHYmZKRlVHc3VoV0dJa2Via01uY29jNGFYWFgwdUVBTEt2cF82RjNTbHE5WmF5MHlISTJZU3ZWSElTV0laYlFHNFZpZXQ0UW5rLWJfSFJ0LWh6bFB3eEJSWVJ4ZHgwLWhnWlpyUUg5NUdRcTc4c0t6M1BGTDk3dG9HNnBSZ3dFLU1Qbk1HSk5hYUtLYWMzTDdxYWgxZ1BMUlRhQ2hWcUtvOUpYOUNpQXFFNjRqdjhNbVQxRk9UODJIVVNremJLbVFJODZZb2E3V2MyM3BobHc?oc=5,"Opening Speech H.E. Dr. Workneh Gebeyehu Executive Secretary, IGAD Mediation Reflection Conference Reimagining Mediation in a Fragmented World: The Challenge to African Multilateral Leadership IGAD",en,2026-09-22T19:03:53+00:00
103,IGAD mediation conference warns risk of ‘nations’ or ‘parts of nations’ becoming objects of acquisition as ‘peace’ gets commercialized - Amani Africa,Google News — conflict mediation,2026-04-28T07:00:00+00:00,https://news.google.com/rss/articles/CBMi7gFBVV95cUxQLTNDckRvdktWUGFJUjBfNE1lTTFkYVBGNHJuRUlJeWRkc0N0RUg2Y2xkMkw1NmxUNXZFSDRQNmZGa2hHWlJFZmFBMDF5YnNCMFJaSm9uTEJhMmpxbVFoaWE4MVpjend6Zm1JNjhJM3BwWHJLdUUtaENCcGNRa2JObFZQM3FweWhnZ2pORzVNZEhJdkY0cXJxMElOajc5cWZ1MkFSbkc5OWZrNUJGUFJLVERETnNhc1VxVVh6dXA3R2gxT0VDXzNuRTVCd1lDUlJxS0J6T0hWUG11RmQxN1RhY2V4TEJTb1MzNDBoQlBB?oc=5,IGAD mediation conference warns risk of ‘nations’ or ‘parts of nations’ becoming objects of acquisition as ‘peace’ gets commercialized Amani Africa,en,2026-09-22T19:03:53+00:00
100,"Mediation in a fragmented world, Speech of IGAD Executive Secretary - Amani Africa",Google News — conflict mediation,2026-04-28T07:00:00+00:00,https://news.google.com/rss/articles/CBMimgFBVV95cUxQZzA0UTA3RVJZdnNTOGRKbjRCVlVwQXUyT1A4MFlhamZiNHBkZy1UbVVsQW00OTk2V2lYblRVUFBwU2NfV3huZnlqR3ZkVF9vakRvZDBfd2E0RDFBenRUWTU2NUpHN1lTdzNXVk1VbVZWYVZCd0NrYkdRbWg3UXlHR3Y5MXFJQTVadlZXN0lka1dUUDBCOHp6bVl3?oc=5,"Mediation in a fragmented world, Speech of IGAD Executive Secretary Amani Africa",en,2026-09-22T19:03:53+00:00
504,"Détroit d'Ormuz, nucléaire, 'lignes rouges'... Où en sont les négociations de paix entre l'Iran et les États-Unis? - tv5monde",Google Actualités — négociations de paix,2026-04-27T07:00:00+00:00,https://news.google.com/rss/articles/CBMi8AFBVV95cUxPUzEtd05pMVRQazBRSTU1Ykw2d3R4VVJkc2hZNGtZZjN2cjRRYjVBQXF0N1FBU2ptSmpjR2QwR0J3YXhqVGR2MUFsSThFUHJYek8yUW5LTVdKaGh4NThYY0c3MlgxbEFXRFVUOHdTUk5GQ290TS1IWnpGbG1EQkRPdEJ0Qy04SXh3WU5waHBLOVNsWHVKV2pvdE9oRHk3OHp5UHhpc0JFa00teHg5LWZpamRlSTBGdWlQMVNtSlR1Z1FjUUgtM1ZabTdqQWlIMEtjZWdJQWdrc3V6RDBGeHJEQlZPdXVDSVVLdEFDbGpvSE0?oc=5,"Détroit d'Ormuz, nucléaire, 'lignes rouges'... Où en sont les négociations de paix entre l'Iran et les États-Unis? tv5monde",fr,2026-09-22T19:03:53+00:00
218,Pakistan reiterates commitment to diplomacy for peace amid ongoing US-Iran mediation - Anadolu Ajansı,Google News — peace mediation,2026-04-27T07:00:00+00:00,https://news.google.com/rss/articles/CBMi0gFBVV95cUxPVi1KQk1wbXFpNU1feHNjMkVDMkx4TWpfTDdpWk9hVWNWc1MyNlFnLXc3UlRTTzgzM3ZWZVktbVY3OU5xeGh2VzAtOHdXVUxiR1VvOHJhOGg0dEJwV3ZvMTBScHJWbk9BRjhDdzlTS1VwcFRtMTJ5dW0tci15QUZJanIxSUt3Q1d3RW5OUnlhdDJVeE5kejNpU1lLMURMNXEyUHRkSVJhZDZaQjg2YUlINVlKa0RMZGlobTZ3VUZZaVIzZExuQXRqUF8xUkdYV0l4NlE?oc=5,Pakistan reiterates commitment to diplomacy for peace amid ongoing US-Iran mediation Anadolu Ajansı,en,2026-09-22T19:03:53+00:00
210,New 'Practical Guidance Note' examines how digital tools can support inclusive peace mediation - CMI - Martti Ahtisaari Peace Foundation,Google News — peace mediation,2026-04-27T07:00:00+00:00,https://news.google.com/rss/articles/CBMiuwFBVV95cUxQdHJ1djlqdzFNUXZFMnBHMEhIeFhBVnNMMWJYYk9NWFdYYkR5TTBuZVpHeGRONHFMbzdueE5EWVd2ekctQi1HNTZmMVl3U1g1ZG9VMHhUV21lbWRua1hvR3VCOTBUVVBUV3BkTENuVzJFb0ZRZkdraWlfSkQ0YnFYYUhFenVHcTZxNzlyNkFXSWZCZEk4UkZTSzRRWS1JSGZNdEJINmtFdHpnVkZFRTh0UWxMSmxLaHhjc0l3?oc=5,New 'Practical Guidance Note' examines how digital tools can support inclusive peace mediation CMI - Martti Ahtisaari Peace Foundation,en,2026-09-22T19:03:53+00:00
126,PALS: Recent tragedies show conflict resolution needed in Jamaica’s classrooms - Jamaica Gleaner,Google News — conflict mediation,2026-04-27T07:00:00+00:00,https://news.google.com/rss/articles/CBMivwFBVV95cUxPcGdKQ2xoQ0Z5X1QzQmlENHE4SnMtaDFLdFBSVEFkSXdmdHZ6dlZWcUtwdExOWC00d0cxTnBrazNLWkJYSlVZNnVRZkJLeUh4LWZ3ajlOR1ZCMGNwOXlYd1F2VUEyR0UzTzBRWDJ2TGRiQkVkRjBQMDRiZVBvZmxYOWIwb1BQWGlJSkZrLXBQSlBGakdVaEZOYUwwdnlmV3JLWFVKNC1sUjZidG5OUjJXZy1za2g5RUJRZkhFM2ctOA?oc=5,PALS: Recent tragedies show conflict resolution needed in Jamaica’s classrooms Jamaica Gleaner,en,2026-09-22T19:03:53+00:00
466,Guerre en Iran : pourquoi les négociations de paix au Pakistan ont (encore) avorté - humanite.fr,Google Actualités — négociations de paix,2026-04-26T07:00:00+00:00,https://news.google.com/rss/articles/CBMixgFBVV95cUxOMElLS1gtTkxDMGNmd05SVVFvcG5UR09yTGZBZlROejNiaGNDTW5rQ0pxT0g4SnZPU2xEOEF3RHh0enNJeWViZkJVel83enhWdzhYMkZ6djZKbV8xanpyb0VHd3dLTDBfMjljOU5sMGZzN2d0akx0MVpFTjVpWFlibkpKdHpWODBjckFhUjBKZ2p6RWF5SHNEM05wUlFvYW5yOE1RMXZtT3VyaWU5QUJmTFRyaW9mLUp4amo1ZjhTTE5DeGh1aFE?oc=5,Guerre en Iran : pourquoi les négociations de paix au Pakistan ont (encore) avorté humanite.fr,fr,2026-09-22T19:03:53+00:00
357,Nouvel accord sur la table: La CNS entrevoit une médiation dans le conflit qui l'oppose à l'association des médecins - RTL Lëtzebuerg,Google Actualités — médiation de conflit,2026-04-23T07:00:00+00:00,https://news.google.com/rss/articles/CBMizwFBVV95cUxNaFNSODRzSVM4TDJaRVgtY2pCNVcwRjVhUTlrZF95alhSZ1A2dnk0Tm9NNk9MVjJvVzg4NWVFd3I1SDFQSEFnaFlES1hpTV9wZFFvcWxlamkwM21EanNXZ1J1V0x3cU1ZU3BXelhXYkZaTnN5NU44RUpXZmdFOURqbEY5aDl5Wms0Nl9Ock52ZEIxZWQtQUttekpWbEpYRFIxS0pNOGJORDgtYnF3c3F4NEsyTXAwbzdvVHdxSE14Y2xEODRwejFQNGp5NS1DU2s?oc=5,Nouvel accord sur la table: La CNS entrevoit une médiation dans le conflit qui l'oppose à l'association des médecins RTL Lëtzebuerg,fr,2026-09-22T19:03:53+00:00
217,A look at China’s behind-the-scenes role in Iran war diplomacy - AP News,Google News — peace mediation,2026-04-23T07:00:00+00:00,https://news.google.com/rss/articles/CBMiowFBVV95cUxNa29kZnNHSEJnS05CZkZvTVQ0SmpiQmtiMXJHbHFkWVRlRElXR2FEQVBLWG9hUmlaUnVZcFY5X093aUdlRFJ0R0lLWTBlUW13RWhVVlB2YkNjMEgyQWpsa1ZKUHhaREdZaFRJdHZyTjg3blUxNUNMYWpVNG1jQzhwUWM0dEtZRXI5UGJJa1dTMG1VQlN2ZXUzNGJjNVJ2MFlCLUtz?oc=5,A look at China’s behind-the-scenes role in Iran war diplomacy AP News,en,2026-09-22T19:03:53+00:00
514,Colombie: le président annonce la fin des négociations de paix avec un groupe armé - Le Figaro,Google Actualités — négociations de paix,2026-04-22T07:00:00+00:00,https://news.google.com/rss/articles/CBMixwFBVV95cUxPbUJtdElLR1l1VldBdUJ6TGU5NmtXNW9aLThuaUVKYWdveVJ4d25mSXVSNzBjeXUwVVR4VWRrWl9rV2ZiZzM1alk1TG8tRlhNcU9BWS01dHhFYXpRYkdKUkZIM0VvR0VkelNJbTJ4d085d0xRaW1NUHE2TmFwV2VjOWZnelFpZ2lXcEpwcU1JN1JQMzJXSjJoY3JHNEFNNF9ScHM2SVgyOE1ZYk9Ueko3Tm8xbGlrd0RnazFYbEZHYWZmZEtINlk4?oc=5,Colombie: le président annonce la fin des négociations de paix avec un groupe armé Le Figaro,fr,2026-09-22T19:03:53+00:00
359,"Justices alternatives, médiation et règlement des conflits : Réflexions sur les manières de rendre justice - La Presse de Tunisie",Google Actualités — médiation de conflit,2026-04-22T07:00:00+00:00,https://news.google.com/rss/articles/CBMi1gFBVV95cUxOYjB5RmFwWnlLbUxqTzF1V2pZcEh3TFk1WWJwQVZKNzR0RGJ1bVNuYmZhQ0pkMVdGbnpaVUY2RW1WQ0pvYUxHR084VHFQWnFUM1JQeEhQVTEwaGMwSVQyMFpNUVhyODREVGVJdldpZE4zZEZnLXZFY2VIdzZBR2tUa2xiUzlfMTFOMGRGdV9TdTJpLTBSZmo3M3Y2ZGRiek9fYU4wY2NldVIwU2hlSldRVVdTVGV5WFFWRE5ac05BMnFxdW9CY3BnYmlyMFN2U0pNLVRnM3ln?oc=5,"Justices alternatives, médiation et règlement des conflits : Réflexions sur les manières de rendre justice La Presse de Tunisie",fr,2026-09-22T19:03:53+00:00
88,Kroc Institute has a presence in mediation of Sudanese conflict // News - Kroc Institute for International Peace Studies,Google News — conflict mediation,2026-04-22T07:00:00+00:00,https://news.google.com/rss/articles/CBMimgFBVV95cUxOUzRMNU5fYW5BQjdCcW1qamtHOWU2M3pHT2o3dXRmWjFsekgyMGtzWDg0enVXYUFzc0NzM3BBY2VnQ3VtcnNTY3ZDOEZHSE5KRDI1VzUwQjdSdC0xMzB2TUV5V3BWaGQ2SGdlRV9KbVIwLTM3dnVpS0ZoZE9Uekgtb2pIQ0REMGx1VFdrMjFmVDgxeGlpQ0c1TUV3?oc=5,Kroc Institute has a presence in mediation of Sudanese conflict // News Kroc Institute for International Peace Studies,en,2026-09-22T19:03:53+00:00
99,The Urgent Need for an Adventist Ministry of Mediation - Spectrum Magazine,Google News — conflict mediation,2026-04-21T07:00:00+00:00,https://news.google.com/rss/articles/CBMinwFBVV95cUxOWDVwR3IxRlFrakZ4bHNCeU5TcHFPbEh0endKWU5PZGhYckg1eUpHY3hPbDRyclRMT2lSZkpIeURVbmpETUgwSThrdUt1VHZKM2JYVXd3bVZIMnpCX0RPQy1kb05HSzdnSllPOUtTbGMxNGFHUjRKYW9zVEFZVXJiUnB6OWxGTFJ0RUlEakE2SmtvczNpWnNWeGJnblYyc0k?oc=5,The Urgent Need for an Adventist Ministry of Mediation Spectrum Magazine,en,2026-09-22T19:03:53+00:00
488,"JD Vance annoncé, la délégation iranienne absente… Les négociations pour la paix au Moyen-Orient en suspens au Pakistan - Le Parisien",Google Actualités — négociations de paix,2026-04-20T07:00:00+00:00,https://news.google.com/rss/articles/CBMipgJBVV95cUxORFNfMS10eGNVczlMWnZlcENfNzBwdE1JUTJSWUN4NjdJT281S1BlS0drR21oS1pDcjloV29CMzBXM1JyRW40OEJPdmZfb3VtYkw2aUJzalVPWlBWbmZjY0NXM1QyYWxKOFZEa0pHTkV0SHI4Wm1McnB2aWdwQVdVTmh1R3ZPc2licEt1V09LTVBlblZkcWthZXZoMjd6VVUtYlJBeUdfYXNGemNHMzgyeXB4eWxRZ19hZnRlTEZjSjNnU282Z1MyTHVvMi1wcE1JTm5CLUcwT0xuSDF0QmhGMDdTLW5XUmcwRUdWU1A4ZjBjeGdxTm1qR0tLc1JHQlBZTEpYVXhVNEJydXJOWGVCMEdnblZjNS00c3Y3Mzc0dW5LM3lWeUE?oc=5,"JD Vance annoncé, la délégation iranienne absente… Les négociations pour la paix au Moyen-Orient en suspens au Pakistan Le Parisien",fr,2026-09-22T19:03:53+00:00
91,The U.S.–Iran War and Pakistan’s Peacemaking Diplomacy - China-US Focus,Google News — conflict mediation,2026-04-20T07:00:00+00:00,https://news.google.com/rss/articles/CBMimgFBVV95cUxQeEJ4YXY2UkJRVllkU3JKYzdwcFhIZ3E4NkJnellLdlJ0QUl4T1pnRFJzTWNublVQbk5WbTlPMmw4MnEzV3JOZTJSQ0dCU2lycGRMbVFaTWVaSDJ6Qm41Z1kwbG1sWVo5ZFlxYWlrc2hkOUVtb2U2a08tRERpS2NfZjROMTU5NDRsTmpRUEdocG9RdExmNlYtUVd3?oc=5,The U.S.–Iran War and Pakistan’s Peacemaking Diplomacy China-US Focus,en,2026-09-22T19:03:53+00:00
111,Cambodian-Thai conflict exposes ASEAN limits - GIS Reports,Google News — conflict mediation,2026-04-17T07:00:00+00:00,https://news.google.com/rss/articles/CBMifEFVX3lxTE9Dek84cWk2WEYxSk04Q280b1ROMEZnNUFuak4tbjRJUUd5X0ZGNzZ3Nng5M1dCeXdJaXJSVzlGeTNHcDlNQnZNenI4MFJnMzlYX3ZoTWJYeFNJRDhPaDZSbFdJaUFRQ3V4NE9NZUlPOV9aZkZnNWkxZXdpQ3M?oc=5,Cambodian-Thai conflict exposes ASEAN limits GIS Reports,en,2026-09-22T19:03:53+00:00
108,Tempted to argue your point? Try leading with curiosity - Toronto Metropolitan University (TMU),Google News — conflict mediation,2026-04-17T07:00:00+00:00,https://news.google.com/rss/articles/CBMiqAFBVV95cUxObmNuYUZCT0hwVzZMWDJmRmt5bTgxYUIyTENqNXBQSkVta1NvbHZ3Rl9EeE9HU015UTRTX2kzSHgzYUtYT2ZqZ0tydl9NWVZZSFBXU3FPcUJCVEhZTUF2dkExbFVFclFFLWd1ZWJ4eHN4dWU2dVJ5eUhVQjBYeVdSalNCOHJKa2MyOU8wUkUtdUpRNFN1eENHVk1sMWNRTEF1aXViMkx1Qm4?oc=5,Tempted to argue your point? Try leading with curiosity Toronto Metropolitan University (TMU),en,2026-09-22T19:03:53+00:00
346,"ASIE/PAKISTAN - Le responsable politique catholique Naveed : « Le Pakistan poursuit sa médiation dans le conflit au Moyen-Orient afin d'instaurer la paix, dans l'intérêt de tous » - Agenzia Fides",Google Actualités — médiation de conflit,2026-04-16T07:00:00+00:00,https://news.google.com/rss/articles/CBMirwJBVV95cUxNcWRhRkx1UGtya1FxSTdtTVQzVENwZEFqS2oyeVN6eDRvYnlfU2QtODJhMUxCWURNeTRxNWhtVU9aQTJpNHhRbjdpd2xnclJkZjAtNzQ3Qk5URXZ6aHZ0eHl3MnpCWGtDOVh2ZUtfa1JadHNMRmlvOHZ5TzBhUHR6eVgtWHJ4ZEVCbG5JS0VERDJnWW5rY1FtdXV3QUsyaGg1TWVsQ19KSWJrb2dyQnB6ZDBvVHhvU2JIblp4SDNNb09EcnhjUE5JNHY0d2M2RHgzUlM5NVU3LS1GY0xnaVFfREpBckJPYlBwRkp1SHRLekRjVHlsaVBkZFNEN09KSy1ZeE9LZ0FlOVNxaV85YVBpVTB0anF0SG1sNXlYSTZZeXc3ZXNOU0N5NlhiYmdObU0?oc=5,"ASIE/PAKISTAN - Le responsable politique catholique Naveed : « Le Pakistan poursuit sa médiation dans le conflit au Moyen-Orient afin d'instaurer la paix, dans l'intérêt de tous » Agenzia Fides",fr,2026-09-22T19:03:53+00:00
133,Mediation should be the first resort for conflict resolution - Irish Examiner,Google News — conflict mediation,2026-04-16T07:00:00+00:00,https://news.google.com/rss/articles/CBMifEFVX3lxTE9odnh3b2ozb0hTRXY0bnJQckljWXBwekJsQW50NTU2eG1XbWZ5RzNEd05vRHFzQW9ZZFFIMF9pXzBBckdOa19mcDk4eHZKNjE3a0h3MXhpWHc4dGU4dzd0dUQ3QUhmY1dzSnhLMzkzUEVpLUQ4YlZva0QtMkg?oc=5,Mediation should be the first resort for conflict resolution Irish Examiner,en,2026-09-22T19:03:53+00:00
112,"In these conflicts, Norway and the peace mediators cooperated closely - hdcentre.org",Google News — conflict mediation,2026-04-16T07:00:00+00:00,https://news.google.com/rss/articles/CBMimwFBVV95cUxPdTZNWWVOWmdaWUsxdjZFcGsxM3BjQk84ZUFTMmZTZHlYRkUwMDNNMVpkaHYtenRqZ05zY2RaSTZqY1RfaHYxdDdXLXBOcFI2SERCcEpHNDJMNVhaZFpTQ3l4STVBdUhoOWg0LUs5MFEtV24tMkxLb19iYkR1RE03X0FtRmxUSG12ODFRSVV1Y0lSNzJiNFdic0VMVQ?oc=5,"In these conflicts, Norway and the peace mediators cooperated closely hdcentre.org",en,2026-09-22T19:03:53+00:00
498,Guerre au Moyen-Orient : Israël veut tenir «aussi loin que possible» la France des négociations de paix avec le Liban - Le Figaro,Google Actualités — négociations de paix,2026-04-15T07:00:00+00:00,https://news.google.com/rss/articles/CBMi8gFBVV95cUxOdWVPWXRJZkswb2wxUERxb0pJVXZSTktiV2pkcUNOdkd2eUp4RHpSWUEyUTBLZmJ3VEdBZ3pvODN2bjJTX0UxYTBMSW5nZUFnenQtMGRwdDNoRFgzZzJ1c1dYU3R2T1pSaDBjUlRnWE5fZGNHU1ZFVEd3bkZpSVJaWVEwWk9zUG5HMDhhdTI4TWVIQmxLc05aem9pOGpSY2ozeTRSaFBqYURQdVNJbjlSejRKdXlDYVUtVG5Tb1ZNR01DWEdaeTJVNWFYVUs3Q1JldTlORWhrYnVMSktBTzZKSlNVN2pEY1BGNl8tQnJUOUlxQQ?oc=5,Guerre au Moyen-Orient : Israël veut tenir «aussi loin que possible» la France des négociations de paix avec le Liban Le Figaro,fr,2026-09-22T19:03:53+00:00
200,"Can AI make peace mediation more inclusive? Opportunities and risks of digital technologies for the Women, Peace and Security agenda - Peace Research Institute Oslo (PRIO)",Google News — peace mediation,2026-04-14T07:00:00+00:00,https://news.google.com/rss/articles/CBMiR0FVX3lxTE82cXI1V3pQYlg3YU5KdVBEY0t6V2VKeWxmSGZWenlZRVRXME1kR1QtZmlQR01HLWpYWW9QQjA2OVVPOG05WXhn?oc=5,"Can AI make peace mediation more inclusive? Opportunities and risks of digital technologies for the Women, Peace and Security agenda Peace Research Institute Oslo (PRIO)",en,2026-09-22T19:03:53+00:00
123,"Panel of Elders and Mediation Reference Group hold joint statutory meeting, pledging to strength regional Conflict Prevention and Mediation | SADC - SADC",Google News — conflict mediation,2026-04-13T07:00:00+00:00,https://news.google.com/rss/articles/CBMiugFBVV95cUxNNERTTHFOTkpXb2RHWlQ0Nl9HT1BvSkxlM2Y3N0ljbzhfQzJGVU5KN2pzdl92Nzl4dERacUlRNWlwTENTRGlhejJvSXN5bWRWeUVpbEppNHNBR1lpYkJxSDEwaVJZR0RtN0htMTdVUWZvcVZpSjVDUHp4V0JKcEJFMzdIRjdkN1JBcm96bGxwQU9zMXVsbDZXZ2R2bUZmcGI1V3kyN2ZtekdpUTFWOEFZVXVndHpIYlF1SVE?oc=5,"Panel of Elders and Mediation Reference Group hold joint statutory meeting, pledging to strength regional Conflict Prevention and Mediation | SADC SADC",en,2026-09-22T19:03:53+00:00
352,Guerre au Moyen-Orient : Vladimir Poutine va-t-il s'immiscer dans le conflit ? Il se dit prêt à participer à une médiation - RTBF,Google Actualités — médiation de conflit,2026-04-12T07:00:00+00:00,https://news.google.com/rss/articles/CBMi6wFBVV95cUxQUjZaVDBpR3ljb2c0VWxRbTJoUXZwM2h5aFBvWFQwYUdDR21WWkhXQjdQTTJmcHdLUHhXdGZ6RlFKNUp5OW1BSVhxMHg2T3I4cmN0TXNVZWdhYThvUGMtSWQxTjdJdzFvRTNhWS0xUnJ6SkdxbHJ5SGg0RnBWLXJGbnFEX2t5SzA4WUxSSldJa3ktNnpHc3lyQ1lzcFhaYkl5ZkRtajRPRnVhSzdMTk55SHg0bkdkb3g3UFZTeFZHaTFwM0pkRloxSnJndlZ5a0ZjVXZVUHBBdlJ5Tjc4R0tJUHZtd2czRW5TOGtF?oc=5,Guerre au Moyen-Orient : Vladimir Poutine va-t-il s'immiscer dans le conflit ? Il se dit prêt à participer à une médiation RTBF,fr,2026-09-22T19:03:53+00:00
98,Qatar’s Mediation Diplomacy Strength: An Analysis of Reactions to Israel’s September 2025 Attack - The SAIS Review of International Affairs,Google News — conflict mediation,2026-04-12T07:00:00+00:00,https://news.google.com/rss/articles/CBMixAFBVV95cUxOcXQwdGQ5WkYxSmlsTjZVYUR3N3Q5MVNLU0pmQXVWcEpFbU5ycTE3eklzc2w5VUZvY0FmRTM5SGRndFNONjlkRmdBUDF2dWpnUGUzcXZ1LS1aR0IzQU8zX2lNMl9zZmZyaXNKcTNOR1BVQVk4UUtJVC0tcG4waUR3UERQbjNEUnNDRm5yUEsyN3VBTjF0ZnNKaEFRNTVCODQyYUlRbkZ1SjRNMjB6blpRd3MzamxWN2M3WFNNS3hfWnRaZDNR?oc=5,Qatar’s Mediation Diplomacy Strength: An Analysis of Reactions to Israel’s September 2025 Attack The SAIS Review of International Affairs,en,2026-09-22T19:03:53+00:00
515,« Ça passe ou ça casse » : les négociations de paix entre l’Iran et les Etats-Unis vont débuter à Islamabad - La Tribune,Google Actualités — négociations de paix,2026-04-11T07:00:00+00:00,https://news.google.com/rss/articles/CBMihAJBVV95cUxPRkpIb0JwZ1lNSzg0VTVVaTBQUmYxM1QtUjlIcFhjRVYtdnJOdjJnRkctUGVjcGVUd3RaSkNTS2N1eFNzRjJQSWlwVEY4T1B2NDd3LWczVjdsQnJ6WGNaSnc4UGNpanR6VEpySGY3Z1M4V0lIeHh5R1BjUEJiWk1uLTI0QmcxS2h2emxPUW1aQVhiOVBfazRoYWltTnlJUHlDVWFORjV4RURsYTQxRDdGRldjY196clJxSml1N2VSN2ZCSzdvbmUtNE9QQWdHYXpaZWFsenl6bEI2MUVaWjNLMEVDNmtaUDdxRzBmUS1oZ1pnbHVHWmYzREh5X1plN3pfSmRpbw?oc=5,« Ça passe ou ça casse » : les négociations de paix entre l’Iran et les Etats-Unis vont débuter à Islamabad La Tribune,fr,2026-09-22T19:03:53+00:00
501,VIDÉO. Pourquoi les négociations de paix entre l'Iran et les États-Unis se déroulent-elles au Pakistan ? - Ouest-France,Google Actualités — négociations de paix,2026-04-11T07:00:00+00:00,https://news.google.com/rss/articles/CBMiiAJBVV95cUxNaG42OVUxZDdZYnV6WVIwU2VYdEJPTDhXRnlMV1A5bGNNSWdzVlVfajdIaF8xX1NhdFJFQzZQYTZ4M3hXXzAtSVJoTHUyVGs4N3ZCS1NsMktrc1cxUWJlVVdBZ1kzM2NLVml2VkRybXV4QlZjdC1NaWJodTNSQmNoQ1QyU2hLZ2NvMnl0dkZVSlhDZ2FzYWx0dXNEVk5wNHVxbFJXc3huOFV4TzA4MUNxUVhCOGxDNU11bllQclJ4VUNnd0p3LWItanBURFEzMlJidURCc3ZLX1lKWUdoQ0FKVlpGdWpEYWdHRUdTV21tdXAwWU9OenZIWUtRVHNMOHVPNTBmQzFpTnM?oc=5,VIDÉO. Pourquoi les négociations de paix entre l'Iran et les États-Unis se déroulent-elles au Pakistan ? Ouest-France,fr,2026-09-22T19:03:53+00:00
341,Guerre au Moyen-Orient: la médiation pakistanaise contrarie les ambitions diplomatiques indiennes - RFI,Google Actualités — médiation de conflit,2026-04-10T07:00:00+00:00,https://news.google.com/rss/articles/CBMiywFBVV95cUxQLWtReXNzTmlrTVVJSkJXYTdCNnRPMEY0T05SV1BBOGNmZnBLTnJSLTUxVHd3S1I0NHFlUzVvUWpRZnZITmJ0NEo5NXhwVm5rX3hmaUllSGpCXzRpNUM3UmZnbWNxVkNfMW5GbDRDYmVCekRCQzNKbjdJMXp2enBRLWZHSlhadkJkX0pZQWtwYnBzdURxeE1wYXlveklGN25kMzY4QkNZNU9SaGFHdFN5bkJwTlV3MExEYldRRGtGdUpFUUxxbXNxNUxfcw?oc=5,Guerre au Moyen-Orient: la médiation pakistanaise contrarie les ambitions diplomatiques indiennes RFI,fr,2026-09-22T19:03:53+00:00
135,Issue Brief on “Pakistan’s Mediation and Strategic Balancing in the Iran–US–Israel Conflict” - issi.org.pk,Google News — conflict mediation,2026-04-09T07:00:00+00:00,https://news.google.com/rss/articles/CBMirwFBVV95cUxOZ1V0amJBbjdIbTNmb01IdUJSTlRNY3RtcU53RXdjRmhELWdpYlJYYUx0QnJCN1BhQkNkUXgwMmQ3b1p0Rk1acnM3RS1pMF9JNEY3YTFhS0xJWFdmdnpfZzNMNlZJdVlEM1JJckVrZWJxYmR5Y1J5ak1LZkRSbjBobTRnUXVqTGN2SzF3LUMyYkUya3hFWXFaVUx4VmduTzVYN3NiczVzNTIwME1mbi1n?oc=5,Issue Brief on “Pakistan’s Mediation and Strategic Balancing in the Iran–US–Israel Conflict” issi.org.pk,en,2026-09-22T19:03:53+00:00
139,Mediation Initiative To Address Conflict in Agriculture - RSABI,Google News — conflict mediation,2026-04-08T07:00:00+00:00,https://news.google.com/rss/articles/CBMiiAFBVV95cUxNZW02WGNYQ3dtQkhPdnRGSGJzS2VmOFY1TFluenlCeFh6NjZxWnctMTJTckt4RUpFMnpSZ1IzNEpNcm1hQ1I2SFNmUXI0d09YM1YzbHFkX3Vxc2lFdTFBei1lOFRWa2lGa040YnVLaTl2R3Z6OVJuY3U3Um5rUjJZRnFZWGUwQk1x?oc=5,Mediation Initiative To Address Conflict in Agriculture RSABI,en,2026-09-22T19:03:53+00:00
134,Talking peace: why mediation still matters in a world at war - The Hindu,Google News — conflict mediation,2026-04-08T07:00:00+00:00,https://news.google.com/rss/articles/CBMiwAFBVV95cUxON0V0YUJqQXRtQXJNSXZBX3RoMlNJelhob0Zkd0liVnU3Z2Nic3hNZFNvcFE5NS1hWXFOb2dzdUJqa3hfRkM5ZUVFRlNxRXRIUE9hWF9yLVJlZ0lXNHk1SHBlRUsyY2dZSDdLVy1KNjlYX2J3enZGeVN1ZlFYdFF4a1k5RUpoZFdCN2FVZ2l1NWwtaTV1NlRqVWpScVV5Z3hVMUwtREJRMjVTNE4tQXBuN18tZnltMmtJbXZ4MzI1aUrSAccBQVVfeXFMTXdNTWdfbXZxRnpVeURiQkdiUUppSlNhT0tsd180Y3lVSnA4QU95YTlHYzZ6SnUyZWtUM21ZbXdLYXM4UFlKaGluZ1lLSmtVajAxWjlORkRFT2JTN2pOaEJOS3BiZEF3b05GLU1nd3JNc25qS2dBYUZVaThiM2UxWGVaQnNBRHpwQkJWazEtRWJINnQ5dWtLbUg3LWVyWWJUZng2UmxxbUM0MTlqenJ0cXJZc0FuS3hTYllQRXZBNGZrWEZhSTJVMA?oc=5,Talking peace: why mediation still matters in a world at war The Hindu,en,2026-09-22T19:03:53+00:00
345,Guerre en Iran : le Pakistan engagé dans une médiation de la dernière chance - Le Figaro,Google Actualités — médiation de conflit,2026-04-07T07:00:00+00:00,https://news.google.com/rss/articles/CBMivgFBVV95cUxNQVVTSUw3UV9iUXkxckM4dlVCNjIwLUdyMXNob3RQUmo2Nlo5YWZVU0Yxb3ZQQTJocl82dUQyN2dpdnliamdyeTB0dGdBcEc0OThvUXBZREtSdWpXX0NadF9xZmV5cEgzY2dYWmdhc1V2WGZQWWdWUDRicEtoUnk2OGZHek9oZGgtQ3lIeHNTZEEyYVBqM1p3QmpOX2tMWGNvd181UTBGcDE4LTh3NU90RjR4WTVJUXhZR1ZjN0dn?oc=5,Guerre en Iran : le Pakistan engagé dans une médiation de la dernière chance Le Figaro,fr,2026-09-22T19:03:53+00:00
132,"FG urged to provide conflict mediation training for police, traditional, religious leaders - gazettengr.com",Google News — conflict mediation,2026-04-06T07:00:00+00:00,https://news.google.com/rss/articles/CBMisgFBVV95cUxNNzJVQ1V5VU1VWUpzbU1zX1FTZnJBQXFzU0ZkUXJEWmxIWmxvQ3hXV2hXbENFUWVra2dEQjBxREZpem1YMDdzS0hBUm5hOUxISWYyU2hwd1hBZDk5UEFrZmp2bzhhcjBRSWZjRTk5anlJbllOaVFxZlR5Vnhla0xLbGw1ajVNaEhtRy1xbktOQ0pRb1I3QTRkMzl1YWdsU0tEbzVmbDkwaHBDOGR5YlZxVFJ3?oc=5,"FG urged to provide conflict mediation training for police, traditional, religious leaders gazettengr.com",en,2026-09-22T19:03:53+00:00
353,"Poitiers : ""On veut du concret et tout de suite"", le conflit social se poursuit à l’Ehpad des Feuillants, la médiation en échec - lanouvellerepublique.fr",Google Actualités — médiation de conflit,2026-04-03T07:00:00+00:00,https://news.google.com/rss/articles/CBMiiAJBVV95cUxNS3d2bWpqd3BZSXliRkdSX0FJNFhHYXlYX0FueW82NGdZdURDSTJOU3lWRDdOQXNiblNtLXVBWWpKZlItbVpBX2toRUNlOENabU13bmFkbW5vQjN5SG5yY18yc29qcVBuWk1LMDZIeEtoUC04dDdza0o1ZC03YzJRYlhrejlVWm5BQUpCVTdtbGdHNzVhT2tOeUFpTXR4VnBmX2QtWHI0czRBd0R4ZWlOTllsZzB5TkxlLU9QNU53eUxyNkJZbUZnOHZ5RnRvajBkYnlPZFFqSE0xdkpIUDB0cGtFZHF5T3BnREN2cGlMME5iLXNQSmlTZWUxUGVYR201Ym9MTEFNSWo?oc=5,"Poitiers : ""On veut du concret et tout de suite"", le conflit social se poursuit à l’Ehpad des Feuillants, la médiation en échec lanouvellerepublique.fr",fr,2026-09-22T19:03:53+00:00
351,"Conflit régional, rencontre au Xinjiang... La Chine tente une médiation entre Kaboul et Islamabad - Le Figaro",Google Actualités — médiation de conflit,2026-04-02T07:00:00+00:00,https://news.google.com/rss/articles/CBMi1wFBVV95cUxOaHdxR3EwQ0hxT3JNNTNWRS1oQ05vVjlWbDVxaEtkX3pSMHMwUk1iRjc1QXRXUHRpNC1mMGdfQ2ExYnNxNV9KeXhuanRZS1l1NlAwN1NGUUtzeFMyQ3FCYkFNaURwNm15Q1dSWEdESmVCUU9sMjE3b2h2Z0dhNmZFaHY1aFRUVDhaUDMwV1NSN0xWMzFUQjhHNkNQNWNPTVduSUFrS3o5bG1VUkllcmhWZXE5RF90R2FsWTdXakJyc05ocUNzY1ZpdV9Td0pVbDlJX2NBc1NUSQ?oc=5,"Conflit régional, rencontre au Xinjiang... La Chine tente une médiation entre Kaboul et Islamabad Le Figaro",fr,2026-09-22T19:03:53+00:00
348,La Chine tente de jouer le rôle de médiateur dans le conflit iranien : y parviendra-t-elle ? - BBC,Google Actualités — médiation de conflit,2026-04-02T07:00:00+00:00,https://news.google.com/rss/articles/CBMiXkFVX3lxTE1wb1J2TElCcXdaSzBqMzFueEZ4QzFvZ1Jmdm1ZWDBNSUFFY3lXRG8wODZWQ0JwazZ2Z18xbm12Y25FeFNzZlpRck83VTI5V0tTcWpSanJjMGMxc25ySlHSAWNBVV95cUxOajRRYk1tYURUMVlaZ0JxOTlIaWl0enlCZGFkQkNFdmRjMV94elZKc2M1NjRKWmJxS3JxS0F5TEIwZkY4OXpLbXR1ZlladXRJYmFwQTJjTERsMVItV2l0QXJleGM?oc=5,La Chine tente de jouer le rôle de médiateur dans le conflit iranien : y parviendra-t-elle ? BBC,fr,2026-09-22T19:03:53+00:00
216,Can AI make peace mediation more inclusive? Join us for a webinar on 14 April. - CMI - Martti Ahtisaari Peace Foundation,Google News — peace mediation,2026-04-02T07:00:00+00:00,https://news.google.com/rss/articles/CBMieEFVX3lxTE5NVWNiN01xYjFGOVRNMzE0MEIyalF2Y2prYXdLclo2dFVKYklaUWNnamtneEwxMW5LUURpdjRPeXhtQlo4UEM5Y0xaY0tvRDRQdjA4cFhmNmdPU2I0Ry1RaFNuZGEwSlp2WHRFbXB5QW5nOVJkb2JCbA?oc=5,Can AI make peace mediation more inclusive? Join us for a webinar on 14 April. CMI - Martti Ahtisaari Peace Foundation,en,2026-09-22T19:03:53+00:00
118,Peaceful Ways Forward: Center for Mediation Support Launched in Tokyo - nippon.com,Google News — conflict mediation,2026-04-02T07:00:00+00:00,https://news.google.com/rss/articles/CBMiT0FVX3lxTFBISkdhbkl2cnppWWI3cEVfQWF5YjVKUHpsMTJLcGdEdHdpYmw4dnpEREszTUFOaGVEM0RVcDQwRWdFV096X2lwb0tMNHo3Smc?oc=5,Peaceful Ways Forward: Center for Mediation Support Launched in Tokyo nippon.com,en,2026-09-22T19:03:53+00:00
113,Policy Brief Series: The Changing Nature of Mediation when Negotiating Political Settlements in Fragile Settings - ConstitutionNet,Google News — conflict mediation,2026-04-02T07:00:00+00:00,https://news.google.com/rss/articles/CBMiwAFBVV95cUxQTllvWTdvNko2LURCV1ByZXlVRnVNbmtmU2FjSE9KOUd5Y1pJSTJjODlpbWhSMmxNNGpoLWFBblFvVUxpT0NCS2RneUg3MFhfUjNBT3N6Tko1dkVtZzZuMzFjXzZxcnFJRjRjY3daVklrNmhVZkNOeDM4NVRWRmtiMWlzWEZIV1AtN1A3d1hDdF9FZmpmRTJtdS1KUE5ReVJzR0FPeGo2R01sXzltdTNUYlRWYjJLMHdwdVZlSU5LLXI?oc=5,Policy Brief Series: The Changing Nature of Mediation when Negotiating Political Settlements in Fragile Settings ConstitutionNet,en,2026-09-22T19:03:53+00:00
110,Why Pakistan is Mediating Between the United States and Iran - globalaffairs.org,Google News — conflict mediation,2026-04-01T07:00:00+00:00,https://news.google.com/rss/articles/CBMioAFBVV95cUxPZGo1SF9OdmI3eXlhQ3NVdVVGNHE5cFNzRlBnczlRaEYwZi1nODk1XzVZUk1NLTVFY0lrVzU3dElQTXVsTkdLOEVuYjIzMFYxZ3BGUUhfcE43dFJFVnlLYUZhR0NFdFJObG1LMTdSR0dmRDlBQnNmTThGcU1UMGV1eFVTZFJ6MEFzR0Z3RVBicWVMNmlrT2FsZVNPT0xQSGpP?oc=5,Why Pakistan is Mediating Between the United States and Iran globalaffairs.org,en,2026-09-22T19:03:53+00:00
109,International humanitarian law and mediation – building pathways to peace: Interview with Ghassan Elkahlout - international-review.icrc.org,Google News — conflict mediation,2026-04-01T07:00:00+00:00,https://news.google.com/rss/articles/CBMiugFBVV95cUxQWWlrckJPNWoySjZRbWRLRlJ1S19yRXpYa0F4NEl5VFhuQmUxLUx2bkFNZWdud3NTdU1jR0FDR2ptbldQX1I0bzBTX05xOGkzZEFsbzVDdk9rNmhqdTJtS3RDWVB3ZDBvR2dLb2VCVmZ6YjFUYjBjLWNIMjdEdWp1b1J0UmRaUHNfellTMEJRaWFLb2FsVDNfZkhKcEhfZFVLWFA0bDk0UjBzNTYxZWgxVlhmeHpvZUQxNUE?oc=5,International humanitarian law and mediation – building pathways to peace: Interview with Ghassan Elkahlout international-review.icrc.org,en,2026-09-22T19:03:53+00:00
128,How Pakistan won over Trump to become an unlikely mediator in the Iran war - BBC,Google News — conflict mediation,2026-03-31T07:00:00+00:00,https://news.google.com/rss/articles/CBMiWkFVX3lxTE4xeDFFUkJlbFg2Q0lUbk9JSGJfMlo5NzFxUU1pU3BGeHVWTXhZR250cTMzbUJtZ3NLdDJYYXhTR011R0hQcG5SQndUeks1Zkwxa2pZY0dhWGd5dw?oc=5,How Pakistan won over Trump to become an unlikely mediator in the Iran war BBC,en,2026-09-22T19:03:53+00:00
105,Integrated Tactics for Combating Militant Groups in West Africa - Africa Center for Strategic Studies,Google News — conflict mediation,2026-03-30T07:00:00+00:00,https://news.google.com/rss/articles/CBMie0FVX3lxTE1WYkpnbW03MWtMM21taS1PeUZRSGJlU1VJZGJCM0VtTnhzLWlsQUNiYnQySnc1b2cwdFFUMjh2X21SOFdIbGNUOHlqQ3R6bGdSanZUS0NhUlp1X1BXSTJPeUdJREpkVS1BVnExa2phdnJjZnl5eFUtcFB4Yw?oc=5,Integrated Tactics for Combating Militant Groups in West Africa Africa Center for Strategic Studies,en,2026-09-22T19:03:53+00:00
358,Le Pakistan tente une médiation pour mettre un terme au conflit en Iran - lalibre.be,Google Actualités — médiation de conflit,2026-03-28T07:00:00+00:00,https://news.google.com/rss/articles/CBMiiwJBVV95cUxNSTRsd0RIUlZ2UlRveXROQkpFeGFYU1RCaTRtOUtlc1lHd1V1MC02bXJBNjZ0SmFKM0FtNTBEeWVqOXpKUWJXVFUtYVl6SDBIYUhUMndYaWRRVHpvTkM1NjcyQVMyTElGekRfaGJ5LXNyRUZydU1NMkwxMVVZRndkSC1XOC04Qmh2UVgxVlE4OG1XenpUOFlqM2dfZUFmWGVBcWR5VExGbXgyS3VSU1RpVHF5UUtFOVV6VU5QMjl0RV9rYnBYejdkNms4SXNLcVlDeHhoYVc4eXJFdWk3cm5nT0VBRHBGX1BwVDZLWUpRcUpHY3pYMXNtenBscFc4TDVuR3ZZamhDc0xqZE0?oc=5,Le Pakistan tente une médiation pour mettre un terme au conflit en Iran lalibre.be,fr,2026-09-22T19:03:53+00:00
362,"Vacances d’été, séparations, tensions : comment la médiation familiale peut apaiser les conflits - ici.fr",Google Actualités — médiation de conflit,2026-03-25T07:00:00+00:00,https://news.google.com/rss/articles/CBMihgJBVV95cUxOZnVsRlVZQ0ZrbXBnWEJVQnoxNkZ4MmcwcFJ2Qm10cjNSZTJwMWQ4RV82bDlmX2Ixbk5HVnVfNEVuTE11WW5sbzhvbnFpOGo4ZnZOanJ1Z1FZU2VQdmxyYTVwaHoxeVFUWjczMnJqNDQ2MXgtMjE1aFlQUVBweHk5YWZwVXZCQmNSa3dpRVlHZXhjbURTcEJUbEloWHY2SmVhR2lqRnpLWklYa3p0amlMV0d5VGhNUUEwQ2xxS1BMTHFBSHNmNnJ3TWxXV1I4WHFoaWthZmNuZVZPb0ZvRVBiTjBOWVJpemlEczIzdC1IX0l5Z25oTU9WYk43dTRSdGRmczQyMGVR?oc=5,"Vacances d’été, séparations, tensions : comment la médiation familiale peut apaiser les conflits ici.fr",fr,2026-09-22T19:03:53+00:00
360,"« Il y a plusieurs conflits » : face aux tensions à l’hôpital de Dreux, l’ARS dépêche une mission de médiation - Le Parisien",Google Actualités — médiation de conflit,2026-03-18T07:00:00+00:00,https://news.google.com/rss/articles/CBMikwJBVV95cUxPZFpYa011RWpyUjVrQXlwNFktbjVKSDFYYkRaU1BETEc2MUVCdnJremhRaUxIb0NieU9lTVpmRDAtNDRjOHhNak45WWtJZF9GdXoyMzZ1UHJjb2FXa252MGFBUkhfbXdqZ21ydWlLZ3VEeGdPY2tMMkZYa25fQXFJa2g4bXZEdVB0S3NDWDlqbzJKelhSU2ZlWmdETzdzamNZdVhlaFFXdWxBd2tsblgxM1d2YmlEZEpkQmlvN2c2aGtYMzh5Tk9tb2YzaEVGQXA3ajhYWC13RDliTTJucVNCeVd0S1R4eTQzb3VsWWhSN1ZwbDhmUDhuNUY4WFhDX3ktRmFOS3ZsZEtfbzhIVENKOXBBRQ?oc=5,"« Il y a plusieurs conflits » : face aux tensions à l’hôpital de Dreux, l’ARS dépêche une mission de médiation Le Parisien",fr,2026-09-22T19:03:53+00:00
363,"Dix ans de médiation de la consommation : résoudre un conflit à l’amiable, c’est possible - Le Parisien",Google Actualités — médiation de conflit,2026-03-05T08:00:00+00:00,https://news.google.com/rss/articles/CBMihAJBVV95cUxQYVVpdG80Wjc5eFF4QUFnY1E5eUhpdjQ2TThocDdySHRnQXRFSVpTSTBxVzl6SldGM3g2a3o0YW1oczB0UGFmVnphcDNOekV3NGFyaVlxM2swZFNINjNkdkNINjJiU2YxaFhSWFZaUUdZeDVLMC1EMTUxUkd4cXhXV0p5WHpkQjV2bnhyeUhQdzBhN2UzWWYxMzdhRS1ERnJJcGxoSGt6MjRNYlhDRS12aWxjb2VNdVJzVU1nb1JqSEhmTEdMZXh3X2FTNW91YVZjY21ld2M3WEZsYy1SOGNTaExDRVc4WWtoZ3B3YVRqM0JsVWg3dENjR1hMWkMzc1lxNmNPTg?oc=5,"Dix ans de médiation de la consommation : résoudre un conflit à l’amiable, c’est possible Le Parisien",fr,2026-09-22T19:03:53+00:00
355,La médiation pour désamorcer les conflits en entreprise - Harmonie Santé,Google Actualités — médiation de conflit,2026-03-03T08:00:00+00:00,https://news.google.com/rss/articles/CBMiqgFBVV95cUxQTW5tbndHRlNrbWhzNTdXYmhFdlkyMmFHNGo0SFVNV0N1QjBRY3VPWVkxWnE4WmNYMG1Ecmw2emo1OVJGa0hUdHdlcHFXb2R1a2dfRjhub21TNXExN0xGd19HUWszLXRhYjhJNkZMLUFSSmpLZDNYSGdscFNNYTdqZlpzaU9lTmswSE5DYkpTREJyaWZtcDl1ZWVFSEF4eklTNkM0QTN3OGJiZw?oc=5,La médiation pour désamorcer les conflits en entreprise Harmonie Santé,fr,2026-09-22T19:03:53+00:00
408,Conflit Pakistan-Afghanistan: la Chine propose sa médiation - Hespress Français - Actualités du Maroc,Google Actualités — médiation de conflit,2026-02-27T08:00:00+00:00,https://news.google.com/rss/articles/CBMimgFBVV95cUxQbm81RkhRTS1XbGVPRHU1VWNOWUNJUV9XNVZLdFpiUzZGOWtqTkttN09ZZ3dWS3VSUzhPeF9NMnZvSVBfWk9WYmJMR1AzT2VXU1JJWkIwMERmOHN6b0kxRkZMYlRXSk9uVUpBMkxWTFU1SVdNbVpOUXkzNXFpVGJtekxmNVNkTWNrMW1XY0o1Tlpsc0gteE1WTU53?oc=5,Conflit Pakistan-Afghanistan: la Chine propose sa médiation Hespress Français - Actualités du Maroc,fr,2026-09-22T19:03:53+00:00
388,Conflit Pakistan-Afghanistan : la Chine médiatrice - Lebrief,Google Actualités — médiation de conflit,2026-02-27T08:00:00+00:00,https://news.google.com/rss/articles/CBMikAFBVV95cUxQV284Y2lRdnpmdGQ2VVBtVDhFcFlaM29Dc1V4ZDYzZXhRWmFXUnQySUJMUzE4YUJOQWpBTXFyOGw5MmNGQ3BVUGQybnZWTFdIdWtZWFROWXJHcjBNVmJETFdMcFJaMlp5aFdKVHRQX2VWMGZidkphMFowX1VVRWd4OGtuR001U3JURElGY0pqY1Q?oc=5,Conflit Pakistan-Afghanistan : la Chine médiatrice Lebrief,fr,2026-09-22T19:03:53+00:00
364,"Différend familial, conflit de voisinage : à la cour d’appel de Versailles, le recours « gagnant-gagnant » à la médiation - Le Parisien",Google Actualités — médiation de conflit,2026-02-18T08:00:00+00:00,https://news.google.com/rss/articles/CBMinAJBVV95cUxNck1XdUlnVklNbGFRLWNfc0EwellkVlBuMlpySnhaUGN5NlRyZHZwak1ROEJjY0FlOFpLRnNxU3JiLTZZQ1dXNEpQam51VGlqQ2UtSWFRXzRGN294UFZGcDM0YXRFR0JUdkFMQ3RTWWZnUnM2THJsT1hocmpuRFVBRnNuT0U1ZHY3NjFkNlM0c2ZpZFdIY0JmYUdQNmRSNkhEcGt6dzRjbnotQ2I2WjZPa0oyLUU2bFFBWnk5S29XWWI0UjFGa2JJMVFnOGFhX3BNQmRzWkpqMkFEcXNUT0Fma2VQZVpFRHRGQ0cwSjdzVXZyeTYwMXozT2lCMEhHQ2VpX2F3ZDQ4UGdSQ1d1MnFHWFdEUWFQUlRiR2FvSA?oc=5,"Différend familial, conflit de voisinage : à la cour d’appel de Versailles, le recours « gagnant-gagnant » à la médiation Le Parisien",fr,2026-09-22T19:03:53+00:00
385,Angola propose un cessez-le-feu en RDC face à la crise du M23 - Geo.fr,Google Actualités — médiation de conflit,2026-02-12T08:00:00+00:00,https://news.google.com/rss/articles/CBMivwFBVV95cUxQYUdpMEF0NnhUc1pYdWNXLUZJV2dRMnBnTUZnTUdwcEdUN0tUVnVNVFFPdmVrYXgxTDEyOG1sbmMyZlpRWTdGazc1eDBBOHBLSVpMS19yWF9qcDNWd25GWW8teFFyNGozX2xZdmV6ZHJRcEQ3TllreG9iQ1lBSHoxeXdXMzNWRy1JUDdRcG04OW5ySzcxcE1wNW1vQnlfaUZyU1FERFk5a0d5aG8ybHlmb09FMjFSUERQWjNST3A0aw?oc=5,Angola propose un cessez-le-feu en RDC face à la crise du M23 Geo.fr,fr,2026-09-22T19:03:53+00:00
374,Les Grands buffets de Narbonne refusent la médiation dans leur conflit face aux Grands buffets lyonnais - Lyon Capitale,Google Actualités — médiation de conflit,2026-02-11T08:00:00+00:00,https://news.google.com/rss/articles/CBMi2AFBVV95cUxQcFpzcnJncmFPSUQzSl9CTEFjcDlrWGRvWFhKVFUxV0JSUWpiNnk0Sk9MMUdPVlFfX1ZqZEowTzI1NF9VVWJVbDE4WDlFY1JIV2FsSmxJUlNveTRwc0YtcE1YSjRaLTE3YVJkSFBlZFp1X2lzZU9ILXVRdVJQSWxlTW80djBDNW9VQmVwTTNpcUt2TW92aXF3a3lINjVxOUFvVnFRai1EYUR4ZXVGQVZnb2Qwdlg1T0F2c2lGRHFvUUVvZF9Nb09DYjJjQ0gyOFhURnJBR29hLUk?oc=5,Les Grands buffets de Narbonne refusent la médiation dans leur conflit face aux Grands buffets lyonnais Lyon Capitale,fr,2026-09-22T19:03:53+00:00
138,Pauses Without Peace: What Last Year’s Ceasefires Reveal About Global Conflict Management - War on the Rocks,Google News — conflict mediation,2026-02-11T08:00:00+00:00,https://news.google.com/rss/articles/CBMitAFBVV95cUxOUDVhVWNWV0JRVlQwcm1aXzU0d2lnbXMyTTdfSGo4czlDajNxRFc0Q3BLUFB5VWM0RHFuRTF1Y1VWdzJtOWoySFlZLVpZTjcwdHYxVXJNRDVjU3N4dkVMY3FmWVVUN0VveWdGM2lzRTF6QUZKdl9WcTZVS21YSFRDTzZESFBYOUNYSWNaVHZNcGlfcE00OEpvczVXSnY3dmFwcXZnazBWR0xadnBLUk5fNWtxSlQ?oc=5,Pauses Without Peace: What Last Year’s Ceasefires Reveal About Global Conflict Management War on the Rocks,en,2026-09-22T19:03:53+00:00
137,February: Navigating Landlord–Tenant Differences Through Mediation - City of Pasadena,Google News — conflict mediation,2026-02-09T08:00:00+00:00,https://news.google.com/rss/articles/CBMizgFBVV95cUxOZWNra3BUeUlKSlczV1lIcFEtNGJqaGtXU3BwZllBUjNMVlM4S0RoWnBPRmVtc2ludVpwMFBtM2djTEdaVnVub2RIVlhYZ2Y3bWJYTTRXR3NCVExpUlM3VFF4dmdybGsySVo3bEtyYmJRcDNFM1JXTlVKMFBueXM4RHZiT2hFRlk1SlVSdzQ2OVhYRHVvYjNmRklNQWhSRWw2MV9LZGpzWXRodTRMYVhGWnRoQzRneTZ5XzNaZjJzZmdBSDFRRmRGQjhsODU3Zw?oc=5,February: Navigating Landlord–Tenant Differences Through Mediation City of Pasadena,en,2026-09-22T19:03:53+00:00
368,"À Blois, la médiation au cœur des conflits familiaux - lanouvellerepublique.fr",Google Actualités — médiation de conflit,2026-01-12T08:00:00+00:00,https://news.google.com/rss/articles/CBMiqAFBVV95cUxNejB3TVRGOFFzZmEtMzUweUlBUVdTdWhVaWlCYmxyZ2o0Mk8yTERWdVF5SHNlYkh4R1M4VEhCNGdESlBJTEZxZjBoV19LZUViZ2gwNEg0aEhSYlBaQUN4eFNSMDN2ZEVNaUoyNURzYTRUUUk2NGpYMGtKTVRfZ0hEblRUQ2FTX1ZXTUhnRU45YW8zVTNHUm1ZdktpQ09iY2dBVzVWZlNjT08?oc=5,"À Blois, la médiation au cœur des conflits familiaux lanouvellerepublique.fr",fr,2026-09-22T19:03:53+00:00
397,"Asie. Conflit Thaïlande-Cambodge : les combats continuent, la Chine tente une médiation - Le Dauphiné Libéré",Google Actualités — médiation de conflit,2025-12-18T08:00:00+00:00,https://news.google.com/rss/articles/CBMi1gFBVV95cUxPWWtxLUY2WmNOeDlIaG9pVGVLUDc0YUNrQnN4QUVONzNhUUZBLTJmdDZ6R3hNeFNMZVUzb1F3THBLUFhITWo2Q25jeDZ1ZmtONFNnTk1vMUVEZmRKRlVGODB2dG9DcGdEZzdfUzRpMF9ueUhaSkRLNHlUd19TVURHXzNDNEF4ZWVKVGxTN2EwQ1d0elFROWk4ZnNFckFtUGcwSEszWGdYeUxuNHR6Y0pYZF9saFd4RDZDYTlRUm1pRHo0RFF4aXRXWTFfM1ktQXhvSHhLYW1R?oc=5,"Asie. Conflit Thaïlande-Cambodge : les combats continuent, la Chine tente une médiation Le Dauphiné Libéré",fr,2026-09-22T19:03:53+00:00
396,"Les combats continuent entre la Thaïlande et le Cambodge, la Chine tente une médiation - France 24",Google Actualités — médiation de conflit,2025-12-18T08:00:00+00:00,https://news.google.com/rss/articles/CBMi_wFBVV95cUxNR2pfVzM1ZXRkM1hoOGVNUWU4c0h6eVpDdHpKNzZZMXNRV180NTJLVlFRMktMZGtVOHgycXFCXzRxN2VnaFloT0dUdGZTYWoySi1iVXdTSXdCLWQxVjk1UGNZMUNITVppS1ViT2kydUIzMFZqVlhKcVdhdjBWVVZPZ1dZUUNtWTRWc203TjlHR2lnaU5sN1ROazhGYm9mN3d3SWZZWXVqYmRDbVAwclFROGFmQ0pSeFUwa2NTZlJwQjd3cEtBWVNScVM3elg2aXd3cHM5ZHVsVjRTT0V6NVI0UkY0eXJpU0o2bkdiS1Q1b3Vqa19PQ3lJMTRpZV93SEE?oc=5,"Les combats continuent entre la Thaïlande et le Cambodge, la Chine tente une médiation France 24",fr,2026-09-22T19:03:53+00:00
377,Tensions Etats-Unis-Venezuela : Brésil et Mexique se proposent en médiateurs pour « éviter un conflit armé » - Sud Ouest,Google Actualités — médiation de conflit,2025-12-18T08:00:00+00:00,https://news.google.com/rss/articles/CBMi9wFBVV95cUxQVlNEZTVMeFlGdnlhZ0d1YmRKN2kxUzdmaER6WEd5cHZsZW9CVUVrWUVKeUlvRmhORHZKNVNma0Z1clYzV3YtSTRGQUtZX0l0NVNOOU4zYjM4SENZelFuOUVHbnF2LVdQTU9jaUlYeG5NUjMtMXpScS1uVlptSUNlSHIwUjdMa2Y5ZXYzWkNUQWhXWEVKVUNETVN3cVNYenpSdVNTYmJjTHVNZnhSODhNbTdGNC1xUzA0VkhYSGNhY0xtcXNXSFk5ZG81TXhJd0tUelYxNjE3VnpFZ0xsZ1huMnVNeWZKbGU0SlV5T3BUS1hhb0s5UUYw?oc=5,Tensions Etats-Unis-Venezuela : Brésil et Mexique se proposent en médiateurs pour « éviter un conflit armé » Sud Ouest,fr,2026-09-22T19:03:53+00:00
361,"« À la retraite, je serai médiateur » : un mythe à déconstruire - Actu-Juridique",Google Actualités — médiation de conflit,2025-12-17T08:00:00+00:00,https://news.google.com/rss/articles/CBMilwFBVV95cUxNUGI5Qm5tVlQxUjhQWnhjSktTeGxEVElMRGY4NjZDamFRdEIzaGxBR2t6eWl1YXZVMHRfNm9ITGhqQTZUUzRNM3RiLWdZZUhXMlZWOGdiUHpiWVd3eXVqT1k5NGhEZzVtUEcwSW95NnNhRG5OUmJZMFItdk5tV2E5SFJNVnltSlRLQkZrektRbGxBQ3JYa3lv?oc=5,"« À la retraite, je serai médiateur » : un mythe à déconstruire Actu-Juridique",fr,2026-09-22T19:03:53+00:00
405,Sahara occidental : l’Algérie prête à soutenir une médiation entre le Front Polisario et le Maroc - lejdd.fr,Google Actualités — médiation de conflit,2025-11-19T08:00:00+00:00,https://news.google.com/rss/articles/CBMi0gFBVV95cUxNX1J3Qmd0VEQycVEtQS04WjI3N181OXdyY19mWG1kZi1EYzRlODNNZEV6YmVIN0dvQzl6dGdGbHdmYjZhcTFjR3BYRlhTdWxIQUllc0o2WVRRYW9Ic1drQ1U5TVNOUV9ZSFpZZ09FVU4teFBRSWpiRktsUURCSDJrOVQ4bVBUSEhUd09xZTlBSHZQdXoyYllfNFlMbE9Mck9pMlcxUGJwMC1SN01iRGRObWJsOXRPRDNaUHZPeTdINHJ2TS16ZjM5YUN0WDlpaFBKZ3c?oc=5,Sahara occidental : l’Algérie prête à soutenir une médiation entre le Front Polisario et le Maroc lejdd.fr,fr,2026-09-22T19:03:53+00:00
412,Le syndicat FGFC demande une médiation dans le conflit avec le TICE - Virgule.lu,Google Actualités — médiation de conflit,2025-11-07T08:00:00+00:00,https://news.google.com/rss/articles/CBMitwFBVV95cUxOdFVrcjVlRnlJZ2xpNEp6UG1ndmVpQ2pfeWhFaC04TFFEWnRlUWY5RVV5NHJiMHNvTkc2ZFZGY3hCckhwdnBfQUE1WlUzVmczcm54Zl84MVJHMUdubGk2azJTbUxpZDFmNkF6djROV1FjX0JUSmtQeFh2OGhZTUZYeHRlOF9mN3JQNUVIdkRSRS05d3dXNXJrSXhScWllQWRyaVhDQXRaWEhHeTNlLTVSczFWd2ZQb2M?oc=5,Le syndicat FGFC demande une médiation dans le conflit avec le TICE Virgule.lu,fr,2026-09-22T19:03:53+00:00
382,Conflit entre la Ville d’Argentan et le cinéma : la médiation va démarrer en novembre - Ouest-France,Google Actualités — médiation de conflit,2025-10-23T07:00:00+00:00,https://news.google.com/rss/articles/CBMiggJBVV95cUxPaTVZSVFrWXVyNk1HNGlnai1kc2xyTm1hYk93cHBSMjFxZmM0cmVWYW1SQ2w2SFJYZDZBSFhfUEtrd2pQMlg0Ny05WFJuaTNBd1NncFV2bTg0WGNPZkU0Q1Y4bmpFSDdMV3M0QUFLSEd2VVJqWmFaV05DanBqRmdhZzJMTUh5RXdhRUVOREhQZHRxblpzZURLU1pIaXI1alIteFYwektHV2lEM3l3OTMxZHM5ak9DaDhyZTV4Y05UWDFPbjVjNmlObmNnQl83X0VNVXZHM3hmZ29IZDVjenNHSWVab01adzducW10WWRiZW4tWW1HOWJhWURRLWJmYXU5VVE?oc=5,Conflit entre la Ville d’Argentan et le cinéma : la médiation va démarrer en novembre Ouest-France,fr,2026-09-22T19:03:53+00:00
375,La C.-B. amorcera une médiation pour résoudre le conflit dans la fonction publique - lactualite.com,Google Actualités — médiation de conflit,2025-10-17T07:00:00+00:00,https://news.google.com/rss/articles/CBMitgFBVV95cUxNcGpUV1BNallqWjNpaThrb2JlMjZpclBGdFNFZDcwMHdsUE8zTU5OelJ6d2JEamtsRDBtMGcxTk1Gd0RtbEZmUUZJcU9LREkweVk5ZEYxWFVYdVlJVnVvWFBHSkkxTTVKLTRLOHRMbU5JV092ZW1CZVg4SlQwdTlOME1ONlJEbnRfTTZ6ODRpY21sUURCOGxhM3FiUUhJaWEzcld6QzBmWlNZa0ZDSHE5OW12Z3BMZw?oc=5,La C.-B. amorcera une médiation pour résoudre le conflit dans la fonction publique lactualite.com,fr,2026-09-22T19:03:53+00:00
391,Semaine de la médiation : une alternative pour résoudre un conflit - rci.fm,Google Actualités — médiation de conflit,2025-10-15T07:00:00+00:00,https://news.google.com/rss/articles/CBMipwFBVV95cUxPWnpFRVF1SFc4SlhZVlkyVzVaNmduRWQ0RWlxbzBPcURLb21WMjRQTmxQZkdfT0N4QXJwbkpFaG5BNTRibUtsbkN4WlEtR1FjQUs3TVRQUVlsZVp6dWlwV2ZVRUhUb3gtR1BiOXdKUVlGUEVwcWdqWndHX0lra1drREotNy1LS0puYzJPNUExNjlTeGhpLWI5WkIyRjgyTXczSGZRd3ZGNA?oc=5,Semaine de la médiation : une alternative pour résoudre un conflit rci.fm,fr,2026-09-22T19:03:53+00:00
404,Une médiation pour sortir du conflit JDE Peet’s à Andrézieux-Bouthéon - mesinfos,Google Actualités — médiation de conflit,2025-10-06T07:00:00+00:00,https://news.google.com/rss/articles/CBMixgFBVV95cUxPWW1kNms0cGs2ZkVUaGRVOEdTQ2taMHJhcGhUUFFjNWFHZ09zX196WHUzY2JfeUJNQ0pNN2NIczg3VEs2U1Z6YVBPYWFkenl0eWpmQzB3VS1WMmtwZFo2MUlhZmRpUWJpSjlsaGYzTTE1VG12TENpdU9UOXF5ZlJnQVljalRncXNQZkFXQXNYTDlvZGo2eGdqbk5TWUIwSlhEVTBxRmlUU3huVzQtd1VYaGZzNWp2d3BUbmk4SWM1N2RhNl9JSkE?oc=5,Une médiation pour sortir du conflit JDE Peet’s à Andrézieux-Bouthéon mesinfos,fr,2026-09-22T19:03:53+00:00
407,Conflit à la Saur : arrêt de la médiation - martinique.franceantilles.fr,Google Actualités — médiation de conflit,2025-09-30T07:00:00+00:00,https://news.google.com/rss/articles/CBMirgFBVV95cUxQVFZWNThNRVlfM1I5VzRGY05KSG5pSUV1Wk5OT2NLQlJDQmlHbUlRWTc2UVpwOHhuS2Q5bGVQem10Z0NXZG5JdkstczI4bHN4OWlQZTR4dFVqSkdmek5nU3R2M2FwYUdBU3VVb1d5NzZjd2hBNjJXazlmTDdYTWVQQTlpd3BqVUFTTjRJZkt5M3pUYjdSWEJ3NXZDOGcteWpQUHJsYktQT0pVMDhVN2c?oc=5,Conflit à la Saur : arrêt de la médiation martinique.franceantilles.fr,fr,2026-09-22T19:03:53+00:00
387,Guerre à Gaza : le Qatar menace de se retirer de la médiation dans le conflit - Sud Ouest,Google Actualités — médiation de conflit,2025-09-10T07:00:00+00:00,https://news.google.com/rss/articles/CBMi3AFBVV95cUxNT2hmRWFNR0ZGZjBRUXNkTHFBR25EblNfM3FRYTFaNTEzU2tfRTExMGNqbWhYcU5Vd1dKNlR0XzV3Q3RWSHM1Z2g5M0JjbUJSVWNMVlJoT3cySUFYUF8xbDJDQTBvRmVzaEh0WHR3VVNONGRYQ05HdjhBVU1xVTB0TXJnR0VMdHVxd1pocThzV29pV2x1NnliV1JILWVSZFpiNzh6cmhkSDVvTTZ1cV9Jbnp1V0dfckNnNXF6aGNoaUxheWRGaENRSTlIWFdQb25lSGJqNklZRFhsdE1v?oc=5,Guerre à Gaza : le Qatar menace de se retirer de la médiation dans le conflit Sud Ouest,fr,2026-09-22T19:03:53+00:00
369,TOP 12 des meilleures formations en gestion des conflits 2026 - Culture RH,Google Actualités — médiation de conflit,2025-08-25T07:00:00+00:00,https://news.google.com/rss/articles/CBMiX0FVX3lxTE45VGhBNndrRlhUNURhNjRVVDJYY3BnRFdPVjZsMmVDaVJnVk9FZkN4NlFibF9DTkZub1dhSnVDWlB4SXAtSEdDdkFRY2djQjBRVURITDA3LS1NVTNUeXhJ?oc=5,TOP 12 des meilleures formations en gestion des conflits 2026 Culture RH,fr,2026-09-22T19:03:53+00:00
416,"La Thaïlande ""prête"" à une médiation de la Malaisie dans le conflit avec le Cambodge - rts.ch",Google Actualités — médiation de conflit,2025-07-25T07:00:00+00:00,https://news.google.com/rss/articles/CBMizAFBVV95cUxORVRXZDQ5Y3NCb1N2dGxFUWlpUFBYT2l2bWx3UFBqR3ljQ1NnalRxSWFIS2pHYnFhc0lIRHl6M0ZhZUZIZm9KVWtqcnpPaktVSmM4YXpBazJGWHB4ckVEbnhyTVN3eElNM2pCRzN6d0FPX1hMbXN3QzZEenZxN0pRcmZ6bWd6RWswalRUVWNpM0ZIbzdMNGZJVTFSV2RUclYtTzJpZ1ZXS2lIVmZDSkN2elJ0bk1TVjc1a2hUd214TGFhdXJJUDdJNF9LV1E?oc=5,"La Thaïlande ""prête"" à une médiation de la Malaisie dans le conflit avec le Cambodge rts.ch",fr,2026-09-22T19:03:53+00:00
393,Pourquoi Poutine offre sa médiation dans le conflit entre Israël et l'Iran? - icibeyrouth.com,Google Actualités — médiation de conflit,2025-06-18T07:00:00+00:00,https://news.google.com/rss/articles/CBMitgFBVV95cUxPWktCVzR3ZVBITTZBTVJuaXRxQjExQVp3bjJxS29pX0tvT2JkWWtUODFrUUZwM1l4YmVLY1FmS2NWcFI1M2JTY2VmUV9ObWMwQ2VUN2NhRWhvck43c2lnLVo3UnYyLUxxUWJqT19PQlZTb0RIVnUxMjhWZElCS3Q2OXdSOVZLZHJRckxsN1FvU3NCRUx1WmRTNDgyZmtVcm5rQmdrY3lBZ2lzcEUtOTFGdlpXcWpGQQ?oc=5,Pourquoi Poutine offre sa médiation dans le conflit entre Israël et l'Iran? icibeyrouth.com,fr,2026-09-22T19:03:53+00:00
381,Pourquoi Poutine offre sa médiation dans le conflit entre Israël et l'Iran ? - l'Institut français des relations internationales (IFRI),Google Actualités — médiation de conflit,2025-06-18T07:00:00+00:00,https://news.google.com/rss/articles/CBMiwAFBVV95cUxOWWdJSWdYcjRrTnJsc19hU3oyOGtiUEN0bWlCbENsTVo3QW5DeDk1dGhQWGcwMGJLcXNKVW1nZlB0Z1lTazBKZkZqMnB2eFotcGhQcHhuWWgyRDRsUDZKUDE5T0ZjOW94T3ZyNFNuOHdQeW9jOGhLLUkwRkdkWEdMdXF2RDdHaG4xc21lbUNWU1o2YWNDTVBPOGpSTENzYkpwdEM1X3JNSHc2SnE5ZGNSWkpjN2JSd0JDNDFfWTdFNWg?oc=5,Pourquoi Poutine offre sa médiation dans le conflit entre Israël et l'Iran ? l'Institut français des relations internationales (IFRI),fr,2026-09-22T19:03:53+00:00
419,Iran-Israël : Donald Trump dit «possible» une implication des Etats-Unis dans le conflit et se dit «ouvert» à une médiation de Poutine - Europe 1,Google Actualités — médiation de conflit,2025-06-15T07:00:00+00:00,https://news.google.com/rss/articles/CBMiggJBVV95cUxQcmpMc1BNdWxmTFl1MEM4WVlEeEt0Y2FGN0k5ZE1yb3VteHQzM3FxNGdmQ1VWTDZxeHlHUVpTSzcxTVUwX0kyTEMxd2R0Yk9OOTc0YjdqQzFFc0RXM09ucjFnU1J2ejI0MUhORmtpb1pFbU5qNW5hZzNKNHZBWjhVX2RmSkJuSTg5Skt3SHVCYjRsZ0Y3LWFMUFNEdUQtcUpZQ1M4M0xFVUZoVi1CNkxEeVQ5a09YUW9fYmxzVUpaNnRrVF9GMF9RM0hrMlRNTWRzdXZlTTI4bThzTHlMN09BTVhDZHY1V0doNGp5dEVrWlZsRXV1SkxkVzllYnVKekU1OFHSAYcCQVVfeXFMUGJmVUlsVnlkMGQ3UG9vejNaR1l5ejRHSk5Wbkl5NlVGU3lnR2cwQ0ctQjBjYXRySUlVbnNoT1VrVmNmb2dnYl85Z2t4eUVVSnFmU2dvVmpGZEthNHVFX1lxLVZ6Zy10UWRPazBkVmFpa0p2ZTBCX05XblRqQkl5c0JsU25LU1JnV180R09WUXhCTGgzNEdmOGlGSFdxM0JRNThlbG9Od2Nta0hDU2lUSXlZeGFSQVVxeHhINTRQSGVQRVlOVF9kaFhEUlRncF9PX0ZsNGRTbkxQbzJlclM4cS1iSmxHMGVsQi15MWExWUJfTmFlZ212Vk4zbjRROHdNNXFxbHVGb1U?oc=5,Iran-Israël : Donald Trump dit «possible» une implication des Etats-Unis dans le conflit et se dit «ouvert» à une médiation de Poutine Europe 1,fr,2026-09-22T19:03:53+00:00
398,"Conflit Israël-Iran: Donald Trump dit être ""ouvert"" à une médiation de Vladimir Poutine entre les deux pays - Yahoo Actualités",Google Actualités — médiation de conflit,2025-06-15T07:00:00+00:00,https://news.google.com/rss/articles/CBMihAFBVV95cUxQSFFpWkM1dmVaMHRmLWdiU0RleEFKSjhxSUE3UEtpcVVzOVhQN2hSWXBBcVZhTlhmZl9uRGV5T05BTEEzZXViYjBzbkZmQ1JqRDA0Sy1DWDhMRlBBUkNkcXdJeGliTHZjNGtCeHNGU05LZVY0RmR4REk4S0d5QjVaeF9nUHo?oc=5,"Conflit Israël-Iran: Donald Trump dit être ""ouvert"" à une médiation de Vladimir Poutine entre les deux pays Yahoo Actualités",fr,2026-09-22T19:03:53+00:00
414,Des médiateurs formés pour gérer les conflits au travail - L'essentiel,Google Actualités — médiation de conflit,2025-05-24T07:00:00+00:00,https://news.google.com/rss/articles/CBMitgFBVV95cUxPaWJ0VGNmTTQ4SWhFalFJOElOdnM1SmdWNC0yRVdVOGE0WTRvaVhNN3hIcExtTEQtNEgwQ3hmd2NpNXNhVXpVUTdYYzIzUVBtcXE1SDZQN21DVTc4S21Id0FvOThHeFIwc0NFYlk3Ujh2bEFIN3ZuMWt1UXdzZGdfRGxjdjBRUEp4V3ZwYU5pVUxzOXg3c2V6QVRoU3YxSG0tanhVMy1WbjJBRUpMOTNUdm9tWGhXZw?oc=5,Des médiateurs formés pour gérer les conflits au travail L'essentiel,fr,2026-09-22T19:03:53+00:00
390,Renforcer la médiation interne face aux ingérences extérieures - ISS Africa,Google Actualités — médiation de conflit,2025-05-14T07:00:00+00:00,https://news.google.com/rss/articles/CBMiqwFBVV95cUxQdm9rLXlPazhQWURPUFRsOTVSZkNzZjdBVGdVV1A5SF9CeUVNZ1l3bEUyZnh0ODd0RV9qdVRpNGwyaG9GZ3ViM1VHVlFrRFBoZ0FVWnRidlBnYVNxVVNFRjdUSkc2d2p2ZjJqT2VkeUtWQmFDeTBIazVOcktsYnBaZncwN3QzaHdKOGJUZ1hCa3lWUFhTV1FBakcyRzJCeXRlZGo0cDBKcVFGaVk?oc=5,Renforcer la médiation interne face aux ingérences extérieures ISS Africa,fr,2026-09-22T19:03:53+00:00
411,L'Égypte Face Au Conflit À Gaza : Les Dessous D'une Médiation Complexe - i24news.tv,Google Actualités — médiation de conflit,2025-04-22T07:00:00+00:00,https://news.google.com/rss/articles/CBMiywFBVV95cUxQWnc4V25XeWJPbjl2NC0wWTNTSjRTWWxTVnVRZW5DRllWUDdIRnZCMU5fbTJ1c05QTk8yaHVCSFFfVG5Rbk9VZnFYNFpuRFpCQ0MwVFhObG9fRXpINzFEZjc3eGR4djFST2ZxQWxodGM0NUJoNUlNX2dfaFYxOTZTazJ6eENfazk1bkgxMGxFbWd0ZWRjVWZkcEUtXzdDMkZOczRhVndWUXNHdWhORlhfUWhPdE96MHd1WWZhRDVVSTEyTmpWNE5WeV9USQ?oc=5,L'Égypte Face Au Conflit À Gaza : Les Dessous D'une Médiation Complexe i24news.tv,fr,2026-09-22T19:03:53+00:00
401,"RÉCIT. Conflit DAZN - LFP : échec de la médiation, énième rebondissement d’une histoire tumultueuse - Ouest-France",Google Actualités — médiation de conflit,2025-04-16T07:00:00+00:00,https://news.google.com/rss/articles/CBMijAJBVV95cUxQTmZwYVFVVURKc1ExYTV5RHJqUGg2bTVGOFBpemd6eU1JQ05aX1VpXzh0TDhWQW1Oa3YtRVhPdnhlMWtfcFY3U3c1MEg0UmFvUm91bFFHSzNVc2RIQXBZREVKOW9wMmx1dVpQRnl3dGdkeXRReEp0Y1VLNjBndGd2N3F6aXpBTzRkcFJadzhGY2E0VWZWN1JxeUcwNkozRDRDdzBEZlBiRnF4ajY4WjM5ODFkSjZQLWE1WnZhQmgzZG1SYlhrNmFZODJKMUVEcVhYVVNvRmZYNzN5enF1clIwVlFDcXBXNEs3dlF5WERTUTl6Nmd2Zkw3WTdyUE5KdEZKSzJia0JKWW9ybENZ?oc=5,"RÉCIT. Conflit DAZN - LFP : échec de la médiation, énième rebondissement d’une histoire tumultueuse Ouest-France",fr,2026-09-22T19:03:53+00:00
372,Médiation : les maires ne peuvent pas tout régler - Maires de France,Google Actualités — médiation de conflit,2025-03-25T07:00:00+00:00,https://news.google.com/rss/articles/CBMilAFBVV95cUxPTTBfcEx2OV9fMEw2b05VektzNTczaDRqdXlJNWNvdkdQZzlQbTBSSHNzQXhJVmZfaVJwUVdPNHpiOUt2ZmRSM2pKS3plVlh3SWdaSVpkVVc5R0xmbVExdF9qU001Z21qdExiY253elQ0MWVORlZocEFudWNSUS1XUThZMk1idWt2MWo0b3lkZXFWNUk4?oc=5,Médiation : les maires ne peuvent pas tout régler Maires de France,fr,2026-09-22T19:03:53+00:00
376,"Médiation judiciaire : ""Elle est un chemin vers soi et vers les autres"" - mesinfos",Google Actualités — médiation de conflit,2025-03-10T07:00:00+00:00,https://news.google.com/rss/articles/CBMivgFBVV95cUxOZ1NjMHdxUkFoZzNpZG9TQ29KN3NKMnNVa0tFQUpRV3J5ekp0Uk80d0UyMG1QNkwtUUtHOHQ5ak1QLXpVcGZPdnZiRGNHbXM0dlo3RGxSdFZvc01KclNHTy1oWGVBUEZ2aVNQeDZCSkhWT3N5d1ZDS2MwV3otYmJNWmhOMEJONUliU0JrbHdoRThTVDJ4TDJteTBBM0J6MnIwM09sQ19CbzRvVURYRXF2RE1rNXlNNUVRWnBFYkZn?oc=5,"Médiation judiciaire : ""Elle est un chemin vers soi et vers les autres"" mesinfos",fr,2026-09-22T19:03:53+00:00
365,Amely Médiation : la fin des conflits de voisinage ? - Viva Villeurbanne,Google Actualités — médiation de conflit,2025-02-27T08:00:00+00:00,https://news.google.com/rss/articles/CBMipAFBVV95cUxNN1czdE5nQUJCdDFvekstVmFISFhaQVhHX29KdUlHZE0zRGw3RzFnQXl4c1J1MURjRS1WYXBFV2k3ZllvY1hXUlNiVDFNWVYyN2Y4LTNCa0tqbExCcEdRcTdhd0ZzakNxa2oxQkJqSGJOUkZFdHBJdFF4U0hhX2N2dVVqUy1WUW84QUZlSF9JZUhKSG1oVHllOXRDekdTWjN4TTczMg?oc=5,Amely Médiation : la fin des conflits de voisinage ? Viva Villeurbanne,fr,2026-09-22T19:03:53+00:00
380,"Conflit en RDC : la tentative de médiation du président kényan, William Ruto, accouche d’une souris - Le Monde.fr",Google Actualités — médiation de conflit,2025-01-30T08:00:00+00:00,https://news.google.com/rss/articles/CBMi9gFBVV95cUxQSGZJdVdMc3VlVGtUYnJMUTlWSnhuemgwbk54bEVsdFdJYlY5bG8xSmZJZVczVmpiZndkcE9QWFMyZ2pRZ2VDT2Nra0pMVDRRYVdiSF84OXVROTRMM2YyaTlQTHdLQ3V1VTNNR3BlanJiZGJmWnQ3Z0tFRURwYlU2eHRjYXN2T2RhRG4zUnJMdkdRMUpmQnlyaDdVTkJlRk1XSy1UVlhwcDN4OVh3bDVIbHhBSG9DMGVIeEh2NWtiV2lVcTRBSWVySkxtRFc3Tk9ZN0hubGszZTlWUmVnVTJucUtBU1dhSXZQakR6RVBuOWpYbWdXM3c?oc=5,"Conflit en RDC : la tentative de médiation du président kényan, William Ruto, accouche d’une souris Le Monde.fr",fr,2026-09-22T19:03:53+00:00
399,"« On peut sortir de la fatalité » : Théophile, médiateur spécialisé dans la résolution des conflits - Ouest-France",Google Actualités — médiation de conflit,2025-01-18T08:00:00+00:00,https://news.google.com/rss/articles/CBMihwJBVV95cUxNOENZOHYzVWVQemtvRGhkMk02M25nRTM5U0t5Y0F5V25zMkVpOTRHSlp5eEtLd1l0VWQ5dUtuQXl0M3VPT2JVV1ZhZ2g3Vml6UnkxZ0dTT01mdlNwekJmQXF6dEhsN1FXVGVQSjhQREJzbnFneVN4R0V0VHZaR3prTTN3M19JdDUxMW1ZeFVrSHVhcGxzQWtSN1lNOEFUdkRtelFMY040SVBpdlNxeW5rYTQ4RWtLVmVCYldJeUtYUE9KVGhpODhvaldTd2E5bGlvUjJhTVhySkZWVGN6M3dpQnpnUlhINkZ2MVlrZ2ZLa3dHZjZ2UFN0ajFZZWVOY2djTTJQdE4wNA?oc=5,"« On peut sortir de la fatalité » : Théophile, médiateur spécialisé dans la résolution des conflits Ouest-France",fr,2026-09-22T19:03:53+00:00
383,"Sur tous les fronts, la Turquie offre sa médiation dans le conflit soudanais - Courrier international",Google Actualités — médiation de conflit,2024-12-18T08:00:00+00:00,https://news.google.com/rss/articles/CBMi1gFBVV95cUxOUF9fYWZMMmJLb3dGM2RrbURRM2k1Mk9hWENtVElQR19CSG9Vd0VyZ3VfNXZNa0FLMkxTWmZndEZmZWZTelM0YjlUeGFuQ2djb01NNUU1LU9DVG1LQldsVXl0TmpqSm5HLUk3VUZJcTZCT3FtWkV1VHV0QWwzWTVOa2U0ajJ2WmdSM0ZaT2R6V0lQX3lSSWRhcGNNSFF1X2FaOUphOXBLOG1FVXUtSTlCbi1NQ0dOUWQ0eldDQWpqY1hla3NsdVZDWVNkbnkwN2tadjR4cTJn?oc=5,"Sur tous les fronts, la Turquie offre sa médiation dans le conflit soudanais Courrier international",fr,2026-09-22T19:03:53+00:00
413,Les conflits en Somalie compliquent la médiation de la Turquie en Afrique - Atalayar,Google Actualités — médiation de conflit,2024-12-12T08:00:00+00:00,https://news.google.com/rss/articles/CBMixgFBVV95cUxPamJ6Ui16aDVUZjBBWG1OSDFQTWp4RDAxQTE5enZBVkRHTHRuNmc3Uy1uNnFQSnlZRFQ0b0F2Ym5SeFJaSGwxbjBEcjZGTzg3MXZWTTAxWnlpT0RtbDI1R0Exc1RUQkxoel9RcTQwZGlzajI4c2pUM1lMblktNmFURjNrVEdRUXZOMEduclR6VWxLcEI5NmhYUzFjZGhFYkgyUG1HbW00dGdYTThicWlWckg1UlFWNlMyVDhBLVNqUm5mTnZtREHSAcsBQVVfeXFMTXpIa054bDFGVDVqdWg2Q2ZWQUlpMHM4bUpaTGxvWHFCRThiZ3NEN1kxXzNFcGU2NVBGeVFYeDI3Sml1MUdUYmwtMWY0Z053YnY5Wm9SQ2JrUDhMTXFOMXMtZDdpY2tWSmJkZmhtQ2QxYnlGS3pMRzh3ZVJLY3htUG9Vd0pBcjRySkZYd2N1cXJlTVBhMzlqZnVzc1VyVmROOXZCcnJRdFF0TG9McldYZTNKNlE1Y09aX0txejlzUEJjdnFnRnlzc0FvWW8?oc=5,Les conflits en Somalie compliquent la médiation de la Turquie en Afrique Atalayar,fr,2026-09-22T19:03:53+00:00
409,"La ""médiation interpersonnelle"", nouveau mode de résolution des conflits entre agents (rapport du médiateur de la police) - AEF info",Google Actualités — médiation de conflit,2024-10-10T07:00:00+00:00,https://news.google.com/rss/articles/CBMi6gFBVV95cUxNSC15LWlCYlEzV2FZeVRaOHZzSG5OQ1R3RWxTOFlISWo0b2U0ckJhYWtqN3J4Z3N1dkdabGlTTU1ad3g1QWk0TXp0aVdSTXZ2cmU4RGE5LVU1LUxjMmFlLXhoSV9rLUxKd2ZCWTMwU3pucV8tNjBoQWhFZ2Q4NTZZQUoxLTB4WU5CQnFrY1AxdDM4dVc2MVdIcEE3aGlxMGJiRFl6YUcyenpKaTdNLXlCNmVDZ3lleEtOaHlNVnFhbWxmbnluLXZaamoxWEZDVHVQcFJZZ3N2amFBcEpGemlCTUlZeFQzVXpfV3c?oc=5,"La ""médiation interpersonnelle"", nouveau mode de résolution des conflits entre agents (rapport du médiateur de la police) AEF info",fr,2026-09-22T19:03:53+00:00
392,"Nord Franche-Comté : la médiation juridique et de gestion des conflits, alternative efficace au procès - ici.fr",Google Actualités — médiation de conflit,2024-09-17T07:00:00+00:00,https://news.google.com/rss/articles/CBMi6AFBVV95cUxQaHdmcUZwVU5Ua25KWmlMbkk1QXdXUDN0ZU1MaUkxOXFIYmd5MDk1Yjc3dUZZMGdXTmxPOVhuNzQ4V2M2WkZPNG5GbGF4VUYwSEk0ekh6V2FYOFg5aVR4NFpmM21mMDh6c1VaM2pzX1JYMENDZks2QVI0VkkyeXQ1THBHZWgyTkwxeHQzYWV6Z05kNHVBWHhVTkp5R2FkNi1iNWJkUXJ4eFZkQ3R1Smhsbk8xelRaQmNaZFpsdk9tOTVfdFJOVmNqSldRZjlGQjBMbnR4cmN1djhhM2NYeUdZQjZOQXRJeHBJ?oc=5,"Nord Franche-Comté : la médiation juridique et de gestion des conflits, alternative efficace au procès ici.fr",fr,2026-09-22T19:03:53+00:00
367,Médiation collective : éclairages sur cet outil de résolution des situations conflictuelles - Éditions Tissot,Google Actualités — médiation de conflit,2024-09-11T07:00:00+00:00,https://news.google.com/rss/articles/CBMi3gFBVV95cUxQTUtjN1dOZFFQOTJRcW1TQ2xVLURydWl1U3NZaVBwcjVwZUZMeTctU2xhaDVSZEVvOVJjRnRLUXBodnNNWjNsS2VubjhLM1BqMU5fUzRNS055cmJPSk1pZXF6ejN4OXBYdFVkWTdYWVZVc0FhbDd2ZUFFVnB1YjhJdDltMHVhUHVEWlNWLUtnc051ZEZ4T2dKRGo0SEM2MnJKclpjd05yeUxUTGZ1bEVoVG9Hb3dfMWdYeS1UVVpJdnVNM3hoWTlvYUd4cm1WU2hzLUtvX01mVzlUQ1Y1MEE?oc=5,Médiation collective : éclairages sur cet outil de résolution des situations conflictuelles Éditions Tissot,fr,2026-09-22T19:03:53+00:00
370,La médiation de projet par l'approche créative : une arme anti-conflits pour les entreprises - Harvard Business Review France,Google Actualités — médiation de conflit,2024-09-04T07:00:00+00:00,https://news.google.com/rss/articles/CBMizAFBVV95cUxQeVB3V21QNEZpY3ZqUHBYczJLZGRQN09COFdBYVBPeGdxSTRQcjlqVTRWMjFubXZxaGhXRk5nRk9KWmFsalNrTFc5QzAxWS02YkUzRkFvTkF6YWY1b3BFTE1zbjV4TFp0UC04MEtENlJLU2p5M2RKRkhBRURkVlRwMlNqdzllUTBYdkM5SE9zVEk3YzU2b3k0UEJyYnhONTV6TGFFczBWUGNvQ3dOdnE3aU5LbTU5YW8zZDU0dllOUlRnbXF0dkFxTDhpRVc?oc=5,La médiation de projet par l'approche créative : une arme anti-conflits pour les entreprises Harvard Business Review France,fr,2026-09-22T19:03:53+00:00
406,Médiation de l’assurance : une solution amiable en cas de conflit avec un assureur - Challenges,Google Actualités — médiation de conflit,2024-09-01T07:00:00+00:00,https://news.google.com/rss/articles/CBMi2AFBVV95cUxPcXJfY25BWm15MjdWTkFwWlQ4WGdzTmwzS3BGcEhsQnRKVjRsMmtTM21sNjJpbURGOUpVUlhCYUh3OGxhMDhfdERmWmV3T1dhZktuSWRmN25QQUVGVmNGdHRHdDNOd29FSDd3VHliaUdkZ0N2RnZEc0pqZ1RLbTZSVUNNalgzMVFxS3Y4YXBlRFc0NEoyNjgtczZWclpSVnBMRVBSMlI2ZUl0em9BOGZRdVlRTmFJTjA4UHIwUFJRdGhXNmFnVGlqNGdFYk9rc2xSX1F0WVZZbko?oc=5,Médiation de l’assurance : une solution amiable en cas de conflit avec un assureur Challenges,fr,2026-09-22T19:03:53+00:00
379,Réforme des dispositifs de médiation pour résoudre les conflits locatifs - gererseul.com,Google Actualités — médiation de conflit,2024-08-08T07:00:00+00:00,https://news.google.com/rss/articles/CBMivgFBVV95cUxNMXFnQUJfQkhxamZLQXJTNmVadXFGVlpyc3AzQmkxUGp0N3JuWFI1WlFHZFdoVEl3ZndSdFUwdVJHcDd0anRreFU5M1g3Mlc0YWNfTloxTnFEOTlzVmREaWFqcnY1NzJoYkxBa3FhR2o0c3ItNUVEdTBkcTZMNFpGRFhnQl8zMVdxS0FGeE1YMWNOQUFhdGZnelc1b3RnX3FwQWxjelFGY0o5TWlJTjhFaVo4NGlZMnBlb1FRQmdn?oc=5,Réforme des dispositifs de médiation pour résoudre les conflits locatifs gererseul.com,fr,2026-09-22T19:03:53+00:00
384,"Une médiation familiale, « c’est un pas de côté pour mieux se rejoindre » - Ouest-France",Google Actualités — médiation de conflit,2024-06-24T07:00:00+00:00,https://news.google.com/rss/articles/CBMi9wFBVV95cUxNMDdaZlhKYVNkV2dkc0VsQ0Q5dHZSRVBad1Y0b0NzdUw1Vk1GZUk4Y3Yxc3A4UU5RR2VwVVNVNDZRWllzVEtnM2VOc0NvT3BST1ZteFdoZDBSSjlSanJfOVFGem8ySTBDQ3lNbmlWZnV3WE1CQ25VVldqR2lycnRRU2FWdXAxWmRDVEJVUS1VcU1uMjV4UmxVWm9wLXdPSnJFX0t6MEZBYWlzVGNwRFpOU1paTE1wWTZIWmVKNnBPUy1NUEVQWjE4eVJXa2hBQWRIdksxM0NoYW1IRkFUSHZRTXlLcW9XamctdXpVel9URThRenkxSURj?oc=5,"Une médiation familiale, « c’est un pas de côté pour mieux se rejoindre » Ouest-France",fr,2026-09-22T19:03:53+00:00
395,Le Kazakhstan veut jouer un rôle de médiateur des conflits - Novastan France,Google Actualités — médiation de conflit,2024-05-22T07:00:00+00:00,https://news.google.com/rss/articles/CBMijwFBVV95cUxObmtQVXczcFMxUzk3bDA4N1NDemk5bzl1eVVvMnBib0hRLWllVDRmdGQ0aHZFR1BfQzFIX0RDWlRGa0tabE5PdjhBQ0tEaTRrZHZwaHo2OG9Mc0dNOVFiYUlWeXZjUU1Vc29XQllnYmRXZ0dXNXFhUkkxVWZtRFZBTGJCdVNFSDVrM2paclFDdw?oc=5,Le Kazakhstan veut jouer un rôle de médiateur des conflits Novastan France,fr,2026-09-22T19:03:53+00:00
371,"« Les conflits au travail ont souvent des origines complexes basées sur des malentendus, des non-dits » - Actu-Juridique",Google Actualités — médiation de conflit,2024-04-17T07:00:00+00:00,https://news.google.com/rss/articles/CBMizwFBVV95cUxQTVoxbEo1c2xqYkRaclEydlpBd0g0N05KT0xEZTZLZ1p1ekdGNUhFNGhEMzlsenpBaEVpaS0wY29pR3o2N3pGeGF6U2I0LWFTcFlVc0FMQUdJMGJXc280TmxLeG5OUjhxdkJGRFU1S2xpb0J1cWxEc1o4bExZaE93ck9XNHNWa3pJX0czTzFNX0ZhaUlOMVFkRXJSc19WTTc0MUVudi11dEZfQ1BQQTAtWkJfV2wya0htMXE1bDdNbndyQkdZMWNqaC05ZDBES00?oc=5,"« Les conflits au travail ont souvent des origines complexes basées sur des malentendus, des non-dits » Actu-Juridique",fr,2026-09-22T19:03:53+00:00
403,Conflits : recourir à la médiation familiale - La France Agricole,Google Actualités — médiation de conflit,2024-02-19T08:00:00+00:00,https://news.google.com/rss/articles/CBMipAFBVV95cUxQSkl3MERqX1YybEhtdXQ4ZUQtNXJZbkUtNERDUGphRjhoZHVGX044NTQ5NnZnNGJtTnJhcFB2TkkxYS10cEktQ0FJQXBPVTdTZ293N1BLanppekpJSVVRaldzSTBITlNEZHloT2Q5Vmd3RUlMUndHV0xuY3YtZUs4WFZSMG9reTJMcHNBdUxqMFc0cnBhRGptcXJQZ0c1bmw3aFVjeNIBqgFBVV95cUxOSE1uS1p1SmhEcDZyZEJ1R3BhQjRYNFBHRlg5d0lPU1RMWGI5RC1tTHRGWjh4Tm9EU3J6YmZWTldwVllrc3lMQThPek9PcWl2bTVMREdDQlBLQXZYZE1qNnp0ODdjSk5MLV9PVlZEbWVNaEpaVEVWSWllZm1xT1BtTGVkQ1VTaDlCZ2sxNFJfck1YMXZhN0JzNkxoWUhHbWR5NUxydDA3T3BiQQ?oc=5,Conflits : recourir à la médiation familiale La France Agricole,fr,2026-09-22T19:03:53+00:00
373,"Médiation et gestion des conflits, quelle est la place des RH ? - Culture RH",Google Actualités — médiation de conflit,2024-01-15T08:00:00+00:00,https://news.google.com/rss/articles/CBMifkFVX3lxTE1DVUtsVk9yWXVtY0dGZmN4dzFqbl9GV2JBQWFyWjVwb2RoNG13cFFLUl90Q3pxOVRBZzM5SnNoby04dzNWbC05bjdBV2lDNkE0bjRNM0pkajV4QXNBZklIOW9NYm1iQUt0bTEzVTRRdzJJT0Q2RkphSk53LTNyUQ?oc=5,"Médiation et gestion des conflits, quelle est la place des RH ? Culture RH",fr,2026-09-22T19:03:53+00:00
417,CHU : médiateurs pour leurs pairs - Le7.info,Google Actualités — médiation de conflit,2023-12-12T08:00:00+00:00,https://news.google.com/rss/articles/CBMidEFVX3lxTE1idnpwOE5TVHJEdVdfaWhOS1o5cnhOX2VLX21JWlltYlFuNkRLbExPazFGbG9ETEpXNWlrRzE2V1BmQ2tmTDZrUm95NzhHZ0dqcks3MW5ETW81Tl9jWWphX1RLdzktc0UyN1VJWVJqNmFPX0xa?oc=5,CHU : médiateurs pour leurs pairs Le7.info,fr,2026-09-22T19:03:53+00:00
366,Israël-Hamas : comment le Qatar s’est-il imposé comme médiateur du conflit ? - IRIS - Institut de relations internationales et stratégiques,Google Actualités — médiation de conflit,2023-11-30T08:00:00+00:00,https://news.google.com/rss/articles/CBMiqwFBVV95cUxQWkE4X2hwaUNiUDVfWExPd3I1NzVEYzE5N3dPYTEzVVNRTjlaMjQ2LVZSSHZIcElFWTBiRnRpR3k5OTBCVW9yaVlCRWkxYzVtZ1ZRS05ScTdtb1BKMVNZYmM2Ym1uVnlWdk9qSmtvOVZBd3ZuQlNMUldfTkVYMkZDVkJHMlozalNGX0FfazY4c1pILVh1Uno3cjhka0FUX3dNY2FpNm9mNVVnU1E?oc=5,Israël-Hamas : comment le Qatar s’est-il imposé comme médiateur du conflit ? IRIS - Institut de relations internationales et stratégiques,fr,2026-09-22T19:03:53+00:00
402,"Le Qatar et l’Egypte, discrets mais incontournables médiateurs de la crise israélo-palestinienne - Les clés du Moyen-Orient",Google Actualités — médiation de conflit,2023-11-24T08:00:00+00:00,https://news.google.com/rss/articles/CBMitgFBVV95cUxQSTJra0VZVEtLVnJwMF9KQXc5Ukw2LUJUVFlIeXhJQ2QtY05hcm9HY0psb0o0T04xYVBpRVVtaWcyaHllQ1kycFAtR25qTmhSSWtwdXhYSTI4T19VZWkxWmE5bWNfdmNNd0MtQ3RldHk2YXFJOVRVZFhva3VweXhuY2JjNVVveGtSMzZ6NDFtZ0RNam9BYVVObmNIQzRjVkhxZ3RNZE9rUHd3bmJZZHJFOUQ0a1dTZw?oc=5,"Le Qatar et l’Egypte, discrets mais incontournables médiateurs de la crise israélo-palestinienne Les clés du Moyen-Orient",fr,2026-09-22T19:03:53+00:00
415,Comment résoudre un conflit familial ? Les médiations de l'UDAF - ici.fr,Google Actualités — médiation de conflit,2023-11-01T07:00:00+00:00,https://news.google.com/rss/articles/CBMivAFBVV95cUxPSXdTWFpYU01pUUlEd1JfSjJLakJMZVlUeXNvZ2tQRk1MMTlENklwdVBVOXZ1Vm1WdngxUFZLMlVORllqZHMxeWNQWU5tYXk0dF9BZE01QW1wRVJBdEVyRDFUOHpJa2hLT20zcTFLYjhWaExzSGN5U01sZHlzaW1LeFJQY2QybmtEdnJ1Mlg5ZFJ0TGZQNkx6V0NKNC1xWUZsVkROTVhlNG82WWhuWVpiQmVNcXYtak9VRVdDRA?oc=5,Comment résoudre un conflit familial ? Les médiations de l'UDAF ici.fr,fr,2026-09-22T19:03:53+00:00
410,"Nadine Zaretsky, médiatrice ou comment régler un conflit quand ""les gens ne se parlent plus"" - La Montagne",Google Actualités — médiation de conflit,2023-10-19T07:00:00+00:00,https://news.google.com/rss/articles/CBMi8AFBVV95cUxOOE1CX2Y1Z0p0UWp4MzV3RUFTMnFMQ1lZMFZJQ084TDRYdi1JWmswdTJ3bmRLbTNnQ2xUbEU2d0cyMXJ1cjhXdGxHdFRrdTI1WXZBcDhnYnNyOFpqSDFGa3lMTTNkNHE1eDdMdHdtU2oxakdkVnBuQVJtSGNGX3hlMlh5VmVZZktWeUdSeTN0bGpIRElZazB0V1lvME9NMHp5czVVNHhfbXp1dEltZHNhX0h6LS1LQzVndE5PREJkMWRRc19GbG9DelV3aU9lN0lsc0wxT0MxdmNXNmJaU1M5VS1yTndraXZWTmpEdkhsUkY?oc=5,"Nadine Zaretsky, médiatrice ou comment régler un conflit quand ""les gens ne se parlent plus"" La Montagne",fr,2026-09-22T19:03:53+00:00
389,L'Égypte propose une médiation pour mettre fin au conflit israélo-palestinien et appelle à la retenue - lecourrier.vn,Google Actualités — médiation de conflit,2023-10-13T07:00:00+00:00,https://news.google.com/rss/articles/CBMi0AFBVV95cUxNRldFZHpyQTg5eTZ0bl83LTdxUm5xcEk5MWpVUFNBa2pLWk9CbTJ4QzJ2UWRCOGVUQVk4YUdRMHIxYVp4QUxKdmhsbjEyUnFpZEtuQmhEQWl5VkJ5MUVpZGd2dnBpN181OTZQOUdPbmtfYkxwR2ZFdVd5eWxabXZHSExkOXRsVGFITGNKYXYwQVVHOE9SMVRIeVhGRmg0Rnh1TWF3bGNyZWEzRFpDNVpLUi1tUEFLUkkwOVFEa1FyWlhmenVIbTNuX3BDd3g2am5M?oc=5,L'Égypte propose une médiation pour mettre fin au conflit israélo-palestinien et appelle à la retenue lecourrier.vn,fr,2026-09-22T19:03:53+00:00
400,Manche : pensez à la médiation pour résoudre un conflit et éviter le tribunal - ici.fr,Google Actualités — médiation de conflit,2023-10-09T07:00:00+00:00,https://news.google.com/rss/articles/CBMiyAFBVV95cUxOZ3BrdVhZSzlPR3pZeUo3M0JqLXh6enVKUE9zcWN2ZXNWOEc3bWVFT0VfcENTblczY1JyU19RcmVweE9KbVFSb3RRSTNuWGV6SExsbVZZQU1ONGhsTVprdkh1WTVaOWNSWXdhZGJFTTgwM0p2YUNhVkN6TE9EUGhveUZDS255ZlJwMmw5ZGF4YnNXVjVPRU1lYnNwQ1I2UDEwQnBVdXdEOGVwckJpQ29zS0FLQkJ4aDgwRUd2N2I4YXkycDg0LWpNTA?oc=5,Manche : pensez à la médiation pour résoudre un conflit et éviter le tribunal ici.fr,fr,2026-09-22T19:03:53+00:00
418,"Dans le Morbihan, la médiation ouvre une porte aux sorties de conflit - Le Télégramme",Google Actualités — médiation de conflit,2023-10-05T07:00:00+00:00,https://news.google.com/rss/articles/CBMiyAFBVV95cUxOVkdwLVVWLUhsWGxpcG5UQ1JXMW1ReDVmdVN6a3RhV25xdnJVbFRTRmhySWtya1lMTmEwdHdNU05Ob2pWZjNtZHo2R0N6UjFueGJpak1ycWJydWl6OHl1bGdaSUNTeHJiUmt1dVJlYm5LQnAyMGdzVmhkQzdSLWJCQ1Yyd0w5dVJ4c3dGRTZncnlubHpDSUM4QXY4Xy1ZY2IxVmJDUEs1d0RtMXBJY0lwNEY1RUx1ZUNrY1gzZWJSWDVEN0twcHV3ag?oc=5,"Dans le Morbihan, la médiation ouvre une porte aux sorties de conflit Le Télégramme",fr,2026-09-22T19:03:53+00:00
394,Litiges entre entreprises : pourquoi ne pas tenter la médiation ? - entrepreneurs.lesechos.fr,Google Actualités — médiation de conflit,2023-02-28T08:00:00+00:00,https://news.google.com/rss/articles/CBMiygFBVV95cUxNQWsxR0tFRFkzV3F6Nm9zRWV4MDlLUW9fclgzaXZjSFdYSGJ6Q21Za0xobnhZSUtab21jMHpkU3ZrNXJ5T3hWelotRUhsZnFIQXoxZGF3amNLR3BZRjZDLXBFeXBMSXVnN2lubGhsZktTOEF4UlBaM3ZDRjdXRWkzaklPVDFSY1NaZjhrVS1KLVpRQllrN01mNWFGVzcyYk1IM3hmVVdTZHRBcGg5QnUwbEc2eWpmUWg1ZVA2Z25WM3gzbHloUUJVejBR?oc=5,Litiges entre entreprises : pourquoi ne pas tenter la médiation ? entrepreneurs.lesechos.fr,fr,2026-09-22T19:03:53+00:00
378,De nouveaux outils en matière de médiation - Actu-Juridique,Google Actualités — médiation de conflit,2023-02-20T08:00:00+00:00,https://news.google.com/rss/articles/CBMikgFBVV95cUxPTHN3dlV3OXg5MTl1dUxYR29OUUx0TVRYQTNaUVdVbWNJS2VFclE2VW9oVjNRSFo3bFhvSzIxR2NHTzFwLTdGODc5T1EtVWhCVjNxaFRCV0Y4a0Z6SG1RbXJJdnZOQWtWTk5XUUdfc0lJaEU5NFluMmlnNnJYNFJaSVpCT21DeFRfWEU5NUY0SFR1dw?oc=5,De nouveaux outils en matière de médiation Actu-Juridique,fr,2026-09-22T19:03:53+00:00
386,"Le juge et le médiateur, deux maillons de la gestion des conflits - Actu-Juridique",Google Actualités — médiation de conflit,2021-11-17T08:00:00+00:00,https://news.google.com/rss/articles/CBMirwFBVV95cUxQaFlrMm84ZFJVZ2dqZnRvSUdsRmNrdmZ3Vy1TeTB1Y3NYQ0JTWl85ODhuSG1Yd0U5dTZuOFkyWlBJbjhIVFJmcFpfejRlWnRwUDBERDdId1dncmF5NS1uVWJLUW9FenhhNm53Sl9VTXJud2hlRWhlRjhRX3FUWUQ4dlNwREZSZEV1b1llQ1UyUEdmVDUwaW14bWQtSmxOMm1tSjdUazdpenpZVEhZbl9R?oc=5,"Le juge et le médiateur, deux maillons de la gestion des conflits Actu-Juridique",fr,2026-09-22T19:03:53+00:00
